HGNC	mean_expr	max_expr	tau	group
CFH	81.49803921568626	1585.8	0.9675797704628579	top500
GCLC	23.594117647058823	142.2	0.8507594936708861	randomAbove10k
CFTR	8.468627450980392	187.0	0.973807486631016	top500
KRIT1	6.535294117647061	15.4	0.5871428571428572	randomAbove10k
HECW1	0.8431372549019609	7.6	0.9068421052631578	lowest500
NDUFAF7	7.9254901960784325	36.2	0.796685082872928	randomBelow10k
KDM1A	18.829411764705885	67.9	0.7371428571428572	top500
CAMKK1	11.315686274509806	70.2	0.8555840455840458	lowest500
ARX	3.1333333333333337	77.7	0.9788674388674388	randomAbove10k
CDC27	16.84901960784314	39.8	0.5881909547738693	randomAbove10k
CALCR	0.21372549019607845	4.0	0.9655	randomAbove10k
DVL2	16.6843137254902	32.8	0.5011585365853659	randomAbove10k
MEOX1	4.401960784313725	31.3	0.8765495207667732	lowest500
THSD7A	1.4196078431372547	7.0	0.8131428571428572	lowest500
ACSM3	13.768627450980393	166.3	0.9355502104630185	lowest500
CREBBP	16.950980392156865	49.9	0.6735070140280561	top500
MPO	65.06078431372549	3249.5	0.999577781197107	top500
PON1	10.080392156862745	498.0	0.9993534136546185	top500
RHBDD2	88.61568627450981	356.5	0.7664572230014025	randomAbove10k
SOX8	10.780392156862746	92.6	0.9012526997840173	lowest500
FBXL3	26.670588235294126	65.2	0.602760736196319	lowest500
PDK2	41.88431372549019	265.8	0.859270127915726	randomAbove10k
GDE1	27.892156862745097	72.2	0.6259556786703602	lowest500
CRLF1	13.403921568627451	231.1	0.9608394634357421	randomBelow10k
YBX2	10.55686274509804	493.0	0.998158215010142	lowest500
MAP3K14	6.484313725490197	25.2	0.7575396825396825	randomAbove10k
DLX6	0.7666666666666667	10.2	0.9433333333333331	lowest500
PHTF2	10.560784313725494	104.0	0.916423076923077	randomBelow10k
FARP2	11.778431372549019	27.1	0.5766789667896678	randomAbove10k
CDKL3	1.4078431372549016	13.7	0.9151824817518249	randomBelow10k
UPP2	1.5254901960784313	42.7	0.9835597189695551	randomBelow10k
PROM1	12.929411764705884	252.8	0.9678322784810126	top500
NOS2	1.723529411764706	19.6	0.9303061224489798	top500
DNAH9	2.784313725490196	33.1	0.9341993957703927	lowest500
PIGQ	13.123529411764705	29.9	0.5723076923076923	randomBelow10k
CYTH3	14.172549019607844	42.4	0.6790566037735849	lowest500
CELSR3	0.9980392156862746	15.4	0.953896103896104	lowest500
MAPK8IP2	11.621568627450982	103.2	0.9051356589147288	lowest500
HEATR5B	10.61176470588235	28.5	0.6402105263157893	lowest500
MASP2	10.568627450980392	452.9	0.9961978361669243	randomAbove10k
POMT2	3.1686274509803924	11.4	0.7364912280701753	randomAbove10k
IFFO1	6.196078431372549	16.3	0.6322699386503068	randomBelow10k
CD4	31.96078431372549	204.2	0.860352595494613	top500
HFE	5.060784313725491	14.5	0.664	top500
FYN	41.864705882352936	109.0	0.6282385321100917	top500
NME1-NME2	7.464705882352941	47.6	0.8600420168067228	lowest500
BTBD7	2.631372549019608	7.4	0.6572972972972974	randomBelow10k
APBA3	5.247058823529412	14.3	0.6457342657342657	randomBelow10k
TTC19	7.984313725490197	18.7	0.5844919786096257	lowest500
SYT7	11.841176470588238	79.3	0.8676923076923078	lowest500
PLAUR	32.503921568627455	650.6	0.9690408853366124	top500
BRCA1	3.9156862745098038	12.9	0.710387596899225	top500
ERCC1	42.33725490196077	103.2	0.6015503875968993	top500
KDM5D	12.982352941176472	33.1	0.619939577039275	lowest500
MAN2B2	14.556862745098039	48.7	0.7151129363449694	lowest500
MAMLD1	2.550980392156863	11.1	0.7855855855855856	randomBelow10k
CD6	4.470588235294117	40.4	0.9071287128712874	randomAbove10k
UFL1	17.631372549019606	29.3	0.4062116040955631	randomAbove10k
DPEP1	24.703921568627454	477.7	0.9672514130207241	lowest500
IGF1	16.501960784313724	83.3	0.8179351740696279	top500
ATP1A2	88.57843137254902	825.7	0.9105776916555649	randomAbove10k
TTC27	6.931372549019608	11.7	0.41572649572649567	randomAbove10k
HGF	11.170588235294119	292.9	0.9810993513144416	top500
MRE11	7.650980392156862	21.3	0.6536150234741784	top500
NRXN3	9.023529411764706	123.6	0.9455339805825242	randomAbove10k
ZDHHC6	14.48627450980392	40.0	0.6506000000000001	randomBelow10k
GRAMD1B	15.652941176470588	204.1	0.9417736403723665	lowest500
ALAS1	59.0529411764706	697.4	0.9336306280470317	randomAbove10k
GCLM	7.580392156862745	45.3	0.849315673289183	randomAbove10k
DEPDC1	1.1803921568627451	7.5	0.8594666666666665	randomAbove10k
KPNA6	14.572549019607845	37.3	0.6215013404825737	randomAbove10k
VIM	891.4039215686275	5524.1	0.8554063105302221	top500
FAS	5.515686274509803	15.9	0.6661635220125787	top500
CD44	94.9627450980392	469.7	0.8137790078773687	top500
MIPEP	8.496078431372549	23.8	0.6558823529411765	lowest500
TNFRSF1B	12.696078431372547	64.5	0.8192248062015502	top500
BMAL2	3.7509803921568623	26.1	0.8734099616858237	lowest500
IBSP	0.17058823529411768	2.5	0.9503999999999999	randomAbove10k
GRN	131.46666666666667	529.7	0.7668453841797245	top500
ARHGAP31	5.5431372549019615	18.3	0.7110382513661204	randomBelow10k
CENPQ	4.3803921568627455	9.4	0.5446808510638299	randomBelow10k
GAB2	15.117647058823527	54.0	0.7344444444444446	randomAbove10k
SLC4A7	8.856862745098042	67.5	0.8861629629629628	randomAbove10k
RNF19A	27.42156862745098	54.2	0.5039483394833949	randomBelow10k
FAM136A	16.81372549019608	31.0	0.4667741935483871	lowest500
TIMP2	196.83725490196076	933.5	0.8049234065345473	top500
CASR	12.909803921568628	615.6	0.9986094866796623	top500
MFAP3	9.93921568627451	22.9	0.5772925764192139	randomBelow10k
MRI1	12.215686274509803	21.0	0.4266666666666667	lowest500
PI4K2B	11.454901960784312	54.1	0.8040295748613677	randomBelow10k
TLL1	1.0901960784313725	6.4	0.84625	lowest500
CDH1	41.18039215686275	186.0	0.7941720430107527	top500
PARP3	13.31372549019608	33.6	0.6158333333333333	lowest500
RETSAT	38.04705882352941	231.9	0.8526520051746442	lowest500
AP2S1	95.55294117647058	208.6	0.552770853307766	randomAbove10k
CTNNA1	100.59803921568627	201.8	0.5115262636273539	randomAbove10k
HSPA5	186.72549019607845	808.7	0.7844862124397183	top500
XK	2.6999999999999997	13.4	0.8144776119402986	randomBelow10k
FOXP3	1.1607843137254903	6.6	0.8406060606060606	top500
PTGER3	9.54313725490196	81.4	0.9004176904176906	randomAbove10k
HOMER3	29.335294117647056	118.2	0.7668527918781726	randomAbove10k
RAD51	2.829411764705882	22.6	0.8923008849557522	top500
KCNQ1	17.068627450980394	196.1	0.9312187659357472	top500
ENTPD2	3.492156862745099	11.5	0.7102608695652175	randomBelow10k
ATP9A	18.78627450980392	87.5	0.8010057142857143	lowest500
FAM168A	17.3078431372549	57.1	0.7108231173380034	lowest500
GALC	14.541176470588235	32.4	0.5622222222222222	randomAbove10k
KCNH2	8.284313725490195	41.5	0.8163855421686748	top500
CUL1	30.588235294117652	88.9	0.6690438695163102	top500
EIF2AK2	8.431372549019608	28.8	0.721388888888889	top500
ZNF280C	1.6411764705882355	8.8	0.8297727272727273	lowest500
PKP2	15.313725490196079	185.4	0.9357497303128371	randomAbove10k
MSH4	0.2862745098039216	4.0	0.9469999999999998	lowest500
CROCC	7.18627450980392	28.2	0.7600709219858156	randomAbove10k
UNKL	5.213725490196078	13.6	0.6289705882352941	randomBelow10k
PARP12	7.211764705882352	17.2	0.5923255813953489	lowest500
STYK1	2.8176470588235296	16.5	0.8458181818181817	lowest500
OGFR	29.437254901960788	76.4	0.6269895287958116	randomAbove10k
ACAA1	54.07450980392157	616.3	0.9305046243712478	randomAbove10k
GSC2	0.09019607843137255	3.5	0.9937142857142857	randomBelow10k
MTMR1	11.625490196078431	29.2	0.6139041095890412	lowest500
GPC1	39.96666666666667	213.4	0.8289690721649484	randomAbove10k
CASP8	9.229411764705883	44.1	0.8065306122448979	top500
SPA17	3.384313725490196	36.7	0.9259400544959128	lowest500
CCN5	60.60196078431373	904.2	0.951636806016368	randomAbove10k
CTSA	69.55098039215686	312.4	0.7929129321382841	randomAbove10k
SNX24	12.223529411764705	47.9	0.7597077244258873	randomBelow10k
ANKS1A	14.445098039215685	30.5	0.5369180327868852	randomAbove10k
BLTP3A	4.0627450980392155	12.6	0.6911111111111111	lowest500
ERBB3	23.413725490196082	83.3	0.7333013205282113	top500
TBC1D22B	7.9117647058823515	17.3	0.5535260115606937	lowest500
ZC3H15	41.35882352941176	121.6	0.6730756578947366	randomAbove10k
FOXJ2	10.609803921568627	23.7	0.5633755274261604	randomBelow10k
YBX1	361.05882352941177	1910.6	0.8272437977598659	top500
ELAVL1	26.23725490196078	49.0	0.4738367346938776	top500
CD84	3.533333333333333	22.6	0.8605309734513275	randomBelow10k
MPPED2	4.9980392156862745	23.0	0.7983478260869564	randomBelow10k
ZBTB11	4.754901960784314	15.0	0.6966666666666665	lowest500
FGFR2	31.935294117647054	549.0	0.9606666666666667	top500
STAG3	1.1980392156862745	49.8	0.9954618473895581	randomBelow10k
PFKP	45.85294117647059	250.0	0.83292	randomAbove10k
PLPP1	68.63921568627451	257.3	0.747897396035756	lowest500
TNFRSF1A	67.34705882352942	154.3	0.574802333117304	top500
PKM	449.3137254901961	3777.5	0.89867637326274	top500
TP53BP1	10.978431372549016	22.8	0.528859649122807	randomAbove10k
RHOA	299.6490196078431	657.6	0.5552159367396594	top500
IARS2	37.89607843137255	87.0	0.5757011494252873	randomAbove10k
ROGDI	32.2235294117647	96.4	0.679045643153527	randomBelow10k
PDZD4	31.456862745098032	269.0	0.9007211895910783	randomBelow10k
ATP2B3	3.547058823529412	106.2	0.9859322033898306	randomAbove10k
ROCK1	4.564705882352941	17.2	0.7493023255813953	top500
RASSF1	28.347058823529416	79.5	0.6563018867924529	top500
FGFR3	28.89803921568628	256.5	0.905083820662768	top500
ATP11A	9.582352941176469	38.3	0.7648041775456919	lowest500
SDK2	1.0686274509803921	9.1	0.90021978021978	randomBelow10k
DRD4	1.1666666666666667	3.9	0.7148717948717948	top500
NEDD4	6.882352941176471	63.3	0.9090995260663506	randomAbove10k
PTPN3	8.617647058823529	59.5	0.8722689075630251	randomAbove10k
CNGB1	11.527450980392157	557.0	0.9988904847396768	lowest500
CDC42	89.64705882352939	237.1	0.6343399409531844	top500
MGAT4A	14.423529411764704	90.5	0.8574364640883979	randomBelow10k
SNX13	10.10980392156863	19.7	0.4965482233502537	randomBelow10k
FAM3A	28.817647058823525	61.1	0.5389198036006547	lowest500
CYBRD1	68.69803921568628	220.0	0.7014909090909092	lowest500
SLC6A15	1.725490196078431	14.6	0.8994520547945206	randomAbove10k
PRKACA	52.82156862745098	276.2	0.8249312092686459	top500
ADGRL1	13.22156862745098	70.4	0.8284374999999998	lowest500
TFRC	28.835294117647056	98.6	0.7217038539553754	top500
UBE2D1	12.421568627450982	129.9	0.9224634334103157	top500
XRCC1	18.74705882352941	33.7	0.45258160237388734	top500
TP63	9.73921568627451	129.6	0.9433487654320986	top500
LLGL2	17.009803921568626	70.5	0.7739007092198581	randomAbove10k
PTGS2	14.607843137254903	151.3	0.9215201586252477	top500
TEAD2	18.26862745098039	51.9	0.6609633911368015	lowest500
ZZEF1	10.192156862745097	26.3	0.6247148288973385	lowest500
ENO1	445.6078431372549	1002.8	0.5667491025129637	randomAbove10k
ANO8	6.715686274509806	26.8	0.7644029850746271	randomBelow10k
ACTR6	15.617647058823529	27.1	0.4321771217712177	randomBelow10k
TIPIN	4.684313725490196	19.1	0.7698429319371727	lowest500
ACTB	2530.6058823529406	8352.8	0.7109757207164066	top500
PLD1	12.123529411764705	81.4	0.8680835380835381	randomAbove10k
RBM7	8.05294117647059	37.5	0.8009599999999999	randomAbove10k
MLH1	14.750980392156862	46.2	0.6943290043290044	top500
PLXNA2	6.405882352941175	33.1	0.8225981873111783	randomAbove10k
DGKD	5.466666666666666	29.7	0.8322558922558924	lowest500
DYNC1I2	58.04509803921568	153.0	0.6330326797385621	randomAbove10k
FAM76B	5.798039215686274	37.3	0.8614477211796246	lowest500
FGFR1	31.586274509803918	86.3	0.6466743916570104	top500
AMPH	7.566666666666667	61.1	0.893682487725041	randomAbove10k
N4BP2	1.9176470588235293	10.5	0.8337142857142856	lowest500
TULP3	13.786274509803922	34.2	0.6088304093567252	lowest500
EDN1	9.113725490196078	41.8	0.7976076555023924	top500
ZCWPW1	3.62156862745098	35.8	0.9168156424581007	randomBelow10k
BRINP1	4.62156862745098	37.8	0.8952910052910051	lowest500
MYH7B	13.943137254901961	338.7	0.978010038382049	lowest500
TP73	1.0137254901960784	6.3	0.8558730158730158	top500
FKBP7	7.545098039215686	52.9	0.8745179584120981	randomBelow10k
SLC1A3	60.55686274509803	527.4	0.9028820629503223	randomAbove10k
XRCC5	84.95882352941176	164.8	0.4941626213592234	top500
SCGN	5.501960784313726	44.4	0.8936036036036036	randomBelow10k
DDX1	50.333333333333336	148.1	0.6733423362592843	randomAbove10k
KEAP1	35.035294117647055	170.8	0.8107728337236536	top500
DDX43	1.1274509803921569	18.3	0.9571584699453553	lowest500
DCT	2.364705882352941	101.6	0.996259842519685	randomAbove10k
CRYBG3	5.231372549019608	25.0	0.80656	lowest500
KCNN2	3.4529411764705875	30.0	0.9026000000000001	lowest500
PSEN1	22.599999999999998	78.9	0.7278326996197718	top500
HSP90AA1	403.6019607843137	1044.8	0.6259781776416539	top500
DLGAP4	39.46274509803922	124.5	0.6966907630522088	lowest500
AP4E1	3.374509803921569	7.7	0.5729870129870129	lowest500
OSTM1	5.766666666666666	21.7	0.7489400921658985	lowest500
PGR	6.894117647058824	96.6	0.9472049689440993	top500
GEMIN5	5.24313725490196	11.6	0.5589655172413793	randomAbove10k
GSK3B	12.105882352941176	21.9	0.45616438356164385	top500
XPO1	33.19803921568628	68.6	0.5263848396501457	top500
PLOD1	36.41960784313726	78.8	0.5485786802030457	randomAbove10k
NUFIP1	3.262745098039215	7.5	0.5762666666666667	lowest500
SLC27A5	29.607843137254896	989.3	0.9894733650055595	randomBelow10k
ZNF324	3.580392156862745	7.3	0.5197260273972601	randomBelow10k
ZNF264	4.976470588235294	9.3	0.4741935483870968	randomBelow10k
SMAP2	49.42549019607843	208.2	0.7778578290105667	randomAbove10k
GSTP1	537.5823529411765	2859.0	0.8282077649527807	top500
APOB	31.099999999999994	1114.1	0.9915267929270263	top500
BCORL1	3.4862745098039216	10.6	0.6845283018867925	randomAbove10k
HACE1	3.903921568627451	28.8	0.8817361111111112	randomAbove10k
ABCB1	8.92549019607843	96.1	0.9252653485952134	top500
NME8	0.5666666666666667	11.6	0.9701724137931036	randomBelow10k
SEPHS1	28.309803921568623	59.9	0.5379298831385642	lowest500
LAT2	9.554901960784314	57.8	0.8513840830449826	lowest500
ALG9	9.907843137254902	18.1	0.46165745856353596	randomAbove10k
NOX4	4.907843137254903	128.9	0.9811636927851048	randomAbove10k
HSD17B14	21.892156862745093	138.6	0.858888888888889	randomBelow10k
BAX	32.035294117647055	77.4	0.5978294573643411	top500
ATXN7L3	29.225490196078432	92.3	0.6970314192849402	lowest500
CETP	5.250980392156863	56.2	0.924697508896797	top500
MMP2	156.5294117647059	994.4	0.8594408688656476	top500
GNAS	1081.3666666666668	3737.4	0.7248766522181197	top500
AURKA	5.201960784313726	28.8	0.8357638888888889	top500
ALG6	1.019607843137255	1.9	0.4726315789473684	lowest500
DDX18	22.152941176470588	39.1	0.44209718670076725	randomAbove10k
DOCK9	27.85686274509804	68.0	0.6021470588235295	lowest500
DOCK3	2.6882352941176477	18.5	0.871783783783784	lowest500
SMOX	15.427450980392159	62.6	0.7686261980830671	lowest500
DYNLL1	372.80392156862746	997.9	0.6389397735244012	randomAbove10k
TESC	29.18039215686274	310.5	0.9241417069243155	randomBelow10k
RPL6	1159.7137254901963	2702.7	0.5823236023236023	randomAbove10k
P2RX7	3.9431372549019605	16.8	0.7805952380952382	top500
SLC23A2	18.766666666666666	99.4	0.8274245472837021	randomAbove10k
FUS	74.70392156862745	162.4	0.5508004926108374	top500
GRAMD1A	27.639215686274508	87.2	0.6966972477064222	randomAbove10k
BIRC5	4.537254901960784	38.1	0.8985301837270341	top500
GPATCH2L	9.380392156862746	35.4	0.7497175141242939	randomBelow10k
MRPS33	49.92745098039215	162.8	0.7071867321867322	randomAbove10k
ICAM1	31.26274509803922	233.5	0.8834346895074945	top500
SPG21	55.63529411764705	141.4	0.6186704384724188	lowest500
GOLGA3	9.888235294117647	20.2	0.5206930693069307	randomAbove10k
KIF4A	1.52156862745098	11.7	0.8873504273504274	randomAbove10k
DLL3	1.5980392156862746	27.1	0.9598523985239854	lowest500
WDR7	6.427450980392157	20.0	0.6922000000000001	lowest500
ZFHX4	1.4450980392156862	6.3	0.7860317460317461	lowest500
ESR1	9.150980392156864	103.7	0.9299903567984569	top500
ANGPT2	3.892156862745098	15.3	0.7605228758169933	top500
HNRNPC	288.04901960784315	520.1	0.455089405883484	randomAbove10k
TOX4	16.57254901960784	51.0	0.6885490196078432	randomAbove10k
EZR	113.84117647058825	420.8	0.744054182509506	top500
CLSPN	1.2117647058823529	10.6	0.9033962264150943	randomAbove10k
MFSD11	13.623529411764702	33.2	0.6014457831325302	randomBelow10k
GPATCH2	4.545098039215686	6.7	0.3280597014925374	randomBelow10k
COMT	85.07058823529411	268.0	0.6962238805970149	top500
HDAC6	11.919607843137257	25.3	0.5394466403162055	top500
KRT31	6.405882352941176	257.3	0.9946055188495919	lowest500
MSH2	10.982352941176469	32.4	0.6742592592592592	top500
DHPS	35.923529411764704	87.7	0.6021892816419612	randomAbove10k
EPB41L4B	15.452941176470588	140.8	0.9080539772727273	randomBelow10k
TMEM38B	10.892156862745097	70.8	0.8630790960451976	lowest500
PTGS1	17.14313725490196	227.5	0.9431384615384616	randomAbove10k
WHRN	15.219607843137254	121.0	0.891702479338843	randomBelow10k
IKZF5	8.925490196078432	32.1	0.7363862928348911	randomBelow10k
CRTAC1	8.456862745098038	61.8	0.8804207119741099	lowest500
MYO3A	0.5588235294117647	14.3	0.9801398601398601	lowest500
WAC	26.307843137254903	52.1	0.5049520153550864	randomAbove10k
CREM	35.17058823529411	194.3	0.8353679876479668	randomAbove10k
MRPS18A	35.864705882352936	134.0	0.7469999999999999	randomAbove10k
HSP90AB1	516.4235294117647	1321.6	0.6214285714285714	top500
SIRT1	12.545098039215688	28.5	0.5710175438596491	top500
JAK2	8.674509803921566	32.4	0.7469135802469137	top500
IL12RB1	2.823529411764706	22.7	0.8931277533039649	randomAbove10k
ABL1	31.964705882352938	93.1	0.669795918367347	top500
SYDE2	1.3666666666666665	7.1	0.8236619718309859	randomBelow10k
TMED1	22.59607843137255	60.5	0.6390413223140496	lowest500
OCEL1	14.7078431372549	75.7	0.8218229854689564	randomBelow10k
FBXL19	10.343137254901961	35.1	0.7194301994301995	lowest500
SETD1A	5.903921568627451	20.2	0.7218811881188119	randomAbove10k
EFNA2	1.2509803921568627	12.6	0.9187301587301587	randomBelow10k
ZDHHC8	22.75098039215686	43.8	0.49018264840182646	lowest500
SMARCB1	32.360784313725496	77.7	0.5951866151866152	top500
P2RX6	2.0	31.7	0.9556466876971611	randomBelow10k
MAPK1	37.37450980392157	96.0	0.6228958333333332	top500
CARD10	6.592156862745097	33.8	0.8210650887573964	randomAbove10k
LGALS1	758.386274509804	2498.6	0.7104050268150164	top500
ANKRD54	14.149019607843135	38.5	0.6451428571428572	randomBelow10k
MICALL1	11.431372549019608	38.6	0.7179274611398963	randomAbove10k
SLC16A8	0.492156862745098	2.4	0.8108333333333334	randomBelow10k
CENPM	4.6000000000000005	27.4	0.8487591240875912	lowest500
KDELR3	10.266666666666667	33.0	0.7026666666666668	randomBelow10k
CYP2D6	8.0921568627451	386.2	0.9986276540652511	top500
RASL10A	3.8764705882352946	38.7	0.9178294573643412	randomBelow10k
CHKB	10.480392156862745	19.8	0.4801010101010101	lowest500
HMOX1	59.71764705882353	740.2	0.9377087273709808	top500
MCAT	11.923529411764704	24.4	0.5215573770491804	lowest500
THOC5	16.388235294117646	40.9	0.6112958435207824	randomAbove10k
ACR	2.1294117647058823	80.9	0.9931520395550062	randomBelow10k
CABP7	2.0882352941176467	52.8	0.979659090909091	randomBelow10k
ZMAT5	17.284313725490197	34.7	0.5119308357348704	randomBelow10k
MIEF1	8.431372549019606	16.6	0.5019277108433735	randomAbove10k
MYH9	103.95294117647059	530.2	0.820015088645794	top500
EIF3D	108.47450980392158	239.8	0.5585988323603003	randomAbove10k
SLC25A17	9.080392156862745	30.6	0.7173202614379087	lowest500
RBX1	45.51372549019609	93.7	0.5245464247598719	top500
EP300	16.23921568627451	61.3	0.7497879282218595	top500
POLR3H	14.274509803921571	42.3	0.675791962174941	randomBelow10k
TRMU	6.5627450980392155	16.1	0.6042236024844722	lowest500
HDAC10	7.070588235294118	17.5	0.6078857142857143	randomAbove10k
RBM23	38.45098039215686	78.1	0.5178233034571061	lowest500
KIAA0586	5.349019607843138	15.9	0.6768553459119498	lowest500
ALKBH1	2.615686274509804	6.9	0.6333333333333333	lowest500
SIX4	1.607843137254902	14.6	0.9076712328767124	lowest500
ASB2	20.650980392156864	494.8	0.977429264349232	lowest500
HIF1A	60.60980392156863	423.5	0.8740212514757968	top500
SLC8A3	1.7725490196078433	19.0	0.9248421052631578	lowest500
DICER1	8.284313725490197	16.5	0.5078787878787878	top500
YY1	30.739215686274505	62.4	0.5175320512820513	top500
APEX1	77.85490196078432	173.7	0.5628209556706966	top500
NFKBIA	138.05882352941177	960.5	0.8733888599687664	top500
BRMS1L	6.286274509803922	14.1	0.5652482269503546	lowest500
MMP9	16.105882352941176	355.6	0.9738020247469066	top500
ABHD12	43.69411764705883	125.2	0.6640255591054313	randomAbove10k
CD40	12.28235294117647	52.9	0.7831758034026464	top500
HNF4A	9.566666666666668	112.7	0.9334161490683229	top500
CSNK2A1	37.20980392156863	103.8	0.6543545279383429	top500
TM9SF4	24.127450980392158	49.5	0.5228282828282829	lowest500
E2F1	3.764705882352941	32.4	0.9014814814814816	top500
CST3	1038.6450980392158	4698.8	0.7945343491955392	top500
ASIP	1.9980392156862745	34.5	0.9609275362318841	lowest500
MAP1LC3A	70.29019607843138	222.4	0.6976258992805756	randomAbove10k
LPIN2	17.352941176470587	141.2	0.8946458923512748	lowest500
ATG4A	8.474509803921569	18.0	0.5397777777777777	lowest500
ATP1B4	1.4862745098039216	52.1	0.9909021113243763	randomBelow10k
MOSPD1	8.858823529411765	25.3	0.6628458498023717	randomBelow10k
XIAP	7.83921568627451	20.3	0.6261083743842365	top500
RENBP	10.625490196078431	68.0	0.8606176470588237	randomBelow10k
SLC25A14	4.796078431372549	16.4	0.7217073170731707	randomBelow10k
FMR1	11.617647058823529	27.1	0.582730627306273	top500
JADE3	4.439215686274509	15.0	0.7181333333333332	lowest500
HTATSF1	47.556862745098044	170.3	0.7351614797416324	randomAbove10k
CD40LG	1.5607843137254904	14.1	0.9070921985815602	top500
TIMP1	488.456862745098	2942.8	0.8506966154682616	top500
FGD1	2.280392156862745	5.6	0.604642857142857	randomAbove10k
SYTL4	7.790196078431374	49.2	0.8584959349593495	randomAbove10k
CENPI	1.1901960784313725	5.2	0.7865384615384616	lowest500
HTR2A	1.1784313725490196	18.2	0.9539560439560439	top500
FLT1	23.35490196078431	394.3	0.9595840730408318	top500
DHRS12	9.139215686274511	47.3	0.8229175475687104	randomBelow10k
HSF4	13.658823529411768	39.3	0.6654961832061068	randomAbove10k
MAPK3	75.77843137254902	233.4	0.6888346186803771	top500
PLLP	36.021568627450975	200.3	0.8365651522715924	randomBelow10k
USB1	18.10392156862745	30.1	0.40651162790697676	lowest500
SLC7A6	10.1	67.0	0.8662388059701494	randomBelow10k
WDR59	16.482352941176472	35.1	0.5410256410256412	randomAbove10k
NPRL3	13.011764705882353	22.6	0.43274336283185855	randomAbove10k
WFDC1	20.511764705882353	108.3	0.826814404432133	randomBelow10k
TSC2	11.407843137254899	29.3	0.6228668941979523	top500
NOMO3	1.1509803921568629	5.9	0.8210169491525425	lowest500
SLC7A5	23.86078431372549	104.4	0.7868773946360154	randomAbove10k
STUB1	87.55882352941177	207.4	0.5893828351012536	top500
UBE2I	54.24705882352941	102.8	0.4817509727626459	top500
HERC1	11.211764705882352	28.5	0.6187368421052633	randomAbove10k
FAH	24.352941176470587	282.9	0.9321951219512197	randomAbove10k
TMEM87A	30.83725490196079	75.5	0.6033907284768212	lowest500
DMXL2	4.801960784313726	16.2	0.7176543209876542	lowest500
SCG3	14.11764705882353	155.7	0.9275144508670521	lowest500
NBN	12.74313725490196	21.7	0.42101382488479255	top500
CALB1	13.841176470588234	300.4	0.9730026631158454	randomAbove10k
IKBKB	9.449019607843137	22.6	0.5935398230088496	top500
GSDMD	28.688235294117646	116.7	0.769254498714653	randomAbove10k
PYCR3	4.6039215686274515	15.0	0.7069333333333334	randomAbove10k
ANXA13	16.02941176470588	275.9	0.9607393983327293	randomBelow10k
INTS10	27.776470588235288	50.3	0.45673956262425447	lowest500
ERI1	4.25686274509804	12.2	0.6640983606557376	lowest500
GYS1	28.821568627450983	299.1	0.9217118020728854	randomAbove10k
SARS2	9.527450980392157	18.3	0.4889617486338798	randomAbove10k
ERCC2	5.247058823529411	9.7	0.46824742268041236	top500
CD37	25.427450980392155	233.1	0.9087344487344489	lowest500
STX10	42.517647058823535	79.1	0.4717319848293299	lowest500
RETN	7.407843137254902	233.2	0.9875986277873069	top500
IL4I1	2.4019607843137254	27.5	0.9309090909090909	lowest500
CCNE1	3.574509803921569	33.7	0.9118100890207714	top500
CLC	12.858823529411765	426.7	0.9892617764237169	lowest500
PRX	3.937254901960784	33.7	0.9008308605341245	lowest500
YJU2	15.547058823529412	41.8	0.640622009569378	randomBelow10k
PRKD2	15.62941176470588	47.2	0.6822457627118647	randomAbove10k
TJP3	6.007843137254902	40.5	0.8686913580246914	randomBelow10k
TGFB1	26.46862745098039	100.2	0.750558882235529	top500
NAPA	98.95882352941175	208.9	0.5368118717089516	randomAbove10k
MEIS3	18.309803921568626	115.2	0.8578819444444444	randomBelow10k
KDELR1	93.04117647058824	180.1	0.49305941143808996	randomAbove10k
DBP	21.923529411764704	73.7	0.7165807327001356	lowest500
TFPT	17.401960784313726	90.2	0.8232150776053214	lowest500
ATP4A	15.592156862745096	780.3	0.9996180956042547	lowest500
ZNF574	6.996078431372549	27.0	0.7557037037037039	lowest500
SMG9	9.4	31.8	0.7184905660377359	randomAbove10k
DNAJC2	12.541176470588235	39.6	0.696969696969697	randomAbove10k
NAMPT	65.58235294117647	339.4	0.8229051266941662	top500
PON3	15.35686274509804	576.2	0.9928149947934745	randomAbove10k
CAV1	119.42745098039217	582.8	0.8109814687714483	top500
MET	7.3313725490196076	40.1	0.8335162094763093	top500
HOXA3	3.8137254901960786	18.0	0.8038888888888889	lowest500
HOXA6	1.4000000000000001	11.2	0.8925	randomBelow10k
FKBP14	4.764705882352942	13.0	0.6461538461538461	lowest500
HSPB1	1151.5725490196078	6918.5	0.8502227361422274	top500
CYP3A5	19.850980392156863	319.4	0.9566061365059485	top500
FSCN3	1.9607843137254906	95.7	0.9991013584117033	randomBelow10k
MOSPD3	16.215686274509807	55.4	0.7214440433212999	randomBelow10k
SERPINE1	72.09411764705882	620.0	0.9013935483870967	top500
EZH2	4.135294117647059	34.1	0.8963049853372433	top500
AHR	12.931372549019606	46.3	0.7351187904967602	top500
URGCP	18.513725490196077	34.0	0.4645882352941177	lowest500
POLD2	46.73921568627451	114.4	0.6032692307692308	randomAbove10k
CORO2A	5.76078431372549	33.0	0.841939393939394	lowest500
TGFBR1	12.994117647058822	45.0	0.7254666666666667	top500
TNFSF8	3.2137254901960786	25.0	0.88888	lowest500
ENG	87.88039215686277	518.6	0.8471538758195138	top500
KCNT1	3.6431372549019603	53.2	0.9501503759398495	lowest500
RIGI	4.203921568627451	14.4	0.7222222222222221	top500
CXCL12	111.13529411764706	332.9	0.6794833283268248	top500
MAPK8	9.286274509803922	20.3	0.5533990147783251	top500
VSIR	18.40392156862745	87.9	0.8064391353811148	randomAbove10k
MINPP1	9.245098039215687	29.3	0.6981569965870307	lowest500
LHPP	36.437254901960785	388.9	0.9244330161995373	lowest500
DKK1	3.8470588235294123	46.0	0.934695652173913	top500
EBF3	2.2372549019607844	15.8	0.8755696202531646	lowest500
GIT1	29.335294117647067	127.9	0.7860516028146989	randomAbove10k
PSMD3	54.562745098039215	242.1	0.790119785212722	randomAbove10k
MTMR4	13.917647058823526	39.7	0.6624181360201511	lowest500
KPNB1	47.319607843137256	109.2	0.578003663003663	top500
RASD1	56.374509803921555	351.7	0.8565027011657663	lowest500
CHRNE	2.419607843137255	57.6	0.9771527777777778	randomAbove10k
SLC6A4	2.0725490196078433	38.0	0.9643684210526315	top500
SMARCD2	41.73137254901962	90.9	0.5517271727172718	randomAbove10k
CCL2	103.84901960784315	701.0	0.8688930099857347	top500
PPP1R9B	28.235294117647058	107.1	0.7510924369747899	randomAbove10k
COL1A1	191.03333333333336	1248.6	0.8639420150568636	top500
YWHAE	231.82941176470587	654.7	0.6588177791354819	top500
RANGRF	31.41568627450981	87.2	0.6525229357798165	randomBelow10k
NFKB1	13.794117647058824	47.6	0.7244117647058823	top500
UBE2D3	140.56666666666663	451.5	0.7024407530454043	top500
MAPK10	15.619607843137258	73.7	0.8038263229308005	randomAbove10k
WFS1	23.380392156862747	71.4	0.6859943977591036	randomAbove10k
SEPSECS	2.9294117647058826	24.4	0.8975409836065573	lowest500
FBXW7	13.874509803921569	58.3	0.7772555746140651	top500
TBC1D19	4.825490196078431	16.2	0.7161728395061729	randomBelow10k
SH3D19	24.06078431372549	66.4	0.6503915662650602	lowest500
UFSP2	20.64509803921569	52.2	0.6165900383141762	lowest500
PPARGC1A	7.5627450980392155	41.7	0.8350119904076739	top500
CCDC34	8.127450980392156	48.3	0.8483643892339542	randomBelow10k
ZPR1	14.266666666666667	33.2	0.5816867469879518	randomAbove10k
MTCH2	28.037254901960782	108.0	0.7552037037037037	randomAbove10k
HSPA8	555.2274509803922	1423.1	0.6220434263228164	top500
CCND1	31.047058823529408	113.6	0.7412323943661973	top500
ARHGEF17	24.213725490196076	106.7	0.7885285848172445	lowest500
CBL	6.058823529411765	20.8	0.7228846153846153	top500
CALCA	7.97450980392157	167.3	0.9713807531380751	top500
VWF	31.317647058823535	142.4	0.7956741573033709	top500
PRPF40B	13.372549019607844	32.8	0.6041463414634145	randomBelow10k
CAPRIN2	5.937254901960784	16.6	0.6551807228915664	randomBelow10k
METAP2	52.35490196078431	117.0	0.5635726495726495	randomAbove10k
MAGOHB	6.4901960784313735	13.4	0.5259701492537314	randomAbove10k
FOXM1	4.223529411764706	30.0	0.8764	top500
PRR4	134.32745098039217	6404.5	0.9986066047310485	randomBelow10k
VPS29	60.82352941176472	120.9	0.5068486352357321	randomAbove10k
RAD51AP1	2.435294117647059	15.9	0.8637735849056605	randomAbove10k
ALDH2	80.18627450980392	801.4	0.9179411030696281	top500
CDKN1B	43.20980392156862	100.3	0.5805782652043869	top500
VDR	11.937254901960783	221.9	0.9651284362325372	top500
IFNG	0.6823529411764705	10.9	0.9561467889908257	top500
GAPDH	2573.713725490196	25843.3	0.9184190099561589	top500
BLTP3B	9.568627450980392	31.0	0.7051612903225807	randomBelow10k
HCFC2	5.409803921568627	10.5	0.4944761904761904	lowest500
ST8SIA1	2.0686274509803924	6.0	0.6683333333333334	randomAbove10k
NCOA7	26.394117647058827	94.9	0.7363119072708115	randomAbove10k
OPRM1	0.46274509803921576	4.4	0.9127272727272728	top500
MAPK14	24.715686274509803	85.7	0.7258343057176198	top500
IL17A	0.06862745098039216	1.3	0.9661538461538461	top500
MDN1	3.62156862745098	9.2	0.6184782608695651	randomAbove10k
FHL5	11.862745098039216	244.7	0.9705516959542299	randomAbove10k
CRYBG1	12.056862745098039	67.6	0.8380769230769232	lowest500
PERP	82.07843137254902	1079.2	0.9424240177909564	lowest500
ADGRG6	6.352941176470588	67.2	0.9235714285714285	randomAbove10k
UNC93A	1.1117647058823532	18.2	0.9576923076923077	randomBelow10k
SLC22A2	2.9411764705882355	143.6	0.999108635097493	randomAbove10k
CUTA	145.10980392156864	421.0	0.6684275534441805	lowest500
VEGFA	65.5764705882353	255.6	0.7583098591549295	top500
TENT5A	17.137254901960784	213.3	0.938049695264885	lowest500
TBX18	2.127450980392157	34.2	0.956549707602339	randomBelow10k
NUDT12	8.666666666666666	26.5	0.6864150943396227	lowest500
HSPA9	58.90196078431372	180.9	0.6878828081813155	top500
MRPS27	26.65686274509804	80.1	0.6805493133583022	randomAbove10k
PFDN1	52.63921568627452	139.9	0.6362115796997855	randomAbove10k
PDE8B	11.615686274509804	116.7	0.9184747215081406	lowest500
THG1L	4.315686274509804	7.5	0.43306666666666666	lowest500
IL12B	0.10392156862745097	1.2	0.9316666666666668	top500
AGXT2	6.17843137254902	194.0	0.9875154639175259	lowest500
SKP1	426.8156862745098	1010.3	0.5890864099772345	top500
PPP2CA	79.54117647058824	186.5	0.584975871313673	randomAbove10k
NR3C1	20.643137254901966	46.6	0.5681545064377682	top500
PPWD1	15.868627450980389	30.7	0.49276872964169394	lowest500
HMGXB3	15.084313725490196	110.1	0.8802543142597637	randomBelow10k
PDGFRB	47.39607843137255	190.0	0.7655578947368423	top500
EHHADH	13.503921568627453	322.1	0.977236882955604	randomAbove10k
FAM162A	72.26470588235294	191.4	0.6348902821316615	lowest500
OGG1	12.399999999999997	25.5	0.5239999999999999	top500
RNF7	67.52352941176473	138.5	0.5227148014440433	randomAbove10k
PRKAR2A	14.235294117647058	81.8	0.8424938875305622	randomAbove10k
TUSC2	24.921568627450984	59.9	0.595626043405676	randomBelow10k
HHLA2	9.190196078431374	129.9	0.9478367975365667	randomAbove10k
ABCC5	32.211764705882345	137.7	0.7813943355119826	randomAbove10k
PLCH1	2.249019607843137	15.5	0.872	lowest500
NKTR	24.884313725490195	48.8	0.4998770491803278	randomAbove10k
TTL	1.0490196078431373	3.5	0.7142857142857143	randomBelow10k
IL1A	1.6	24.1	0.9522821576763485	top500
PIKFYVE	9.164705882352942	27.2	0.6763235294117647	randomAbove10k
NCL	188.12352941176468	347.8	0.46828637147786084	top500
TP53I3	22.303921568627455	121.5	0.8327572016460906	lowest500
APC2	5.594117647058824	48.0	0.9011250000000001	randomAbove10k
INO80B	27.15490196078431	49.3	0.4581744421906693	lowest500
GRB14	3.656862745098039	43.3	0.9338568129330254	randomAbove10k
FN1	258.53137254901964	2751.7	0.9241676054802487	top500
STAT1	38.88235294117647	137.3	0.731143481427531	top500
ELMOD3	5.947058823529411	11.4	0.48789473684210527	randomBelow10k
EFHD1	61.45490196078432	324.6	0.8268884781269255	lowest500
MOB4	23.488235294117654	91.2	0.7573026315789475	randomAbove10k
PRKAG3	1.9352941176470588	78.0	0.9946923076923077	lowest500
IL1RL2	1.2196078431372548	11.6	0.9127586206896552	lowest500
MLPH	18.492156862745098	133.3	0.8784996249062267	randomAbove10k
ID2	138.7	1136.9	0.8955616149177587	randomAbove10k
SRSF7	43.79019607843138	125.2	0.6632428115015974	randomAbove10k
KYNU	7.496078431372549	82.6	0.9274334140435836	lowest500
ORC4	10.815686274509803	19.0	0.43936842105263163	randomAbove10k
EPAS1	78.43333333333334	419.0	0.8290644391408114	top500
SUMO1	77.85490196078432	162.6	0.5316113161131611	top500
NFE2L2	78.69607843137256	232.4	0.6746041308089501	top500
MSH6	15.001960784313725	44.5	0.6761348314606742	top500
SPR	22.07843137254902	99.2	0.7929838709677419	randomAbove10k
MRPL37	46.07058823529412	157.3	0.7212587412587415	randomAbove10k
CHD5	7.086274509803921	80.2	0.9298753117206984	randomAbove10k
PARK7	277.93529411764706	723.4	0.6281089300525297	top500
HDAC1	48.29803921568626	116.1	0.5956761412575365	top500
SCAMP3	27.66862745098039	80.4	0.6689800995024876	randomAbove10k
RHOU	17.386274509803926	67.0	0.7553134328358209	lowest500
LEPR	11.14705882352941	121.9	0.9267268252666121	top500
MIIP	13.425490196078432	41.1	0.6868126520681266	randomBelow10k
TNNI3K	2.713725490196079	54.6	0.9693040293040291	lowest500
PLEKHM2	37.84117647058823	159.3	0.7777024482109229	randomBelow10k
TFAP2E	0.6352941176470589	9.7	0.9531958762886599	randomBelow10k
KIF21B	4.984313725490196	32.3	0.8626006191950465	lowest500
WARS2	5.454901960784314	9.6	0.44041666666666657	lowest500
HAO2	13.929411764705884	397.7	0.9842745788282626	randomBelow10k
RLF	7.176470588235295	31.0	0.7838709677419355	lowest500
KMO	3.7803921568627445	85.6	0.9749532710280374	randomAbove10k
KCNQ4	0.6862745098039216	3.7	0.8308108108108108	randomAbove10k
RPF1	18.07450980392157	42.4	0.5851886792452831	lowest500
SSX2IP	12.784313725490197	109.9	0.9013466787989082	randomAbove10k
ZNHIT6	4.66078431372549	7.2	0.3597222222222222	lowest500
SLC2A1	14.83137254901961	92.7	0.8568069039913699	top500
ARTN	2.2294117647058824	7.9	0.7321518987341772	lowest500
TSPAN1	52.847058823529416	556.4	0.923120057512581	randomAbove10k
F3	46.38235294117647	125.0	0.6415200000000002	top500
FASLG	0.6705882352941178	5.3	0.8909433962264149	top500
SYF2	53.50000000000001	139.3	0.6282555635319454	lowest500
STX12	33.87058823529412	88.6	0.6300677200902934	randomAbove10k
STK11	28.013725490196084	106.4	0.7514473684210526	top500
KMT2A	7.235294117647059	25.9	0.7350579150579151	top500
APOA1	513.9411764705883	20151.0	0.9939854101533423	top500
CREB1	12.492156862745096	30.2	0.5980794701986756	top500
TTR	13639.264705882351	672504.5	0.9993130752284928	top500
SPCS2	92.21764705882352	208.0	0.5677788461538462	randomAbove10k
CNR1	4.984313725490197	18.6	0.7466666666666667	top500
FBXO30	4.405882352941177	10.7	0.6	lowest500
TNFAIP3	31.082352941176467	393.5	0.939430749682338	top500
ALDH8A1	7.301960784313725	231.1	0.9877715274772825	randomBelow10k
CCN2	176.72745098039212	1230.3	0.8734812647321791	top500
SLC16A7	3.933333333333333	32.2	0.8954037267080746	lowest500
FOXO3	23.958823529411767	81.9	0.7216117216117216	top500
ABCG2	10.531372549019608	83.2	0.8908894230769231	top500
SPP1	294.43137254901956	3270.9	0.9281842917851357	top500
WDR35	4.892156862745098	13.6	0.6530882352941176	lowest500
FGF23	0.41960784313725485	5.4	0.9407407407407408	top500
FKBP15	4.33921568627451	11.3	0.6283185840707965	randomAbove10k
DYNC2I2	22.66078431372549	66.7	0.673463268365817	lowest500
RBM18	8.537254901960782	21.6	0.6168518518518519	randomBelow10k
SLC46A2	1.6254901960784316	24.0	0.9509166666666665	randomBelow10k
KDSR	10.498039215686275	21.3	0.5172769953051645	lowest500
ZBTB45	7.474509803921569	15.9	0.540503144654088	randomBelow10k
VSX2	1.3509803921568628	68.4	0.9998538011695907	randomBelow10k
NPC2	574.929411764706	15839.4	0.982976627902572	randomAbove10k
PPP4R4	2.0254901960784313	15.1	0.8831788079470201	randomBelow10k
RHOQ	36.14117647058824	169.4	0.8023848878394333	lowest500
DNMT3A	7.082352941176471	17.9	0.6164245810055866	top500
CRIPT	3.0588235294117645	9.9	0.7048484848484848	lowest500
IFIT2	8.805882352941175	45.8	0.8238864628820961	randomAbove10k
GOT1	86.17058823529412	944.6	0.9269510904086385	randomAbove10k
KANSL1	9.66078431372549	18.8	0.4958510638297872	randomAbove10k
HOXB3	11.037254901960786	66.6	0.8509609609609609	lowest500
CD274	3.145098039215686	16.1	0.8207453416149069	top500
TNN	0.6784313725490196	11.3	0.9587610619469027	randomBelow10k
SEC16B	4.517647058823529	38.6	0.9006217616580311	randomAbove10k
GORAB	1.8000000000000003	3.2	0.44625	lowest500
PLXDC2	7.866666666666666	28.7	0.7404181184668991	randomBelow10k
TNFSF11	0.7254901960784313	11.5	0.9556521739130436	top500
EGR1	187.65294117647062	729.2	0.7575123422929236	top500
CLU	2389.472549019608	9103.3	0.7522661013039227	top500
ADRA1A	3.2156862745098045	56.2	0.9616370106761566	randomAbove10k
NPPB	95.24901960784314	4819.9	0.9998431502728273	top500
TARDBP	81.60000000000001	126.3	0.36099762470308794	top500
CRISPLD1	6.470588235294117	66.0	0.9200000000000002	randomBelow10k
TBX4	1.4411764705882353	30.9	0.9724271844660193	lowest500
LHX4	0.8509803921568627	14.3	0.9593006993006995	lowest500
NAA50	43.48627450980391	259.1	0.8488074102663065	randomAbove10k
KHDRBS1	55.17450980392156	105.8	0.4880718336483932	randomAbove10k
CCR2	2.5823529411764703	23.1	0.9059740259740261	top500
TNFSF10	50.77058823529412	195.2	0.754702868852459	top500
PIK3CA	6.807843137254903	13.8	0.5168115942028986	top500
LIAS	6.178431372549019	25.3	0.7709090909090911	randomBelow10k
CXCR4	97.3921568627451	1175.0	0.9354553191489362	top500
FLT3	1.1549019607843136	8.9	0.8876404494382022	top500
OCRL	12.905882352941177	34.8	0.6417241379310344	randomAbove10k
ZNF644	11.992156862745096	18.5	0.35881081081081084	randomAbove10k
ZMIZ2	22.874509803921573	60.4	0.6337086092715232	lowest500
HNRNPA2B1	104.06078431372548	172.1	0.4032539221382916	top500
NPY	25.572549019607845	348.0	0.9450459770114944	randomAbove10k
HYCC1	6.929411764705882	20.8	0.6801923076923075	lowest500
TWIST1	4.129411764705883	25.3	0.8535177865612649	top500
CLTA	137.6450980392157	230.3	0.41036908380373416	randomAbove10k
DCAF10	5.701960784313725	13.3	0.5827067669172933	lowest500
AKR1D1	7.96078431372549	398.8	0.9996389167502508	lowest500
NEUROG3	0.1333333333333333	2.4	0.9633333333333333	randomAbove10k
PLAU	17.733333333333334	119.5	0.8686359832635983	top500
CHST3	8.115686274509805	24.2	0.6779338842975206	lowest500
P4HA1	23.858823529411765	104.9	0.788007626310772	randomAbove10k
MED13L	13.1	49.8	0.7516867469879516	randomAbove10k
GIPC1	62.51372549019607	338.2	0.8314606741573033	randomAbove10k
NLN	2.643137254901961	9.3	0.7301075268817204	lowest500
NCKAP1L	9.12156862745098	43.0	0.8036279069767441	randomBelow10k
PDE1B	5.741176470588235	95.6	0.9587447698744769	randomBelow10k
CDK2	12.490196078431373	44.4	0.733063063063063	top500
LRP1	21.64509803921569	102.4	0.80439453125	top500
HOXC11	0.3490196078431373	4.7	0.9442553191489362	randomBelow10k
ATG101	26.333333333333332	42.2	0.38350710900473933	lowest500
MORF4L2	156.8470588235294	359.2	0.5746102449888641	randomAbove10k
RAB9A	23.931372549019603	52.9	0.5585633270321361	randomAbove10k
PFKFB2	14.978431372549021	77.2	0.8220984455958548	randomAbove10k
CTCFL	0.3901960784313726	10.4	0.9817307692307692	randomAbove10k
PREX1	12.77843137254902	49.6	0.7572177419354839	randomAbove10k
ZNFX1	11.176470588235293	27.1	0.5993357933579336	lowest500
SNAI1	5.605882352941177	28.6	0.8200699300699301	top500
SNRNP27	25.172549019607846	67.1	0.6373472429210134	lowest500
ATP8A1	7.9372549019607845	37.1	0.8017789757412399	lowest500
ZNF576	9.841176470588234	17.6	0.44965909090909095	randomBelow10k
ABCC10	11.286274509803922	24.8	0.5558064516129033	lowest500
MOCS1	13.607843137254903	42.3	0.6918676122931443	lowest500
MED20	8.523529411764706	15.3	0.45176470588235296	randomAbove10k
CDKN1A	106.80392156862744	339.5	0.6991163475699558	top500
RUNX2	2.2803921568627454	9.4	0.7725531914893616	top500
MYRF	7.715686274509804	69.1	0.9061070911722143	lowest500
SCGB2A1	73.40196078431372	1903.4	0.9806651255647787	lowest500
SOX9	14.578431372549021	75.5	0.823046357615894	top500
SLC25A35	6.366666666666666	24.3	0.7527572016460904	randomBelow10k
PPP1R12C	97.31176470588234	301.6	0.690895225464191	lowest500
IL1B	13.27450980392157	190.0	0.9487368421052631	top500
C3	214.12941176470588	5062.4	0.9768560366624527	top500
TGM3	44.68627450980392	1777.7	0.994360128255611	randomAbove10k
CD93	19.47843137254902	129.3	0.8663418406805878	randomAbove10k
BMP2	5.625490196078431	19.6	0.7272448979591837	top500
OVOL2	1.241176470588235	7.4	0.8489189189189189	lowest500
MGME1	10.117647058823529	32.3	0.7004953560371517	randomAbove10k
DEFB129	36.00588235294118	1833.2	0.9999661793584989	randomBelow10k
RALY	94.53921568627452	178.5	0.4797759103641456	randomAbove10k
ST3GAL3	15.060784313725494	82.4	0.8335679611650487	lowest500
XRCC3	9.72549019607843	36.8	0.7504347826086958	top500
TUBGCP3	10.488235294117647	29.5	0.6573559322033898	randomAbove10k
IRF3	29.17843137254902	71.0	0.6008169014084507	top500
BECN1	40.02549019607844	89.8	0.5653674832962137	top500
IFI6	164.19019607843134	3349.7	0.9700032838761681	lowest500
RHOJ	10.437254901960786	29.3	0.6566552901023893	lowest500
DLGAP5	3.5607843137254904	39.1	0.9271099744245526	randomAbove10k
RHOT1	17.054901960784314	47.1	0.6506581740976647	randomAbove10k
OMG	10.670588235294119	80.4	0.8846268656716418	randomBelow10k
DYNC2I1	8.652941176470588	37.5	0.78464	lowest500
ZC4H2	4.674509803921569	11.4	0.6017543859649122	lowest500
TRAF2	9.862745098039216	18.9	0.4877248677248677	top500
CRYGN	0.707843137254902	15.3	0.9728104575163399	randomBelow10k
AUNIP	0.9333333333333333	14.9	0.9561073825503356	randomBelow10k
PIN1	68.10588235294118	256.4	0.7490639625585023	top500
GFER	16.81372549019608	49.9	0.676312625250501	randomAbove10k
FBXL16	40.688235294117646	504.7	0.9377689716663365	randomBelow10k
SMARCA4	23.439215686274512	47.9	0.5208768267223381	top500
RNF6	16.050980392156863	31.4	0.49859872611464967	lowest500
GNGT1	34.819607843137256	1760.3	0.9998238936544908	randomBelow10k
MTERF1	6.382352941176471	13.1	0.5230534351145038	lowest500
KDR	6.2901960784313715	29.0	0.7987586206896553	top500
DGCR6L	43.556862745098044	148.5	0.7208215488215487	randomBelow10k
BAIAP2L2	6.8470588235294105	92.8	0.9447413793103447	randomBelow10k
MPST	45.6078431372549	370.6	0.894473826227739	lowest500
RIBC2	1.3941176470588235	28.8	0.9706250000000002	randomBelow10k
CHN1	58.01176470588235	842.8	0.9497911722828667	randomAbove10k
PSMG2	47.529411764705884	81.5	0.4251533742331289	lowest500
CGNL1	12.125490196078431	63.8	0.8261442006269591	randomBelow10k
ELL3	5.874509803921568	54.0	0.909037037037037	randomBelow10k
SPCS3	32.92156862745098	93.4	0.6604710920770878	randomAbove10k
SHBG	2.2	59.3	0.9821585160202361	randomAbove10k
KLK14	0.888235294117647	9.9	0.9284848484848485	lowest500
RAB2B	11.072549019607845	17.7	0.38192090395480227	lowest500
DTD2	4.7333333333333325	8.1	0.4239506172839505	randomBelow10k
AANAT	0.63921568627451	10.2	0.956078431372549	lowest500
MAP7D3	6.058823529411764	27.9	0.7984946236559141	randomAbove10k
DOHH	10.52941176470588	38.7	0.7424806201550388	randomBelow10k
SAT1	320.7254901960784	971.3	0.683193657984145	randomAbove10k
LDLR	19.794117647058822	112.1	0.8398929527207851	top500
THEM6	11.707843137254898	46.6	0.7637339055793991	randomAbove10k
APOE	572.3803921568627	6533.9	0.9306463214925236	top500
ACE2	13.92156862745098	230.5	0.9583947939262474	top500
NCAN	5.350980392156862	98.5	0.9645888324873095	lowest500
KIF1A	16.06862745098039	121.5	0.8851028806584362	randomAbove10k
COLGALT1	14.2	31.6	0.5616455696202531	randomAbove10k
GDF15	28.78627450980392	328.4	0.930590742996346	top500
TNNT3	352.2274509803922	13033.0	0.9924336683802656	lowest500
CYP2E1	195.06862745098036	9697.0	0.9994812828709909	top500
TRIM28	125.46078431372548	239.5	0.485678496868476	top500
MED18	5.007843137254902	14.7	0.6725170068027211	lowest500
SHFL	17.67450980392157	100.5	0.8406169154228857	randomBelow10k
DNMT1	6.705882352941177	24.4	0.739672131147541	top500
ZNF236	2.480392156862745	6.3	0.6184126984126984	randomBelow10k
HABP4	23.431372549019606	109.9	0.8025295723384896	randomBelow10k
AKAP12	28.19411764705882	101.4	0.7363905325443788	randomAbove10k
SH3BP5	38.08431372549019	146.4	0.7546584699453551	lowest500
RBSN	8.874509803921569	17.2	0.49372093023255814	randomAbove10k
G6PC1	7.366666666666666	253.6	0.9903706624605678	randomAbove10k
UBE2D2	38.07058823529412	77.8	0.5208740359897172	top500
CKMT2	99.89215686274508	2166.2	0.9729637152617486	lowest500
TOP2A	10.470588235294116	119.0	0.9302521008403362	top500
KHDRBS3	14.935294117647059	147.1	0.9164377974167234	randomAbove10k
RHPN2	8.150980392156862	33.2	0.7695783132530122	lowest500
C19orf12	20.392156862745097	110.6	0.8319349005424954	lowest500
LGALS3	230.7686274509804	1118.6	0.8095726801358842	top500
CCT6B	4.5431372549019615	117.9	0.9806955046649702	randomAbove10k
RAF1	33.61176470588236	163.1	0.8097976701410178	top500
PPARG	15.343137254901961	153.2	0.9178459530026111	top500
ENOSF1	5.607843137254903	14.1	0.6143262411347518	randomBelow10k
SLX1A	22.182352941176468	83.2	0.7480528846153847	randomBelow10k
PER2	7.339215686274511	16.1	0.5550310559006212	randomAbove10k
RAN	245.4549019607843	537.4	0.5541198362486043	top500
PRKAA1	22.303921568627455	49.2	0.5576016260162602	top500
EEFSEC	8.668627450980393	24.3	0.6561316872427985	randomAbove10k
ENAM	0.7529411764705882	8.4	0.9285714285714286	randomAbove10k
H3-3B	501.2	3984.2	0.8916871642989809	randomAbove10k
HSPA12B	7.025490196078431	29.1	0.7737457044673539	randomBelow10k
ANKEF1	2.0	13.2	0.8654545454545455	randomBelow10k
SNAP25	157.78627450980392	2270.3	0.9491098092763071	randomAbove10k
PCNA	56.90784313725491	361.5	0.8594301521438452	top500
NXT1	15.284313725490197	44.1	0.666485260770975	lowest500
NES	20.554901960784314	151.3	0.8814276272306675	randomAbove10k
CRP	171.7117647058824	8524.7	0.9994542916466268	top500
SLC14A2	0.2568627450980392	4.3	0.9590697674418603	randomBelow10k
ZMYM5	6.439215686274509	21.9	0.7200913242009132	randomBelow10k
USPL1	8.441176470588236	22.8	0.6423684210526317	randomBelow10k
WASF3	14.237254901960785	58.7	0.7726064735945485	randomAbove10k
CHI3L1	57.52352941176471	423.6	0.8814872521246461	top500
POSTN	31.782352941176462	195.7	0.8543484925907002	randomAbove10k
KL	7.341176470588235	127.3	0.9611783189316574	top500
RNF128	11.762745098039215	116.5	0.9170128755364807	lowest500
TCEAL4	195.58627450980396	821.2	0.7770652703360936	randomBelow10k
RTN3	125.66274509803922	620.3	0.81336450104788	randomAbove10k
KRAS	10.096078431372549	20.8	0.5249038461538461	top500
ELP3	14.435294117647059	27.4	0.48262773722627733	randomAbove10k
CCNB1	12.882352941176471	70.9	0.8346685472496475	top500
CD180	2.2235294117647055	21.8	0.9159633027522937	lowest500
VHL	13.41372549019608	25.8	0.48968992248062015	top500
EMC7	64.39215686274508	142.7	0.5597337070777856	randomAbove10k
GNAT2	1.688235294117647	73.0	0.9964109589041095	lowest500
GSTM1	66.4843137254902	569.8	0.9009863109863109	top500
PTPN22	3.5568627450980395	35.9	0.918941504178273	top500
SPIRE1	9.970588235294116	31.4	0.6961146496815287	lowest500
ARF3	76.11764705882354	271.2	0.733716814159292	randomAbove10k
YWHAQ	147.62352941176468	258.5	0.4375009671179884	top500
IL2RA	2.488235294117647	17.5	0.8749714285714286	top500
IL15RA	11.200000000000001	46.2	0.7727272727272727	randomAbove10k
SOX3	0.5098039215686274	8.7	0.9602298850574712	randomAbove10k
DSG1	12.619607843137254	533.0	0.9958499061913696	randomAbove10k
DSC3	12.133333333333333	351.6	0.984800910125142	randomAbove10k
DAGLA	1.9294117647058824	12.3	0.8600000000000001	randomBelow10k
PDGFRA	27.81176470588235	188.3	0.8693467870419544	top500
APC	8.476470588235294	38.7	0.7965891472868216	top500
GOLM1	61.17843137254903	374.5	0.8533724966622163	randomAbove10k
HNF1A	1.1745098039215685	13.2	0.9292424242424242	top500
HRK	0.7862745098039218	7.6	0.9144736842105263	lowest500
CCDC146	4.196078431372549	32.0	0.88625	randomBelow10k
CD36	100.41568627450982	1439.4	0.9488425732944282	top500
MAP3K7	11.182352941176472	20.6	0.4663106796116505	top500
DNAJC14	13.466666666666665	23.2	0.42793103448275865	randomBelow10k
CDK4	55.84705882352941	114.8	0.5237979094076655	top500
HNRNPA1	458.50588235294117	1232.6	0.6405776407593703	top500
CD164	135.41372549019607	337.3	0.6105069670916099	randomAbove10k
RAB11FIP5	5.401960784313726	35.0	0.8625714285714285	randomAbove10k
MDM2	12.482352941176472	30.0	0.5955999999999999	top500
FHOD1	11.988235294117647	119.0	0.9172436974789915	randomAbove10k
AGT	71.57058823529412	1554.9	0.9730503569361373	top500
KCNK1	14.333333333333336	108.6	0.885377532228361	lowest500
DHX9	38.668627450980395	124.0	0.7019193548387096	top500
NIBAN1	26.037254901960786	153.6	0.8470963541666666	lowest500
RC3H1	4.788235294117647	18.5	0.7559999999999999	randomAbove10k
DOCK10	9.78627450980392	35.0	0.7347999999999999	lowest500
ITM2C	197.93137254901958	1020.9	0.8222431188167302	randomAbove10k
WNT10A	1.4411764705882353	8.4	0.845	randomAbove10k
EPC2	14.268627450980393	47.4	0.7129535864978904	lowest500
FLNB	17.9	45.5	0.6187252747252746	randomAbove10k
BORA	2.303921568627451	7.5	0.7066666666666667	lowest500
SCRN1	34.80196078431373	157.9	0.795186827105763	lowest500
TNS3	28.601960784313732	65.0	0.5711692307692308	randomAbove10k
RAC1	148.85686274509806	304.1	0.5207102926668858	top500
IL6	23.933333333333337	256.4	0.924789391575663	top500
TTC5	2.4392156862745096	5.8	0.5910344827586207	randomBelow10k
IREB2	14.98627450980392	27.6	0.46615942028985513	randomAbove10k
TACO1	9.882352941176471	41.6	0.7776923076923079	lowest500
BRIP1	0.3431372549019608	3.4	0.9170588235294116	randomAbove10k
EPRS1	29.35686274509804	78.6	0.6390330788804072	randomAbove10k
IL10	1.2941176470588236	6.5	0.816923076923077	top500
IL1RN	82.21568627450979	1886.8	0.9755543777824888	top500
CDK9	38.88039215686275	85.2	0.5545305164319249	top500
TXN	203.81176470588235	1237.8	0.8520504120213281	top500
KLF4	27.731372549019603	185.8	0.8677610333692143	top500
SLC2A8	16.99019607843137	64.4	0.7509006211180125	randomBelow10k
TLR4	7.823529411764706	30.7	0.7600651465798045	top500
MYC	48.547058823529426	277.4	0.8414924297043979	top500
IL33	21.068627450980394	114.2	0.8318213660245184	top500
CD72	5.413725490196078	60.4	0.9285761589403974	lowest500
HINT2	40.982352941176465	159.7	0.758246712586099	lowest500
YIPF3	74.03333333333333	146.2	0.5034883720930232	lowest500
RIPK1	7.601960784313724	16.6	0.5528915662650603	top500
TAF8	9.40392156862745	23.3	0.6083261802575108	randomAbove10k
TLR2	11.735294117647056	66.0	0.8386363636363637	top500
MGARP	9.321568627450981	215.3	0.9758383650719925	randomBelow10k
TTC29	2.015686274509804	67.2	0.989404761904762	randomBelow10k
FCHSD2	18.67058823529412	43.2	0.5791666666666667	lowest500
YAP1	37.67450980392157	102.6	0.645458089668616	top500
SLC37A4	10.047058823529413	134.4	0.94375	randomAbove10k
ARHGAP20	2.1686274509803916	8.3	0.7534939759036143	randomBelow10k
FXYD2	110.32745098039213	3774.6	0.9901865098288561	lowest500
THBS1	80.76666666666668	371.9	0.7984834632965851	top500
NDUFAF1	16.478431372549014	58.1	0.7307056798623064	lowest500
KIF23	2.727450980392157	20.4	0.8836274509803921	randomAbove10k
CYP19A1	3.3333333333333335	117.1	0.9909649871904356	top500
FNBP1L	14.71372549019608	40.6	0.6503448275862069	randomAbove10k
CYP1B1	13.29411764705882	42.3	0.6994326241134752	top500
ABCG5	2.9215686274509802	59.6	0.97	randomAbove10k
CENPO	3.56078431372549	10.6	0.6773584905660377	randomBelow10k
CYP2C9	34.71372549019607	1607.6	0.9979746205523762	top500
ARL3	12.92156862745098	89.3	0.8724076147816351	randomAbove10k
MYPN	10.107843137254902	269.9	0.9818006669136717	lowest500
HECW2	2.1647058823529415	7.6	0.7294736842105262	lowest500
IDH1	69.75882352941176	501.4	0.8780893498205025	top500
ITGAV	27.417647058823533	74.3	0.643606998654105	top500
TMOD3	10.286274509803922	40.7	0.7622113022113023	randomAbove10k
GLCE	7.970588235294119	40.9	0.8212224938875307	lowest500
FGF2	6.074509803921569	22.8	0.7482456140350877	top500
ANXA3	32.44509803921569	319.2	0.9163220551378446	randomAbove10k
CENPE	1.1725490196078432	9.4	0.8927659574468086	randomAbove10k
ENPEP	9.33921568627451	154.1	0.9581829980532123	randomAbove10k
EGF	5.672549019607843	102.9	0.9637706511175899	top500
PAPSS1	32.01176470588236	108.4	0.7187822878228782	randomAbove10k
RNF185	21.990196078431378	48.3	0.5556107660455486	lowest500
YARS2	5.258823529411764	7.9	0.34101265822784815	randomAbove10k
FGD4	7.37843137254902	27.6	0.74731884057971	lowest500
AEBP2	20.580392156862747	41.3	0.5117191283292977	lowest500
VAMP1	25.182352941176468	108.8	0.7839154411764704	lowest500
RBP5	22.419607843137257	453.2	0.9695410414827892	randomBelow10k
SCAF11	29.817647058823535	84.4	0.6596445497630333	randomAbove10k
LRIG3	11.737254901960785	54.6	0.8007326007326008	randomAbove10k
GAS2L3	1.2686274509803919	5.3	0.7758490566037736	randomBelow10k
LNX2	6.168627450980392	19.2	0.6922916666666665	lowest500
BRCA2	0.5470588235294118	5.2	0.9126923076923079	top500
MAP3K12	10.176470588235293	64.8	0.8598148148148148	lowest500
GALNT6	6.921568627450981	59.0	0.9003389830508475	lowest500
RB1	15.656862745098039	31.8	0.5177987421383647	top500
MBNL2	34.23529411764706	89.5	0.6298324022346369	lowest500
NOVA1	11.978431372549021	64.0	0.8290937499999999	randomAbove10k
ESR2	1.1725490196078432	6.5	0.8359999999999999	top500
EFCAB11	5.370588235294117	35.2	0.8643750000000001	randomBelow10k
BNIP2	23.070588235294117	122.0	0.8271147540983607	lowest500
ANP32A	67.71960784313725	189.1	0.6547223691168695	randomAbove10k
IGF1R	8.227450980392158	19.3	0.585181347150259	top500
PML	28.176470588235297	79.4	0.6580352644836274	top500
CYP1A1	4.796078431372548	61.8	0.9408414239482201	top500
CCDC33	1.0549019607843138	19.3	0.9642487046632123	randomBelow10k
EFL1	7.150980392156862	14.8	0.5271621621621622	lowest500
SEC11A	102.65686274509802	191.1	0.4720669806384092	randomAbove10k
FTO	23.65098039215686	43.7	0.4679633867276888	top500
UTP4	18.47254901960784	60.2	0.7070099667774086	randomAbove10k
RANBP10	11.817647058823528	41.7	0.7309352517985613	randomAbove10k
CTRL	139.82941176470587	7054.0	0.9997808335696057	randomBelow10k
CLTC	78.26666666666667	150.8	0.4906100795755969	top500
PRELID3A	5.513725490196078	16.1	0.6706832298136647	randomBelow10k
ASXL3	0.39411764705882346	1.7	0.7835294117647058	lowest500
MEP1B	11.660784313725491	342.8	0.9853033838973161	lowest500
OSBPL1A	39.39607843137255	160.1	0.7690068707058089	randomAbove10k
PELP1	18.572549019607845	44.5	0.5942921348314606	randomAbove10k
TP53	17.28627450980392	44.0	0.6192727272727273	top500
ARHGDIA	161.65294117647056	302.4	0.47474206349206355	randomAbove10k
TMC6	12.915686274509804	72.3	0.837786998616874	lowest500
SMAD4	8.390196078431373	18.4	0.5548913043478261	top500
PMAIP1	6.447058823529411	83.2	0.9409615384615385	randomAbove10k
ERBB2	33.113725490196074	98.3	0.6763987792472025	top500
SAMD1	25.613725490196078	48.6	0.48242798353909466	lowest500
BRD4	21.150980392156864	59.1	0.6549576988155669	randomAbove10k
PFKL	47.56470588235294	94.1	0.5044208289054197	randomAbove10k
DPP9	17.427450980392155	66.6	0.753093093093093	randomAbove10k
SOD1	319.5019607843137	1537.1	0.8079825645696442	top500
APP	285.3411764705882	669.1	0.5850156927215663	top500
DOP1B	5.192156862745097	24.1	0.8002489626556016	lowest500
AKT1	41.260784313725495	93.7	0.5708431163287085	top500
EMP3	85.64313725490196	306.4	0.7348955613577024	randomAbove10k
ADAMTS10	5.029411764705882	20.0	0.7635	randomBelow10k
SLC6A3	1.9549019607843139	92.9	0.9985360602798707	top500
ERVK3-1	27.89411764705883	39.9	0.3069172932330827	randomBelow10k
TIMM29	8.77843137254902	23.9	0.6453556485355649	lowest500
TM4SF5	11.178431372549017	190.2	0.9600525762355414	lowest500
SLC2A5	14.996078431372547	102.6	0.870916179337232	randomAbove10k
EFHD2	42.89411764705883	164.4	0.7538686131386864	randomAbove10k
SH3BGRL3	268.58431372549023	668.3	0.610070327697142	lowest500
CNKSR1	7.392156862745099	53.5	0.8790654205607477	lowest500
ZNF593	25.83921568627451	104.8	0.7685114503816795	lowest500
TINAGL1	54.78431372549019	305.7	0.837206411514557	lowest500
BEST4	2.1372549019607847	20.8	0.9151923076923074	randomBelow10k
MGST3	186.69411764705882	721.3	0.7559933453486758	randomAbove10k
FCGR2A	22.211764705882352	126.7	0.8411838989739542	top500
FCRL5	2.599999999999999	34.1	0.9422287390029325	lowest500
ISG20L2	11.229411764705882	58.8	0.8252040816326529	lowest500
LYPLAL1	9.164705882352942	39.5	0.7833417721518987	randomAbove10k
SNX27	11.254901960784316	21.9	0.4957990867579909	randomAbove10k
MCL1	131.2117647058824	646.6	0.8130157748221467	top500
DYRK3	4.609803921568627	44.8	0.9150446428571428	randomBelow10k
VASH2	1.1509803921568629	6.8	0.8473529411764705	lowest500
S100A8	2515.270588235294	36526.2	0.9497606649473529	top500
SNAPIN	30.35490196078431	85.7	0.6587164527421236	randomAbove10k
SLC27A3	11.715686274509803	38.2	0.7071727748691099	lowest500
UBAP2L	47.254901960784316	74.8	0.3756149732620321	randomAbove10k
EFNA3	6.664705882352943	94.6	0.948139534883721	lowest500
CNIH3	1.5000000000000002	10.9	0.8796330275229358	randomBelow10k
PARP1	41.101960784313725	141.3	0.7232979476291578	top500
ARL8A	38.87843137254902	157.0	0.7674140127388535	lowest500
OSR1	9.431372549019608	100.1	0.923896103896104	randomBelow10k
GALM	17.26078431372549	112.0	0.8628035714285712	randomBelow10k
CALM2	550.0431372549019	1305.6	0.5902787990196079	randomAbove10k
RPS27A	1348.870588235294	3283.1	0.6009302183911547	randomAbove10k
DUSP11	16.819607843137252	37.6	0.5637234042553192	lowest500
LNPK	10.421568627450982	32.0	0.6878124999999998	randomAbove10k
CDCA7	6.6313725490196065	41.6	0.8574038461538461	randomAbove10k
UBR3	12.313725490196074	81.3	0.8655104551045509	randomBelow10k
HSPD1	146.62156862745098	696.8	0.805370264064294	top500
CCDC150	0.24705882352941175	4.6	0.9652173913043478	randomBelow10k
ACKR3	29.809803921568626	131.7	0.7891268033409264	randomAbove10k
HES6	13.772549019607846	61.7	0.792317666126418	lowest500
STK11IP	10.223529411764705	30.3	0.6758415841584159	lowest500
RBMS3	5.3803921568627455	20.1	0.7469651741293533	lowest500
OSBPL10	7.341176470588234	24.4	0.7131147540983607	lowest500
CTDSPL	18.519607843137255	50.1	0.6429540918163673	lowest500
ZNF660	1.0549019607843138	4.2	0.7638095238095238	randomBelow10k
ABHD10	16.97843137254902	47.9	0.658455114822547	randomAbove10k
BOC	12.327450980392156	42.5	0.7241411764705882	randomBelow10k
TMEM108	4.311764705882353	32.3	0.8838390092879257	randomBelow10k
AGTR1	11.43921568627451	133.2	0.9324024024024026	top500
NCEH1	7.482352941176471	20.2	0.6421782178217822	lowest500
MUC4	2.1568627450980395	31.2	0.9494871794871795	randomAbove10k
ECE2	5.580392156862745	58.1	0.9220309810671256	randomBelow10k
EPHA5	0.7627450980392158	10.5	0.9459047619047619	randomAbove10k
CORIN	2.0	53.4	0.981797752808989	randomAbove10k
PLAC8	35.63529411764706	345.6	0.9148263888888887	lowest500
SNCA	38.75098039215686	263.1	0.8697681489927782	top500
TBCK	4.170588235294118	8.5	0.5195294117647059	lowest500
METTL14	8.701960784313727	18.4	0.5376086956521738	randomAbove10k
MYO10	13.262745098039213	38.1	0.6649343832020997	randomAbove10k
SKP2	5.094117647058824	35.6	0.8740449438202247	top500
PIK3R1	38.12941176470588	116.6	0.6864493996569467	top500
IQGAP2	15.162745098039215	105.8	0.8738185255198487	randomAbove10k
PPIP5K2	15.186274509803924	41.7	0.648537170263789	lowest500
TNIP1	58.007843137254895	197.9	0.7210207175341081	randomAbove10k
H2BC1	0.11764705882352941	5.8	0.9993103448275862	randomAbove10k
DOK3	9.21764705882353	88.4	0.9136425339366515	lowest500
RPL7L1	29.99607843137255	45.0	0.3400888888888889	randomAbove10k
CYP39A1	5.841176470588235	92.8	0.9557974137931033	randomBelow10k
GABRR1	0.507843137254902	22.8	0.9972807017543859	lowest500
ARHGAP18	11.837254901960783	35.1	0.6760113960113958	lowest500
EGFR	12.588235294117647	61.8	0.8122330097087379	top500
IGFBP3	139.7235294117647	1748.7	0.9385006004460457	top500
PURB	9.513725490196078	23.1	0.59991341991342	randomAbove10k
AGBL3	1.4411764705882353	7.4	0.8213513513513514	randomBelow10k
NCAPG2	5.003921568627451	26.0	0.8236923076923078	randomAbove10k
RAB41	1.3980392156862744	53.5	0.9933457943925232	randomBelow10k
ZMYM3	13.198039215686277	35.6	0.6418539325842697	randomAbove10k
IL2RG	36.272549019607844	317.8	0.9035808684707364	randomAbove10k
DOCK11	12.370588235294116	52.2	0.7782758620689656	randomBelow10k
GPC3	33.29019607843137	669.8	0.9693042699313229	randomAbove10k
BIN3	13.470588235294118	40.9	0.6840586797066014	randomBelow10k
PLPBP	27.078431372549016	73.0	0.6416438356164385	lowest500
ST18	2.0588235294117645	21.9	0.924109589041096	randomBelow10k
EIF3H	131.31960784313725	237.9	0.4569651113913409	randomAbove10k
FAM83A	2.1647058823529415	59.6	0.982953020134228	lowest500
CDKN2A	3.9313725490196076	42.5	0.9256470588235294	top500
C9orf72	11.605882352941174	33.4	0.6655688622754491	top500
ASTN2	7.250980392156863	23.6	0.7066101694915254	lowest500
CIZ1	41.558823529411754	87.2	0.5338761467889909	randomAbove10k
LCN2	201.73529411764707	2617.2	0.941377808344796	top500
NOTCH1	6.366666666666666	18.9	0.6764021164021164	top500
COMMD3	39.2921568627451	80.6	0.5227543424317618	lowest500
MSRB2	16.543137254901957	60.9	0.7429228243021347	lowest500
ZEB1	17.933333333333337	56.5	0.6962477876106193	top500
ADIRF	259.6705882352941	2350.8	0.9073302705461971	randomBelow10k
TCF7L2	10.190196078431372	23.3	0.5739055793991416	top500
MKI67	4.1	49.0	0.9346530612244897	top500
CYP17A1	168.70784313725488	8353.3	0.9993995187530677	top500
PPRC1	15.29019607843137	29.3	0.48771331058020473	lowest500
RGS10	36.95490196078431	207.4	0.8382545805207329	lowest500
PAK1	28.398039215686275	118.6	0.7757672849915683	top500
DRD2	4.066666666666666	62.0	0.9530967741935485	top500
ATM	6.439215686274509	25.8	0.765426356589147	top500
KAT14	8.48235294117647	23.6	0.6533898305084747	lowest500
MTA2	39.23725490196078	111.2	0.660089928057554	randomAbove10k
CHEK1	4.380392156862745	28.7	0.8643205574912893	top500
TMEM25	17.294117647058822	49.4	0.6629149797570849	randomBelow10k
TAGLN	1565.2196078431375	13587.8	0.9025031278058261	randomAbove10k
TMEM219	130.45098039215685	302.0	0.5794039735099337	randomBelow10k
HMGA2	0.5137254901960785	4.6	0.9060869565217391	top500
MMP3	13.049019607843137	285.6	0.9733963585434173	top500
CNKSR2	2.8098039215686277	35.0	0.9381142857142857	lowest500
ITGB1	184.65294117647056	662.8	0.7358328304164152	top500
FXYD4	6.4901960784313735	300.9	0.9979993353273514	randomBelow10k
CNDP1	4.6	56.2	0.9365124555160143	randomAbove10k
IL18	18.8	140.9	0.8839034776437189	top500
FREM2	0.7039215686274509	7.2	0.9202777777777778	lowest500
FOXO1	15.484313725490196	84.4	0.8328672985781991	top500
ABCB9	4.923529411764706	19.5	0.7624615384615382	lowest500
UBC	1084.7980392156862	3526.9	0.7062700955513341	top500
TMEM86A	3.0411764705882347	17.2	0.8396511627906977	randomBelow10k
TMEM263	20.543137254901957	41.7	0.517505995203837	randomAbove10k
UBE3B	14.674509803921568	31.8	0.549308176100629	lowest500
IPMK	3.974509803921569	16.9	0.7801183431952663	lowest500
PLBD2	20.66274509803922	130.6	0.8586217457886677	randomBelow10k
SRFBP1	4.670588235294118	8.5	0.4595294117647058	lowest500
MBIP	20.19607843137255	76.5	0.750718954248366	randomAbove10k
ADAMTS12	1.9431372549019608	8.3	0.7812048192771084	lowest500
KIN	2.2823529411764705	3.4	0.33529411764705885	randomAbove10k
ADAM17	5.276470588235295	17.9	0.7193296089385476	top500
BICD1	5.119607843137255	18.2	0.7330769230769231	randomAbove10k
NBAS	12.411764705882353	48.1	0.7567983367983366	randomAbove10k
AP1S3	3.4843137254901966	45.7	0.9422319474835885	randomBelow10k
POU4F1	0.1450980392156863	2.4	0.9583333333333333	lowest500
EPG5	3.505882352941176	13.4	0.753134328358209	lowest500
ATG10	4.631372549019607	10.9	0.5866055045871561	lowest500
XRCC4	4.309803921568627	9.5	0.5572631578947368	randomAbove10k
ZNF773	3.6882352941176464	6.5	0.4412307692307692	randomBelow10k
ZFP36L2	90.97843137254901	207.6	0.5729961464354528	randomAbove10k
GPD1L	29.3156862745098	236.5	0.8935644820295984	lowest500
GJA1	93.65882352941178	366.4	0.7592685589519651	top500
CCNO	1.7450980392156863	12.5	0.8776000000000002	randomBelow10k
DDX4	2.841176470588236	139.8	0.9992703862660944	lowest500
RASGRP3	8.656862745098039	47.4	0.8337130801687764	lowest500
SAR1B	37.364705882352936	152.5	0.7700852459016394	randomAbove10k
BMP3	1.1490196078431372	8.9	0.8883146067415731	lowest500
NRSN1	6.705882352941177	75.2	0.9290425531914894	randomBelow10k
CWC27	13.386274509803922	26.3	0.5008365019011408	randomAbove10k
TXNDC11	19.437254901960788	52.3	0.6409177820267686	randomBelow10k
DAB2	33.42745098039216	213.0	0.8599248826291079	randomAbove10k
BCL2L11	9.476470588235294	37.8	0.7642857142857141	top500
SMARCA5	17.715686274509803	30.9	0.43521035598705504	randomAbove10k
CD8A	10.372549019607844	216.0	0.9710185185185186	randomAbove10k
ZDHHC7	26.796078431372553	60.5	0.5682314049586776	randomBelow10k
CMIP	21.672549019607843	49.4	0.5725101214574898	randomAbove10k
OTULIN	4.894117647058824	24.1	0.8128630705394193	randomAbove10k
CDH12	0.6705882352941176	10.8	0.9566666666666666	randomBelow10k
PRKCA	9.480392156862745	32.9	0.7260790273556232	top500
PPP1R3A	5.552941176470588	143.1	0.98041928721174	lowest500
CXADR	11.43921568627451	50.3	0.788031809145129	randomAbove10k
APOOL	5.666666666666667	16.7	0.6738922155688623	lowest500
ODF1	6.588235294117647	333.0	0.9998198198198197	randomBelow10k
MOV10	9.81764705882353	28.6	0.6698601398601398	randomAbove10k
SLC7A7	20.329411764705885	253.4	0.9381689029202842	lowest500
MAGEC1	0.1411764705882353	7.1	0.9997183098591549	lowest500
PIK3AP1	12.490196078431374	77.8	0.8562467866323906	randomBelow10k
RBM45	6.403921568627451	15.3	0.5930718954248366	lowest500
TMEM237	4.03921568627451	71.7	0.9625383542538354	lowest500
FZD7	8.790196078431373	33.0	0.7483030303030302	randomAbove10k
SLA	18.370588235294118	145.7	0.8913932738503775	lowest500
NAT2	4.2254901960784315	120.1	0.984113238967527	top500
MAGEA8	0.2901960784313725	12.5	0.9963199999999999	randomBelow10k
WIF1	22.537254901960786	555.8	0.9786397984886649	randomAbove10k
UGT2B4	23.639215686274508	1190.8	0.9997514276116896	lowest500
ADK	22.866666666666667	141.2	0.8548158640226627	randomAbove10k
DRAM2	22.55882352941176	51.7	0.5749323017408124	randomBelow10k
PCGF6	4.984313725490196	10.8	0.5492592592592593	randomAbove10k
PCDH1	12.36862745098039	40.3	0.7069478908188586	randomBelow10k
PABIR3	2.4470588235294115	10.0	0.7703999999999998	randomBelow10k
PABIR2	18.76470588235294	32.8	0.43646341463414623	randomBelow10k
EEF1A1	5662.507843137256	11521.2	0.5186843384369685	top500
UBE2L6	59.38627450980391	125.6	0.5377229299363058	randomAbove10k
COX6A2	264.9117647058824	6326.0	0.9772858046158711	randomBelow10k
ITGAD	0.7000000000000001	19.4	0.9831958762886598	randomBelow10k
ZIC3	0.6313725490196079	17.7	0.9836158192090396	randomAbove10k
VPS8	12.362745098039218	26.9	0.5512267657992566	randomBelow10k
TATDN2	15.805882352941177	32.5	0.5239384615384616	randomBelow10k
GHRL	8.694117647058823	356.3	0.995110861633455	top500
RBPMS	103.77058823529413	551.9	0.8282152563870269	randomAbove10k
NRG1	3.0745098039215684	15.9	0.8227672955974842	top500
NECAP2	31.250980392156865	72.8	0.5821428571428572	lowest500
SSBP3	37.24705882352941	97.8	0.6315337423312883	lowest500
CLDN12	14.556862745098039	48.6	0.7144855967078191	lowest500
MMP14	53.307843137254906	149.2	0.6555630026809651	top500
GATAD1	12.672549019607843	24.3	0.48806584362139915	randomAbove10k
KIT	7.456862745098039	79.2	0.9239646464646464	top500
PWWP3B	5.347058823529412	103.6	0.9673552123552124	randomBelow10k
BRAF	7.8882352941176475	15.7	0.507515923566879	top500
SLC30A2	2.903921568627451	79.4	0.9826952141057936	lowest500
MRPL17	13.715686274509803	27.6	0.5131159420289856	randomAbove10k
DUSP2	14.67843137254902	122.1	0.8973791973791976	lowest500
UBXN11	14.607843137254902	57.7	0.7617677642980937	randomBelow10k
PTPDC1	3.772549019607843	10.3	0.6464077669902913	randomBelow10k
TMSB15A	2.441176470588235	15.9	0.8633962264150944	randomBelow10k
AHCYL2	28.92745098039216	258.9	0.9060332174584781	lowest500
PPP1R9A	4.254901960784315	17.2	0.767674418604651	randomAbove10k
HTR6	0.2529411764705883	7.0	0.9831428571428572	randomAbove10k
SPATA2L	5.366666666666666	15.9	0.6757232704402516	randomBelow10k
LAD1	30.48627450980392	349.5	0.931027181688126	lowest500
ATP5MC1	195.62745098039215	1208.5	0.8548862225899876	lowest500
CCDC24	4.5058823529411764	18.2	0.7674725274725276	randomBelow10k
RUNX1	9.147058823529411	42.9	0.8025174825174823	top500
CLDN14	1.031372549019608	39.4	0.9932994923857867	lowest500
IRX6	1.272549019607843	10.8	0.8998148148148146	randomBelow10k
ACE	16.962745098039218	249.7	0.950708850620745	top500
SPON2	36.431372549019606	186.3	0.8205367686527107	lowest500
NPR2	3.0980392156862746	10.5	0.7190476190476192	randomAbove10k
CCDC28B	14.609803921568625	211.2	0.949441287878788	randomBelow10k
BSDC1	27.721568627450985	72.7	0.6310591471801926	randomBelow10k
NR2F6	19.098039215686278	104.3	0.8332310642377756	lowest500
VMA21	10.158823529411766	21.5	0.538046511627907	randomAbove10k
CILP2	0.3784313725490196	5.2	0.9457692307692309	randomBelow10k
G6PD	28.372549019607842	79.1	0.654134007585335	top500
ITGB2	33.46470588235294	343.1	0.9205129699795979	top500
PCNT	13.352941176470589	234.7	0.961968470387729	randomAbove10k
ADAMTS13	5.909803921568627	62.5	0.9235519999999998	top500
RDH13	6.074509803921569	20.6	0.7192233009708738	lowest500
SPTBN4	2.4803921568627447	24.8	0.917983870967742	lowest500
SHC1	63.48627450980393	138.2	0.5514327062228653	top500
NLRX1	6.44313725490196	39.0	0.8514871794871794	randomAbove10k
LMNA	90.36078431372549	282.8	0.6940876944837341	top500
CCR5	2.6	14.5	0.8371034482758621	top500
CYP3A4	95.73529411764704	3367.1	0.9909987823349471	top500
ORAI2	4.847058823529412	15.0	0.6904	randomBelow10k
SQSTM1	199.44313725490193	992.1	0.8149480899102914	top500
SCGB3A1	41.727450980392156	829.3	0.968677197636561	lowest500
MFSD12	18.98627450980392	49.0	0.6247755102040817	randomBelow10k
BDH1	20.833333333333332	302.0	0.949635761589404	lowest500
COX7A1	414.5	6519.5	0.9551499348109516	randomBelow10k
MPP3	1.9568627450980394	28.2	0.9492198581560284	randomBelow10k
TBC1D24	2.817647058823529	15.5	0.8345806451612904	randomAbove10k
SHANK2	2.503921568627451	9.8	0.7593877551020408	randomAbove10k
NEU3	6.794117647058823	24.7	0.7394331983805668	randomAbove10k
CYP4A22	4.652941176470589	199.9	0.9962581290645324	randomBelow10k
TAL1	2.2607843137254897	28.0	0.9376428571428573	randomAbove10k
ACOT11	6.6352941176470575	32.2	0.8098136645962731	randomBelow10k
PARS2	2.4450980392156865	5.1	0.5309803921568629	lowest500
PLPP3	80.52941176470588	307.3	0.7527041978522615	randomAbove10k
AK4	17.07254901960784	169.3	0.9171411695215592	randomAbove10k
RBP7	38.95882352941176	412.3	0.9236187242299297	randomBelow10k
DRAXIN	0.1607843137254902	1.0	0.8560000000000001	randomBelow10k
LAPTM5	124.54705882352943	1214.0	0.915355848434926	lowest500
SCNN1D	7.5843137254901976	35.6	0.8026966292134832	lowest500
ADGRL4	12.568627450980392	64.3	0.8206220839813375	randomBelow10k
AGL	16.823529411764707	241.2	0.9488557213930349	randomAbove10k
VCAM1	24.664705882352944	366.8	0.951412213740458	top500
NLRP3	2.819607843137255	51.5	0.9641553398058252	top500
VANGL2	6.262745098039214	35.5	0.840056338028169	randomAbove10k
FCRLB	0.16862745098039214	1.6	0.9125	randomBelow10k
AXDND1	0.34117647058823536	14.7	0.9963265306122449	randomBelow10k
BPNT1	16.803921568627448	43.0	0.6213953488372094	randomBelow10k
CNST	11.700000000000001	36.4	0.692142857142857	randomBelow10k
OXER1	3.758823529411765	56.4	0.9520212765957448	randomBelow10k
CCDC138	1.8960784313725487	10.2	0.830392156862745	lowest500
SLC16A14	3.6588235294117646	17.5	0.8067428571428572	randomBelow10k
EN1	0.7980392156862745	13.0	0.9573846153846154	randomAbove10k
SGCB	22.515686274509804	98.9	0.7877856420626895	randomAbove10k
CFAP221	2.974509803921568	27.8	0.9108633093525181	randomBelow10k
SMARCAD1	10.170588235294119	19.7	0.4934010152284264	randomAbove10k
IWS1	24.866666666666667	72.5	0.670151724137931	randomAbove10k
S100A9	2197.1862745098038	30401.1	0.9462812858745244	top500
PAQR3	0.903921568627451	2.9	0.7020689655172414	randomAbove10k
NIPAL1	3.215686274509804	24.3	0.8850205761316872	randomBelow10k
MRPS18C	25.794117647058822	79.9	0.6907133917396746	lowest500
CGGBP1	36.049019607843135	79.5	0.5574842767295599	randomAbove10k
DCST2	0.719607843137255	7.9	0.9270886075949367	randomBelow10k
POGLUT1	6.129411764705882	10.9	0.44642201834862383	lowest500
TGFBR2	54.368627450980384	215.7	0.7629021789522487	top500
FCRL4	0.37254901960784315	9.8	0.9812244897959184	lowest500
FBLN2	32.72549019607843	287.6	0.9039360222531294	randomAbove10k
SERPINI1	31.607843137254896	303.7	0.9138426078366809	randomAbove10k
MNDA	16.73137254901961	276.9	0.9583676417479233	lowest500
CTLA4	2.6078431372549016	35.1	0.9442165242165241	top500
PPP4R2	22.107843137254907	95.6	0.784121338912134	randomAbove10k
SPICE1	4.598039215686274	8.0	0.43375	lowest500
ALB	3933.3313725490193	198523.8	0.9997908462360684	top500
TIPARP	26.55686274509804	93.3	0.7296677384780278	lowest500
PRRT3	3.017647058823529	14.3	0.8047552447552448	randomBelow10k
PCOLCE2	13.53529411764706	136.0	0.918485294117647	randomBelow10k
TTC14	27.233333333333338	63.2	0.580474683544304	randomBelow10k
CCDC158	0.8392156862745099	32.0	0.9932500000000001	randomBelow10k
ZDHHC3	26.764705882352942	59.8	0.5634782608695652	lowest500
KLF15	17.449019607843137	88.7	0.8193461104847802	randomAbove10k
PRKCD	24.523529411764706	70.5	0.6651914893617021	top500
SFMBT1	5.5098039215686265	42.6	0.8880751173708918	lowest500
SGMS2	7.927450980392157	36.9	0.8008672086720868	lowest500
INTU	1.9803921568627452	12.2	0.8544262295081967	randomBelow10k
MFSD8	4.723529411764706	9.4	0.5074468085106383	lowest500
ANXA5	193.57254901960786	460.2	0.5909604519774011	randomAbove10k
ICE1	8.66078431372549	15.5	0.45006451612903225	lowest500
MOCS2	50.694117647058825	117.8	0.5810526315789474	lowest500
NDUFAF2	32.72941176470588	78.0	0.5920000000000001	randomAbove10k
CMBL	20.915686274509806	160.9	0.8874083281541332	lowest500
CASP3	15.701960784313725	47.5	0.6828210526315788	top500
CMYA5	30.392156862745093	747.0	0.9785006693440428	lowest500
UTP15	6.172549019607843	34.8	0.8390804597701149	randomAbove10k
TLR3	4.215686274509805	12.1	0.6646280991735536	top500
GDF9	0.7156862745098039	6.6	0.9093939393939394	randomAbove10k
SLC35A1	20.905882352941177	44.7	0.5429530201342283	lowest500
PDSS2	8.605882352941176	25.3	0.6730434782608694	lowest500
PTTG1	24.31176470588236	163.9	0.8687004270896886	randomAbove10k
KCNK5	6.817647058823529	34.0	0.8154705882352943	lowest500
ELAPOR2	4.611764705882353	20.6	0.7916504854368932	randomBelow10k
SYTL3	6.484313725490196	47.0	0.8792765957446808	randomBelow10k
ZNF704	5.75686274509804	15.5	0.6411612903225807	randomBelow10k
SHH	1.4823529411764704	15.1	0.9198675496688742	top500
TAGAP	8.992156862745098	138.6	0.9538239538239537	lowest500
FNDC1	2.4411764705882355	19.0	0.8889473684210526	randomBelow10k
PGAM2	147.20392156862746	4078.1	0.9831818739118708	lowest500
TNFRSF11B	8.766666666666667	192.4	0.9735239085239086	top500
CSMD3	0.2901960784313726	2.6	0.9061538461538461	randomBelow10k
DNAAF5	8.233333333333334	22.6	0.6484070796460177	randomAbove10k
DEFA6	142.31372549019608	4530.5	0.9879593863811941	lowest500
DEFB1	169.9686274509804	2947.6	0.9611833355950604	randomAbove10k
OXR1	27.156862745098042	73.6	0.6436413043478261	lowest500
TMEM74	0.45098039215686275	2.7	0.8496296296296296	randomBelow10k
NOS3	6.723529411764707	59.4	0.9045454545454544	top500
FOXK1	5.927450980392157	11.9	0.5119327731092437	randomAbove10k
YWHAZ	301.3862745098039	838.5	0.6533762671437091	top500
GEM	34.56666666666667	214.9	0.8559329920893439	randomBelow10k
TMEM67	2.5215686274509808	20.8	0.8963461538461539	randomAbove10k
DIRAS2	7.776470588235295	152.2	0.9678843626806833	randomBelow10k
SYK	15.135294117647058	82.3	0.8324179829890643	top500
ABCA1	8.690196078431372	36.2	0.7751381215469614	top500
FXN	11.16078431372549	43.2	0.7564814814814815	randomAbove10k
ALDH1A1	161.8176470588235	1403.3	0.9023815292524765	randomAbove10k
GKAP1	12.741176470588236	187.3	0.9506139882541379	randomBelow10k
HNRNPK	270.96078431372547	611.7	0.5681772110511689	top500
SVEP1	6.833333333333333	58.3	0.9004459691252145	randomBelow10k
DYNLT3	27.441176470588232	59.7	0.5511557788944724	randomBelow10k
VCP	61.7764705882353	198.2	0.7020787083753784	top500
ARHGAP12	11.427450980392159	27.8	0.6007194244604316	lowest500
DEUP1	0.6098039215686275	15.3	0.9793464052287583	randomBelow10k
MBL2	5.152941176470589	262.8	1.0	top500
GJB2	43.34705882352941	779.9	0.9633081164251829	top500
CRYL1	50.31960784313727	307.7	0.8531946701332467	randomBelow10k
NGB	3.5686274509803924	75.1	0.971531291611185	randomAbove10k
COMTD1	10.401960784313726	96.9	0.9105056759545923	randomBelow10k
ZNF503	11.133333333333335	45.5	0.7704175824175823	lowest500
CLEC1B	1.890196078431372	74.8	0.9942245989304813	randomAbove10k
AK8	2.6176470588235294	24.3	0.9101234567901235	randomBelow10k
RET	1.5098039215686272	18.7	0.9376470588235294	top500
FUNDC2	3.7607843137254906	18.2	0.8092307692307692	lowest500
PIP4P1	23.862745098039216	46.2	0.49316017316017313	lowest500
ERICH6B	0.041176470588235294	1.9	0.9978947368421052	randomBelow10k
CYP2C19	4.529411764705882	178.0	0.9940449438202248	top500
FRAT1	3.27843137254902	12.1	0.7436363636363637	randomBelow10k
ARHGAP42	5.352941176470588	29.2	0.8330136986301371	randomBelow10k
SLC39A13	33.96274509803922	84.5	0.6100355029585799	randomBelow10k
RAPSN	2.594117647058823	83.3	0.9882352941176471	randomAbove10k
MOAP1	32.76470588235295	132.0	0.7668181818181818	randomAbove10k
FBN1	9.586274509803921	61.7	0.8615235008103727	top500
BTRC	8.254901960784313	20.0	0.5989999999999999	top500
SENP8	2.3372549019607844	14.6	0.8567123287671233	lowest500
FRS2	8.637254901960784	25.5	0.6745098039215685	randomAbove10k
SCN3B	5.968627450980391	73.3	0.9369440654843109	lowest500
IFTAP	19.652941176470588	88.0	0.7922045454545454	randomBelow10k
PPFIBP2	18.723529411764705	62.6	0.7149201277955274	lowest500
PLD4	3.543137254901961	18.2	0.8214285714285714	randomBelow10k
CLEC4E	6.874509803921568	71.5	0.92193006993007	lowest500
RRAD	39.7921568627451	776.8	0.9677497425334706	randomAbove10k
COG1	21.988235294117647	53.7	0.6023463687150837	randomAbove10k
MARF1	10.645098039215686	20.7	0.4954589371980676	lowest500
TERF2IP	73.4705882352941	215.3	0.671927542963307	randomAbove10k
PLK1	5.901960784313727	40.9	0.8728117359413203	top500
MYO1A	15.172549019607844	310.6	0.9701738570508692	lowest500
EPB42	2.0941176470588228	93.3	0.9971061093247588	lowest500
SMAD3	19.468627450980392	52.3	0.6403059273422562	top500
ACSF2	16.858823529411765	132.8	0.8905120481927711	randomBelow10k
SLC27A4	17.478431372549018	63.0	0.7370158730158729	randomAbove10k
C15orf39	11.98235294117647	69.4	0.8438904899135448	lowest500
GPRC5B	38.30980392156863	213.2	0.8367166979362102	lowest500
NOD2	1.7705882352941178	12.8	0.87890625	top500
IGF2	85.68039215686274	2597.9	0.9863597521074713	top500
DPEP2	4.637254901960784	27.4	0.8473722627737227	randomBelow10k
STIM1	30.352941176470594	105.3	0.7259829059829062	top500
SMG8	6.292156862745098	10.5	0.4087619047619048	lowest500
MIDN	28.0	86.4	0.6894444444444445	randomBelow10k
NCKAP5L	9.51764705882353	26.6	0.6550375939849624	lowest500
GPD1	46.86274509803923	572.7	0.9365357080495896	lowest500
AXL	18.00392156862745	72.4	0.7663535911602211	randomAbove10k
DNAAF3	2.9784313725490192	61.4	0.9705211726384364	randomBelow10k
DAPK3	38.98039215686274	106.5	0.6466666666666666	randomAbove10k
SOAT2	0.8431372549019609	18.3	0.9730054644808743	randomAbove10k
CD300A	9.113725490196078	94.5	0.9216296296296297	lowest500
EVPL	15.815686274509803	289.2	0.9642185338865837	randomAbove10k
TMC8	11.450980392156863	108.3	0.9121514312096031	lowest500
FAM234A	43.60588235294117	148.0	0.719472972972973	randomBelow10k
E4F1	12.750980392156864	31.7	0.6097160883280758	lowest500
ECI1	54.20196078431373	227.8	0.7773046532045654	lowest500
DDB1	60.82549019607843	218.5	0.7360549199084667	top500
VPS37C	14.488235294117647	27.9	0.49032258064516127	lowest500
SPINDOC	12.268627450980391	38.1	0.6915485564304461	randomAbove10k
CTNNB1	110.59607843137255	187.9	0.41963810537519963	top500
KCNJ4	5.007843137254903	82.7	0.9582345828295042	lowest500
MAPK1IP1L	24.90588235294118	78.6	0.6967938931297709	randomBelow10k
COA6	26.629411764705885	95.1	0.7343848580441642	lowest500
BMI1	25.623529411764704	53.5	0.5314766355140187	top500
FAM107A	169.90196078431373	1181.3	0.8732972149327013	lowest500
ING5	14.047058823529413	26.2	0.4731297709923664	randomAbove10k
ATG4B	16.89019607843137	38.2	0.5690052356020943	randomAbove10k
PHYHIP	35.09019607843138	347.1	0.9168827427254395	randomBelow10k
DYNLRB2	7.588235294117646	157.8	0.9709505703422053	randomBelow10k
STAT3	57.01764705882351	130.1	0.5729746348962337	top500
SOX14	0.09019607843137255	1.7	0.9658823529411765	randomBelow10k
GRM5	0.5352941176470588	13.9	0.9807194244604315	randomAbove10k
MAP2K1	25.772549019607837	76.3	0.6754652686762779	top500
IRS1	5.847058823529411	26.2	0.7923664122137406	top500
MECP2	14.866666666666667	26.7	0.4520599250936329	top500
ROR2	5.986274509803922	30.1	0.8171428571428571	randomAbove10k
AR	4.923529411764706	35.8	0.8797206703910614	top500
CPT1C	6.217647058823529	27.7	0.7910469314079421	lowest500
PCSK9	1.9529411764705884	47.5	0.9780631578947369	top500
NSMCE1	48.290196078431364	111.0	0.5762522522522522	lowest500
IL13	0.5098039215686275	23.3	0.9976824034334766	top500
CA5B	5.866666666666667	21.7	0.7442396313364056	randomBelow10k
CXCL10	12.48235294117647	90.0	0.8785333333333333	top500
NPIPB3	70.1058823529412	220.2	0.6952588555858311	randomBelow10k
ZRSR2	16.598039215686274	38.0	0.5744736842105264	randomBelow10k
ADRB2	6.296078431372548	36.9	0.845962059620596	top500
PDILT	2.662745098039216	116.9	0.9967664670658684	randomBelow10k
UMOD	41.943137254901956	2126.7	0.999883387407721	randomAbove10k
PTK2	38.8	109.7	0.6592342752962626	top500
CXCL8	86.121568627451	2989.3	0.9906138560867093	top500
RASSF6	4.270588235294118	33.0	0.8880000000000001	lowest500
CD52	791.1823529411766	34113.9	0.9963437777562811	lowest500
MMGT1	13.086274509803923	29.1	0.5613058419243987	randomAbove10k
HTRA4	1.807843137254902	62.7	0.9905901116427432	randomBelow10k
PCBP1	203.27450980392157	754.8	0.745304716481187	randomAbove10k
HINT1	222.91764705882352	548.2	0.6052316672747172	randomAbove10k
DTWD2	2.901960784313725	9.8	0.7179591836734693	randomBelow10k
INO80E	35.93529411764706	49.2	0.275	lowest500
BNC1	1.815686274509804	23.6	0.9415254237288134	randomBelow10k
GP9	0.4156862745098039	8.8	0.9718181818181819	randomAbove10k
FASN	40.19019607843137	364.3	0.9074718638484767	top500
RBMY1F	0.058823529411764705	3.0	1.0	randomBelow10k
ONECUT1	0.7254901960784313	14.0	0.9671428571428571	lowest500
AVEN	9.758823529411764	30.5	0.693639344262295	lowest500
OTUD3	4.609803921568627	10.1	0.5544554455445545	lowest500
KLF13	19.764705882352942	58.5	0.6753846153846154	randomAbove10k
ZNF764	3.6117647058823525	6.5	0.45323076923076916	randomBelow10k
VGLL2	3.12156862745098	121.3	0.9937510305028855	randomBelow10k
CDK1	9.537254901960784	68.9	0.8788098693759071	top500
FOS	518.0509803921568	2146.4	0.7738147595974654	top500
MGMT	20.601960784313725	125.9	0.8530897537728356	top500
CD14	56.44901960784315	425.8	0.8847768905589477	top500
SPATA24	8.92156862745098	138.6	0.9543434343434343	randomBelow10k
RALGAPB	11.662745098039215	22.7	0.4959471365638766	lowest500
SLC23A1	4.676470588235294	61.5	0.942439024390244	randomAbove10k
KRT72	0.9470588235294118	22.9	0.9778165938864629	randomBelow10k
NUDCD2	10.476470588235296	25.3	0.5976284584980237	randomAbove10k
HSPA4	28.08235294117647	85.1	0.6834077555816687	top500
COMMD5	14.549019607843135	21.9	0.3423744292237442	randomBelow10k
PPM1D	2.298039215686275	8.5	0.744235294117647	randomAbove10k
RNF139	16.58823529411765	88.0	0.8277272727272726	randomBelow10k
TSEN34	18.77254901960784	52.5	0.6552761904761905	randomBelow10k
MSANTD4	8.992156862745096	30.7	0.7212377850162865	randomBelow10k
TANC2	5.619607843137255	26.5	0.803698113207547	lowest500
ZNF160	12.421568627450982	28.8	0.5800694444444445	randomBelow10k
FPR2	3.4725490196078437	52.9	0.9530434782608694	randomAbove10k
ALK	0.3431372549019608	2.4	0.8741666666666669	top500
MTM1	7.533333333333332	16.8	0.5626190476190477	randomAbove10k
INSR	13.280392156862746	60.3	0.7953565505804313	top500
NETO2	4.7784313725490195	21.4	0.7922429906542057	lowest500
NPTX1	9.247058823529409	188.4	0.9699363057324841	lowest500
MROH2B	0.5549019607843138	28.2	0.9999290780141844	randomBelow10k
COL24A1	1.303921568627451	6.6	0.8184848484848486	randomBelow10k
BCL2L1	47.8313725490196	108.3	0.5695106186518929	top500
CXXC5	34.20980392156862	146.8	0.7823024523160764	lowest500
BCL2	6.14705882352941	22.4	0.7400892857142857	top500
PTEN	22.300000000000004	51.4	0.5774708171206225	top500
PRNP	118.65098039215688	480.4	0.7680766028309742	top500
ATPAF2	10.72156862745098	25.9	0.5977606177606178	lowest500
RAB33B	5.56470588235294	15.5	0.6538064516129032	lowest500
REG1B	859.6862745098039	40073.0	0.9981179347690465	lowest500
LRRC15	0.8705882352941178	6.7	0.8874626865671642	randomAbove10k
SMN1	19.607843137254903	36.6	0.4735519125683061	randomAbove10k
FRMD3	9.292156862745097	79.6	0.9009296482412058	randomBelow10k
TEFM	5.454901960784315	10.9	0.5095412844036697	lowest500
ISG20	27.152941176470584	176.6	0.8631710079275198	lowest500
CEBPB	53.37254901960783	227.8	0.7810184372256366	top500
MACROD2	3.066666666666667	10.4	0.7192307692307693	lowest500
DPAGT1	11.999999999999998	28.9	0.596470588235294	randomAbove10k
BSG	369.378431372549	1787.2	0.8091864368845121	top500
RSPH9	1.2686274509803923	14.5	0.9307586206896551	randomBelow10k
TCEAL1	42.91176470588236	166.1	0.7564840457555689	lowest500
MUCL1	79.83725490196078	3038.8	0.9932019218112412	randomBelow10k
RND1	9.584313725490196	119.8	0.938397328881469	lowest500
RAD9A	6.194117647058825	11.3	0.4608849557522124	randomAbove10k
LRRC20	15.964705882352945	286.3	0.9631225986727209	randomBelow10k
PURG	1.3254901960784315	11.2	0.8992857142857144	randomBelow10k
TMCC1	8.190196078431372	32.7	0.7645259938837919	randomBelow10k
EGFL7	64.24313725490195	243.3	0.7506699547883272	randomAbove10k
NBEA	4.245098039215686	59.2	0.9468581081081082	randomAbove10k
MYD88	14.421568627450979	43.5	0.68183908045977	top500
LCLAT1	5.562745098039216	11.3	0.5178761061946903	lowest500
RELA	44.77647058823529	88.5	0.5039322033898305	top500
HECTD4	4.188235294117647	13.5	0.7035555555555557	lowest500
CCDC63	0.403921568627451	16.6	0.9951807228915663	randomBelow10k
KDM2A	17.93921568627451	44.5	0.608808988764045	randomAbove10k
ADCY5	14.850980392156861	99.3	0.8674521651560926	randomAbove10k
IQCB1	13.472549019607843	27.0	0.511037037037037	randomAbove10k
TNKS	9.437254901960785	19.4	0.5238144329896907	randomAbove10k
PPP1R3B	15.088235294117645	135.4	0.9063367799113736	lowest500
MICOS10	7.456862745098039	15.7	0.5355414012738854	randomBelow10k
GMPPB	14.009803921568627	43.6	0.6922477064220183	randomAbove10k
XCR1	0.831372549019608	8.2	0.9165853658536584	lowest500
SCAI	2.115686274509804	10.4	0.8125	lowest500
STAT5B	27.958823529411767	65.3	0.5832771822358346	randomAbove10k
MARCHF10	3.992156862745097	130.2	0.9887250384024577	randomBelow10k
GOLIM4	23.172549019607843	80.3	0.725653798256538	randomAbove10k
NRROS	3.7137254901960786	30.8	0.8970129870129872	randomBelow10k
KICS2	3.2705882352941185	8.0	0.6030000000000001	randomBelow10k
PIGG	11.094117647058823	19.4	0.43670103092783497	lowest500
ABRA	4.694117647058823	135.7	0.9847162859248343	randomBelow10k
ZWILCH	5.854901960784314	50.4	0.9015079365079365	randomBelow10k
CNTNAP2	3.7196078431372546	34.8	0.9109770114942529	randomAbove10k
DENND4A	9.44705882352941	54.8	0.8441605839416058	randomAbove10k
ANKRD36C	2.919607843137255	14.6	0.8160273972602741	randomBelow10k
SLC26A9	2.33921568627451	68.3	0.9850658857979502	lowest500
B4GAT1	37.45490196078431	207.3	0.8357067052580802	lowest500
LEP	8.172549019607844	288.5	0.9911057192374351	top500
RESF1	17.043137254901964	65.6	0.755	lowest500
HRAS	32.107843137254896	123.5	0.7548178137651821	top500
CD248	26.062745098039223	219.6	0.8989435336976319	randomAbove10k
PTDSS2	12.945098039215686	45.3	0.7285209713024284	randomBelow10k
ZG16	20.16862745098039	449.0	0.9741826280623607	randomBelow10k
ATR	2.3607843137254902	4.9	0.5285714285714286	top500
DES	649.1392156862745	10128.8	0.9546297685806809	randomAbove10k
TRAF6	6.08235294117647	22.0	0.7380000000000001	top500
PARL	36.0	93.1	0.6255853920515575	randomAbove10k
VWA3A	3.3921568627450975	53.8	0.9556877323420074	randomBelow10k
SMAD2	40.576470588235296	70.9	0.4362482369534556	top500
EIF3F	16.61764705882353	37.4	0.5667914438502674	randomAbove10k
LPL	44.65686274509803	880.1	0.9682445176684468	top500
POLD4	44.0529411764706	198.2	0.793289606458123	randomBelow10k
UBQLN3	2.974509803921569	151.3	0.9999471249173827	randomBelow10k
P2RY2	4.803921568627451	46.6	0.9148497854077253	randomAbove10k
FOSL1	9.48235294117647	78.4	0.8966326530612244	randomAbove10k
ZNF77	2.6117647058823525	5.1	0.4976470588235293	randomBelow10k
ZNF683	2.4156862745098038	76.5	0.9877908496732027	randomBelow10k
TCP11L1	5.341176470588235	11.8	0.5583050847457627	randomBelow10k
LRRTM4	1.0333333333333332	11.3	0.9267256637168141	randomBelow10k
ZBTB8OS	23.511764705882353	41.7	0.44489208633093524	randomBelow10k
COX8A	378.6686274509804	1430.4	0.7499762304250561	randomBelow10k
CDC26	33.8	55.2	0.3954347826086957	randomAbove10k
EID2	10.913725490196077	25.9	0.5901930501930502	randomBelow10k
RIMS2	6.294117647058823	72.6	0.9315702479338843	lowest500
GNG7	25.774509803921568	421.2	0.9575830959164293	lowest500
RNF152	6.078431372549021	52.8	0.9025757575757575	randomBelow10k
BDNF	0.9333333333333333	4.9	0.8257142857142857	top500
BOK	21.898039215686275	116.2	0.8277796901893285	randomAbove10k
CDK5R1	8.452941176470588	71.3	0.8990743338008415	randomAbove10k
TYMS	11.82549019607843	105.9	0.9061000944287065	top500
TCEANC	1.7372549019607846	5.3	0.6856603773584906	randomBelow10k
ANKLE2	23.31176470588235	52.9	0.5705103969754253	randomAbove10k
C8G	11.582352941176472	522.4	0.9973851454823891	lowest500
EFCAB5	0.3176470588235294	8.0	0.9795	randomBelow10k
THAP4	41.44509803921568	114.8	0.651759581881533	randomBelow10k
SEC24C	31.645098039215682	66.2	0.5324169184290031	randomAbove10k
MTHFR	11.554901960784314	50.5	0.7866138613861386	top500
SLC38A9	7.792156862745099	54.3	0.8736279926335176	randomBelow10k
CHD9	7.499999999999999	26.8	0.73455223880597	lowest500
SPACA4	2.66078431372549	111.8	0.9957245080500896	randomBelow10k
GATD1	18.464705882352938	40.1	0.5503241895261846	randomBelow10k
CLDN22	0.18039215686274512	6.9	0.9933333333333334	randomBelow10k
UMODL1	0.054901960784313725	1.0	0.9640000000000001	randomBelow10k
SAMD9L	7.474509803921569	34.0	0.7957647058823532	lowest500
JUN	82.56274509803922	191.6	0.5804697286012526	top500
GBA1	27.174509803921566	97.6	0.7360040983606556	top500
CRACR2B	14.803921568627452	210.1	0.9481294621608757	randomBelow10k
SLC35G5	0.15686274509803919	2.2	0.9472727272727272	randomBelow10k
ANXA2R	4.760784313725489	24.4	0.8209836065573771	randomBelow10k
GRB2	52.94117647058823	119.8	0.5692487479131886	top500
MLF1	27.21372549019608	340.3	0.9384307963561563	randomAbove10k
DALRD3	12.915686274509808	51.7	0.7651837524177948	randomBelow10k
LCORL	2.9862745098039216	6.6	0.5584848484848485	lowest500
SLITRK1	0.9235294117647059	13.8	0.9517391304347826	lowest500
FAM220A	10.790196078431372	72.9	0.8690260631001374	randomBelow10k
NT5DC1	18.672549019607846	130.5	0.8740536398467432	randomBelow10k
TUBAL3	1.7039215686274505	26.6	0.9546616541353383	lowest500
GP5	0.1	1.0	0.9179999999999999	lowest500
PFAS	6.517647058823529	10.5	0.3868571428571428	randomAbove10k
AURKB	6.2509803921568645	55.9	0.9059391771019679	top500
SPTY2D1	6.933333333333333	32.3	0.8010526315789473	lowest500
CYP11B2	3.511764705882353	178.8	0.9999664429530202	randomAbove10k
ALOXE3	1.3098039215686275	53.8	0.9951672862453532	randomBelow10k
CALR	266.7235294117647	716.5	0.6402958827634333	top500
MAGED1	62.2078431372549	159.4	0.6219322459222083	randomAbove10k
PTPN11	33.186274509803916	64.9	0.49842835130970736	top500
NSUN7	2.284313725490196	15.4	0.8687012987012989	randomBelow10k
RAB39A	0.6784313725490195	3.7	0.8329729729729729	lowest500
HLA-DQB1	41.4921568627451	290.6	0.8743633860977288	top500
GPC5	1.5254901960784313	13.3	0.9030075187969925	randomAbove10k
GRM8	0.8117647058823529	20.4	0.9794117647058823	lowest500
MAF1	91.58823529411765	387.2	0.7787293388429752	lowest500
ARL14	7.839215686274509	120.8	0.9538079470198675	randomBelow10k
CDH5	23.998039215686276	221.7	0.9095895354082093	randomAbove10k
AKAP5	1.5450980392156861	17.6	0.9304545454545454	randomAbove10k
CCR8	0.2803921568627451	7.2	0.9802777777777778	randomAbove10k
BBS10	6.809803921568627	11.4	0.41070175438596485	lowest500
CSNK1A1L	0.08039215686274509	3.3	0.995151515151515	randomBelow10k
FAHD1	14.725490196078434	69.0	0.8023188405797101	lowest500
F2	22.41176470588236	1138.4	0.9999191848208011	top500
PAK2	21.93333333333333	42.0	0.48733333333333334	randomAbove10k
CYP8B1	7.784313725490197	378.2	0.9990058170280275	randomBelow10k
BHLHA15	15.58627450980392	526.6	0.9898101025446259	randomBelow10k
YOD1	5.756862745098038	55.3	0.9138155515370705	randomAbove10k
ZDHHC20	13.249019607843138	36.8	0.6527717391304347	lowest500
KCTD2	1.0549019607843138	10.0	0.9124	randomAbove10k
NQO1	57.01960784313726	493.1	0.90205232204421	top500
SLC25A42	11.835294117647058	76.0	0.861157894736842	randomBelow10k
ADIPOQ	24.61372549019608	843.2	0.9902253320683111	top500
NPM1	407.5274509803922	1213.0	0.6773140972794726	top500
POLR2A	0.14705882352941177	1.5	0.9200000000000002	top500
NME9	2.2490196078431373	19.5	0.9023589743589743	randomBelow10k
HEPHL1	0.6019607843137255	9.3	0.953978494623656	randomBelow10k
WASHC1	16.835294117647056	28.5	0.41747368421052633	lowest500
UTS2R	0.7549019607843137	3.4	0.7935294117647059	lowest500
SOX2	9.9078431372549	71.9	0.8794436717663423	top500
RNF135	12.570588235294117	26.2	0.5306106870229008	lowest500
ZFP41	3.33921568627451	6.8	0.5191176470588236	randomBelow10k
SLC9A9	6.880392156862745	18.5	0.6406486486486487	lowest500
USH1G	0.40196078431372556	7.5	0.9653333333333335	lowest500
KCNIP1	6.307843137254901	52.1	0.8965067178502878	randomBelow10k
UBA7	21.880392156862744	62.8	0.6646178343949045	randomAbove10k
LDOC1	6.901960784313724	54.7	0.8912979890310786	lowest500
HHIPL1	1.6	9.5	0.8482105263157894	randomBelow10k
ZAR1	0.07450980392156863	1.3	0.9615384615384616	randomBelow10k
GABRG3	1.2450980392156865	25.1	0.969402390438247	lowest500
LIPF	702.6647058823528	35389.5	0.9997477217818843	lowest500
CACNB4	2.323529411764706	24.9	0.9248192771084338	lowest500
KPNA2	28.672549019607843	195.6	0.8704805725971372	top500
WASH6P	2.2078431372549017	8.9	0.7669662921348315	randomBelow10k
MXRA7	155.1098039215686	626.6	0.7675071816150654	lowest500
RWDD4	14.433333333333334	49.1	0.7201629327902239	randomBelow10k
SPNS3	0.9607843137254903	29.4	0.9866666666666667	randomBelow10k
ANXA2	409.70588235294116	1962.5	0.8070573248407643	top500
MAFA	0.6470588235294118	21.9	0.9898630136986302	randomAbove10k
LCK	14.043137254901962	325.6	0.9760073710073711	top500
HMGN4	39.17843137254902	67.2	0.42532738095238104	lowest500
CTNNA3	0.9980392156862745	14.0	0.9472857142857143	randomAbove10k
MAGEA2B	0.03725490196078431	1.8	0.9988888888888888	randomBelow10k
TREX2	1.6941176470588237	25.9	0.9532818532818532	lowest500
ACSM5	8.507843137254902	258.6	0.9864423820572314	randomBelow10k
MRPL54	57.37843137254902	120.7	0.5351118475559238	lowest500
ZNF438	6.652941176470589	23.4	0.73	randomBelow10k
BMP8A	4.290196078431372	85.9	0.9690570430733411	randomBelow10k
UPP1	5.760784313725489	42.3	0.8810874704491727	lowest500
ASCL2	1.4450980392156862	8.0	0.8357499999999999	lowest500
TBK1	9.496078431372547	22.0	0.5797272727272726	top500
CHEK2	5.166666666666667	15.0	0.6686666666666667	top500
CCR4	1.303921568627451	12.1	0.9100826446280992	randomAbove10k
NUDT14	17.21372549019608	57.9	0.7167530224525042	randomBelow10k
SCN5A	1.3137254901960784	49.7	0.9930382293762575	top500
PTP4A2	129.3294117647059	455.5	0.7303929747530188	randomAbove10k
ADAP2	5.6803921568627445	21.2	0.7466981132075472	randomBelow10k
FAM120C	3.3	5.7	0.4294736842105263	lowest500
PCDH9	4.215686274509804	38.4	0.9080208333333334	lowest500
MROH7	2.0431372549019606	50.7	0.9788954635108482	randomBelow10k
GDF3	0.1745098039215686	4.3	0.9786046511627906	randomBelow10k
SOCS3	68.09215686274509	480.4	0.8754246461282262	top500
WT1	4.674509803921569	49.2	0.923089430894309	top500
RFX6	0.39215686274509803	6.1	0.9544262295081967	randomBelow10k
F8	9.792156862745099	51.1	0.8245401174168298	top500
CA13	2.403921568627451	13.8	0.8423188405797102	randomBelow10k
FAF1	4.3196078431372555	13.6	0.6960294117647059	randomAbove10k
NSMCE3	2.7549019607843133	6.5	0.5876923076923077	lowest500
SIGIRR	25.070588235294117	90.1	0.7361820199778023	randomAbove10k
ZNF445	3.378431372549019	7.9	0.5837974683544304	randomBelow10k
PRPF39	1.5313725490196077	3.1	0.5161290322580645	lowest500
PRKN	2.6666666666666665	26.6	0.9177443609022556	top500
SP140L	7.6686274509803924	25.0	0.7071200000000001	randomBelow10k
MRPL30	5.921568627450982	19.6	0.7118367346938776	lowest500
MUC1	74.90196078431373	998.2	0.9434622320176319	top500
L3MBTL1	3.1607843137254905	13.5	0.7811851851851853	lowest500
SP1	20.511764705882353	37.9	0.4679683377308707	top500
PCGF3	26.086274509803918	54.5	0.5317798165137615	lowest500
SYN3	1.0411764705882354	5.0	0.8076000000000001	lowest500
ADARB2	2.7078431372549026	32.5	0.9350153846153845	lowest500
SLC52A2	14.86470588235294	34.2	0.5766666666666667	randomBelow10k
LAMP1	98.68823529411766	217.1	0.5563334868724091	randomAbove10k
SETD4	9.441176470588236	21.6	0.5741666666666668	randomBelow10k
PTCH1	6.574509803921569	34.5	0.825623188405797	randomAbove10k
LCE3A	2.435294117647059	100.5	0.9952835820895523	randomBelow10k
CYP2R1	2.592156862745098	6.6	0.6193939393939394	randomAbove10k
BLOC1S4	8.333333333333334	13.5	0.39037037037037037	randomBelow10k
ZNF555	2.4607843137254903	5.4	0.5551851851851852	randomBelow10k
GLDN	5.164705882352941	44.1	0.9005442176870748	randomBelow10k
SMIM29	36.45098039215686	148.5	0.7696296296296294	randomBelow10k
CYP27C1	0.5764705882352941	4.8	0.8975000000000002	randomBelow10k
SELENOV	0.2823529411764706	9.4	0.9893617021276596	randomBelow10k
MAPT	21.149019607843137	147.9	0.8741446923597026	top500
P2RY4	0.10588235294117648	2.1	0.9685714285714286	randomBelow10k
PPARA	8.074509803921568	39.7	0.812544080604534	top500
ACTL7A	4.292156862745098	218.7	0.9999817101051669	randomBelow10k
ESPN	22.156862745098042	170.3	0.8872930123311801	randomBelow10k
PNLIPRP1	200.58823529411765	10208.0	0.999956896551724	randomBelow10k
LCE2A	2.3862745098039215	111.6	0.9981899641577061	randomBelow10k
TSPYL4	20.66862745098039	88.5	0.7817853107344633	randomBelow10k
MT1X	750.1450980392157	7048.3	0.9114421917341771	lowest500
USP7	23.892156862745093	54.8	0.5752919708029196	top500
DNAH17	0.16470588235294117	5.2	0.9876923076923078	randomBelow10k
PEAR1	4.5019607843137255	17.2	0.7530232558139534	lowest500
DNER	21.909803921568628	144.6	0.8654495159059473	randomBelow10k
SMTNL2	14.784313725490197	477.4	0.988412232928362	randomBelow10k
LAMTOR4	148.44901960784313	469.5	0.6974909478168263	randomBelow10k
PDCD1	1.2313725490196077	15.0	0.9362666666666667	top500
SELL	24.766666666666673	216.7	0.9034240886017534	randomAbove10k
H2AX	16.584313725490194	42.6	0.6229107981220657	top500
LCTL	0.2196078431372549	2.5	0.9304000000000001	randomBelow10k
PTAR1	9.270588235294117	31.9	0.7235736677115989	randomBelow10k
IDO2	0.1784313725490196	5.2	0.9850000000000001	lowest500
ZDHHC9	18.654901960784315	52.6	0.6582509505703422	randomAbove10k
NOXA1	6.276470588235293	22.4	0.7341964285714286	lowest500
SKOR1	0.5666666666666667	8.3	0.9503614457831325	randomBelow10k
LRRK2	4.266666666666667	49.4	0.9319028340080971	top500
SBSN	103.69411764705882	2318.1	0.974372977869807	randomAbove10k
BLOC1S3	5.67843137254902	12.7	0.5639370078740158	randomBelow10k
FAM47E	4.639215686274509	18.4	0.7628260869565218	randomBelow10k
MAOA	41.63921568627451	206.3	0.8141250605913717	top500
SLC35E2B	26.782352941176473	46.9	0.43752665245202566	randomBelow10k
GSPT2	5.845098039215687	12.4	0.5391935483870969	randomAbove10k
HMGB1	266.8647058823529	801.2	0.6802571143285072	top500
SYCP2	2.9294117647058826	40.2	0.9456716417910449	randomBelow10k
PTPRT	1.335294117647059	13.8	0.9213043478260868	randomAbove10k
HLA-DRB1	122.61372549019609	574.2	0.8021908742598398	top500
SERPINA3	431.0764705882354	8462.6	0.9680422092501122	randomAbove10k
FAT4	2.3294117647058825	9.4	0.7672340425531915	randomAbove10k
TMEM63A	31.78235294117647	153.0	0.8081176470588235	randomBelow10k
PPIA	1112.1470588235295	2171.8	0.49767289805691134	top500
ZBTB44	12.499999999999998	34.4	0.6493604651162791	randomBelow10k
NTNG2	3.241176470588235	23.6	0.8799152542372881	randomBelow10k
WDR5	17.74313725490196	36.7	0.5268664850136241	randomAbove10k
ZNF124	2.6784313725490194	5.8	0.5489655172413793	randomBelow10k
XRCC6	144.41764705882352	272.0	0.47843382352941183	top500
ZNF777	6.8529411764705905	13.4	0.49835820895522387	randomBelow10k
IPO4	9.333333333333332	55.2	0.8475362318840581	randomAbove10k
HDAC2	41.3156862745098	71.6	0.43142458100558656	top500
POTEF	0.04509803921568628	1.7	0.9929411764705882	lowest500
MMP1	5.211764705882353	70.7	0.9448090523338049	top500
ERI2	5.515686274509804	13.1	0.5905343511450382	randomBelow10k
NF1	9.584313725490198	24.9	0.6273895582329316	top500
HLA-DQA1	56.20196078431373	314.3	0.8376073814826599	top500
COL27A1	14.119607843137254	113.0	0.8925486725663717	randomBelow10k
H2AC13	0.5117647058823529	4.9	0.913469387755102	lowest500
ZNG1C	13.303921568627452	33.1	0.6100302114803625	randomBelow10k
FLNA	216.521568627451	1674.2	0.8880850555489188	top500
SRGAP1	2.5274509803921577	5.9	0.5830508474576273	lowest500
ZSCAN25	4.041176470588235	9.0	0.562	randomBelow10k
DTHD1	0.7745098039215687	12.9	0.9587596899224806	randomBelow10k
H4C3	0.6529411764705884	4.7	0.8782978723404256	randomAbove10k
KIAA1671	12.499999999999998	37.1	0.67633423180593	randomAbove10k
SRC	7.368627450980393	20.0	0.6442	top500
LRRC8B	4.980392156862745	20.9	0.7769377990430623	randomBelow10k
ABCB8	10.833333333333334	22.8	0.5353508771929825	lowest500
ADGRA1	2.168627450980392	26.2	0.9355725190839695	randomBelow10k
C1D	17.549019607843135	45.4	0.6257268722466961	lowest500
SERPINA1	721.7392156862746	31416.7	0.996567430697686	top500
ZNF165	2.0509803921568626	18.5	0.9069189189189188	randomBelow10k
BLM	1.2666666666666666	7.4	0.8454054054054057	randomAbove10k
DDI2	7.26078431372549	25.2	0.726111111111111	lowest500
HTT	8.788235294117646	20.1	0.5740298507462688	top500
OGDHL	13.676470588235293	119.9	0.9036530442035031	lowest500
STMN3	56.01176470588234	337.2	0.8505693950177935	randomBelow10k
SLC2A10	8.590196078431372	40.4	0.8031188118811882	randomAbove10k
PIGN	9.837254901960785	20.7	0.5352657004830917	lowest500
DPP4	20.441176470588236	146.6	0.8777762619372441	top500
CFD	189.8176470588235	1421.6	0.8838055711873944	randomAbove10k
MCMBP	13.20392156862745	23.7	0.45172995780590725	randomAbove10k
H4C16	0.6882352941176471	2.6	0.75	randomAbove10k
LEKR1	0.9431372549019608	12.1	0.9404958677685952	randomBelow10k
NOL8	6.894117647058824	11.8	0.42406779661016947	randomAbove10k
AKR1B10	43.82941176470589	577.8	0.9426272066458984	randomAbove10k
ADH4	98.46078431372548	4815.9	0.9991461616727922	randomAbove10k
HIBCH	30.523529411764706	132.5	0.7850264150943397	lowest500
HMGN5	19.882352941176475	100.2	0.8176047904191616	randomAbove10k
SZT2	3.770588235294118	6.1	0.3895081967213114	lowest500
CACNA1E	1.1372549019607845	16.6	0.9501204819277107	randomAbove10k
DDX42	35.017647058823535	55.0	0.37058181818181823	randomAbove10k
RPL23A	1202.7686274509804	3492.3	0.6687060103656617	randomAbove10k
HELZ	6.821568627450981	14.4	0.5368055555555555	randomAbove10k
PEG3	15.101960784313723	195.7	0.9412876852324986	lowest500
SPRED2	13.107843137254902	26.7	0.519250936329588	randomAbove10k
TMEM207	0.3274509803921569	16.6	0.9998795180722891	randomBelow10k
ZNF587	6.060784313725489	12.4	0.5214516129032258	randomBelow10k
ZNF536	3.3	30.4	0.9092763157894739	lowest500
CALM1	259.843137254902	836.8	0.7032695984703633	top500
TUSC1	12.994117647058824	29.7	0.5737373737373738	randomBelow10k
ABCA4	8.621568627450982	328.7	0.9932461210830542	randomAbove10k
F5	6.874509803921569	164.8	0.9774514563106795	top500
SLC5A3	5.145098039215687	27.1	0.8263468634686346	lowest500
GRIN3A	0.43725490196078437	7.1	0.9571830985915493	randomAbove10k
MUC2	17.317647058823532	436.8	0.9795604395604396	randomAbove10k
MTOR	6.507843137254904	20.5	0.6961951219512195	top500
TYW1	8.164705882352942	14.9	0.4610738255033558	randomBelow10k
KIAA0753	6.611764705882353	16.4	0.608780487804878	randomBelow10k
DMD	14.701960784313727	67.9	0.7991458026509572	top500
TGM2	91.5549019607843	775.7	0.8996106742297278	top500
RORB	2.362745098039216	51.5	0.9732038834951456	lowest500
CHML	3.023529411764706	10.7	0.7317757009345794	lowest500
STUM	5.658823529411765	47.5	0.8984842105263158	randomBelow10k
INPP5B	11.166666666666666	21.1	0.4801895734597157	lowest500
NHSL2	2.496078431372549	11.2	0.7926785714285713	randomBelow10k
TXNDC8	0.3450980392156863	17.5	0.9998857142857144	randomBelow10k
HSD17B8	16.67058823529412	63.0	0.7500952380952381	lowest500
SPIN3	4.890196078431372	13.6	0.6532352941176471	randomBelow10k
AGER	16.229411764705887	687.2	0.9959109429569267	top500
HSPA1A	341.90000000000003	1155.4	0.7181668686169291	top500
GPANK1	11.054901960784315	34.7	0.6950432276657059	randomBelow10k
LST1	14.260784313725491	180.8	0.9395464601769911	lowest500
MICB	1.376470588235294	9.4	0.8706382978723407	randomAbove10k
MICA	18.233333333333334	50.5	0.6517227722772277	top500
HLA-C	278.58235294117645	1377.9	0.8137774874809494	top500
POU5F1	2.7196078431372546	16.8	0.8548809523809524	top500
LILRB3	2.6117647058823525	37.9	0.9497097625329816	randomBelow10k
TRIM39	8.531372549019608	19.4	0.5714432989690722	lowest500
RACK1	908.8980392156861	2406.6	0.6347776946729826	top500
HLA-G	0.7901960784313726	13.7	0.961167883211679	top500
OR2H2	0.42156862745098045	4.5	0.9244444444444444	randomBelow10k
ATXN2	18.052941176470586	28.2	0.3670212765957446	randomAbove10k
KLRC3	0.6627450980392158	4.7	0.8761702127659575	randomBelow10k
IFITM5	0.21176470588235297	6.9	0.9886956521739131	randomBelow10k
HBA1	883.1333333333334	22913.0	0.9806862479814953	top500
HLA-A	346.113725490196	1420.1	0.7714006055911556	top500
HACD2	18.209803921568625	64.1	0.7302340093603745	lowest500
COLQ	2.2823529411764705	16.8	0.8814285714285716	randomBelow10k
AKR7L	5.0268292682926825	58.4	0.9367722602739725	randomBelow10k
TSSK1B	1.0215686274509805	51.7	0.9998452611218568	randomBelow10k
KRTAP10-3	0.4294117647058824	21.6	0.9997222222222223	randomBelow10k
ASIC3	5.935294117647058	45.0	0.8854666666666668	lowest500
SUPT4H1	53.73725490196078	133.8	0.6103437967115097	randomAbove10k
NRAS	15.239215686274509	55.2	0.7384057971014493	top500
CHUK	9.811764705882354	19.6	0.5093877551020408	top500
SYNJ2BP	10.237254901960785	27.4	0.6389051094890511	randomAbove10k
ARL2	99.60980392156861	286.3	0.6651205029689138	randomAbove10k
LBH	40.77450980392157	123.2	0.6824188311688313	randomBelow10k
SULT1A4	3.7450980392156867	27.3	0.8800732600732601	randomBelow10k
UGT2B11	4.9980392156862745	225.4	0.9973824312333629	randomBelow10k
SH3D21	4.76078431372549	32.8	0.871951219512195	randomBelow10k
EML6	1.4901960784313728	11.3	0.8854867256637168	randomBelow10k
ZBED1	15.523529411764704	67.6	0.7857692307692308	lowest500
TOMM6	181.4882352941177	315.4	0.4330691185795814	randomBelow10k
ARHGEF28	5.925490196078431	29.5	0.8151186440677967	lowest500
DDX3X	84.91960784313724	158.1	0.4721315623023402	top500
MYL5	15.211764705882352	54.3	0.7342541436464088	randomBelow10k
SCRT2	0.2215686274509804	3.9	0.9620512820512821	randomBelow10k
IFI30	110.86470588235294	668.3	0.8507915606763432	randomAbove10k
FANCG	3.5980392156862746	8.8	0.6029545454545455	randomAbove10k
FADS3	29.711764705882356	112.1	0.7496520963425514	randomAbove10k
C1QTNF5	30.180392156862744	554.7	0.9645033351361098	randomAbove10k
PRRT4	2.9843137254901957	54.5	0.9641467889908256	randomBelow10k
LTA	0.4470588235294118	5.4	0.9355555555555556	top500
TNF	1.219607843137255	19.9	0.9574874371859294	top500
H2BC15	0.5254901960784313	2.1	0.7647619047619049	randomAbove10k
ZNF879	2.2941176470588234	6.6	0.6654545454545455	randomBelow10k
HLA-B	430.23725490196074	2350.0	0.8332587234042553	top500
HGH1	1.458823529411765	3.1	0.54	lowest500
RNF148	1.064705882352941	48.3	0.9975155279503106	randomBelow10k
MFRP	6.188235294117646	314.9	0.9999555414417276	lowest500
FAM200B	7.462745098039216	15.5	0.5289032258064517	randomBelow10k
RBM14	25.872549019607842	48.6	0.4769958847736625	randomAbove10k
APOBEC3G	9.454901960784314	43.0	0.7957209302325583	top500
TLR9	0.9862745098039215	5.6	0.8403571428571428	top500
PCDHGC3	77.22549019607843	360.0	0.8011944444444445	randomBelow10k
PCDHGC5	1.5176470588235293	28.2	0.9651063829787234	randomBelow10k
MIF	451.01176470588234	1198.5	0.636160200250313	top500
UGT1A1	12.607843137254902	344.8	0.9827030162412993	top500
ARHGDIG	26.28627450980392	245.6	0.9108306188925082	randomBelow10k
PEG10	27.249019607843138	439.1	0.9567023457071282	randomAbove10k
DECR2	14.215686274509803	174.4	0.9368577981651376	lowest500
VSIG8	1.103921568627451	23.6	0.9722881355932204	randomBelow10k
EFNA4	6.2411764705882335	29.2	0.8019863013698629	lowest500
TICAM2	1.772549019607843	6.5	0.7418461538461537	randomAbove10k
RTL9	0.29215686274509806	7.5	0.9802666666666667	randomBelow10k
GSTA2	64.30392156862744	1924.8	0.9859237323358271	randomAbove10k
C4A	21.48823529411764	341.8	0.9558747805734348	randomAbove10k
HBB	3628.582352941176	125480.9	0.9905042440722055	top500
CEBPA	17.441176470588236	198.2	0.930242179616549	top500
RBM14-RBM4	0.8960784313725491	2.8	0.6935714285714283	randomBelow10k
TMEM150C	11.764705882352942	127.4	0.9258084772370487	randomBelow10k
GBA3	17.948780487804875	211.1	0.9378493604926575	randomAbove10k
ATP6V1E2	2.443137254901961	27.0	0.9277037037037035	randomBelow10k
FOXD1	0.7235294117647059	2.8	0.7564285714285713	lowest500
PRKDC	14.850980392156861	28.6	0.4903496503496504	top500
INS	245.38431372549022	12197.1	0.9994793844438432	top500
CARD18	1.1607843137254903	40.1	0.9904738154613467	randomBelow10k
CTSO	22.81176470588235	92.4	0.7681818181818184	randomBelow10k
DENND11	8.498039215686275	23.0	0.6431304347826087	randomBelow10k
MGAM	4.605882352941177	82.5	0.9630545454545455	randomBelow10k
ITGB3	6.480392156862746	52.7	0.894573055028463	top500
HPR	19.8	758.6	0.9933772739256527	lowest500
MMP12	2.950980392156863	38.1	0.940997375328084	randomAbove10k
OVCA2	28.13137254901961	52.3	0.4713575525812619	randomBelow10k
SEC22B	19.08235294117647	54.9	0.6654644808743169	randomAbove10k
FXYD1	192.34705882352944	1674.5	0.9028342788892206	lowest500
NDUFA7	58.643137254901966	253.2	0.7837598736176935	randomAbove10k
SSX4	0.06470588235294117	2.9	0.9972413793103447	randomBelow10k
OPN1MW	0.24901960784313723	12.6	0.9998412698412699	randomBelow10k
CTAG1A	0.15294117647058822	7.8	1.0	randomBelow10k
HSFX2	0.7411764705882353	5.1	0.8717647058823529	randomBelow10k
IKBKG	18.898039215686275	62.5	0.711584	top500
MMP28	7.688235294117646	29.4	0.7532653061224489	lowest500
CCL5	22.568627450980397	126.6	0.838167456556082	top500
POM121C	13.73921568627451	27.8	0.5158992805755396	randomAbove10k
TPTE	2.0960784313725487	105.6	0.9997537878787878	randomBelow10k
MAFIP	6.66829268292683	14.0	0.5367857142857143	randomBelow10k
H3C1	0.3803921568627452	7.4	0.9675675675675676	top500
TUBGCP5	7.6686274509803924	12.6	0.3992063492063492	lowest500
TBC1D3F	0.2529411764705883	6.4	0.9796875	randomBelow10k
CCL4L2	3.2843137254901955	30.3	0.9094389438943894	randomBelow10k
CCL14	87.33333333333333	696.1	0.8920298807642579	lowest500
H4C5	3.109803921568628	10.7	0.7235514018691588	randomAbove10k
H2AB3	0.623529411764706	24.1	0.993609958506224	randomBelow10k
PSMB3	95.97450980392155	197.3	0.5238317283324887	randomAbove10k
MYO19	8.313725490196079	23.9	0.6651882845188284	lowest500
MRM1	3.584313725490196	7.7	0.5451948051948051	randomBelow10k
H2AC17	0.5137254901960784	3.0	0.8453333333333333	lowest500
PCDH20	1.4529411764705882	7.8	0.83	randomBelow10k
RPS4Y2	0.06274509803921569	1.8	0.9844444444444445	randomBelow10k
TPTEP2-CSNK1E	2.535294117647059	5.5	0.5498181818181819	lowest500
ARHGAP11B	0.3666666666666666	4.7	0.9404255319148938	randomBelow10k
SOD2	128.5	1021.8	0.89609757291055	top500
