Disease,dataset,n_genes_total,n_genes_with_pubmed,coverage_pubmed,median_pubmed,mean_pubmed,p90_pubmed,gini_pubmed,median_rank,frac_in_top500,frac_in_top2000,frac_in_top10000,top_genes
Guillain-Barre syndrome,knowledge_filtered,1,1,1.0,6439.0,6439.0,6439.0,0.0,3.0,1.0,1.0,1.0,TNF(6439)
Camurati-Engelmann disease,knowledge_filtered,1,1,1.0,5005.0,5005.0,5005.0,0.0,7.0,1.0,1.0,1.0,TGFB1(5005)
Anencephaly,knowledge_filtered,1,1,1.0,3862.0,3862.0,3862.0,0.0,9.0,1.0,1.0,1.0,MTHFR(3862)
Spina bifida,knowledge_filtered,1,1,1.0,3862.0,3862.0,3862.0,0.0,9.0,1.0,1.0,1.0,MTHFR(3862)
Proteus syndrome,knowledge_filtered,1,1,1.0,3744.0,3744.0,3744.0,0.0,10.0,1.0,1.0,1.0,AKT1(3744)
Pilomatrixoma,knowledge_filtered,1,1,1.0,3354.0,3354.0,3354.0,0.0,16.0,1.0,1.0,1.0,CTNNB1(3354)
Bannayan-Riley-Ruvalcaba syndrome,knowledge_filtered,1,1,1.0,2819.0,2819.0,2819.0,0.0,23.0,1.0,1.0,1.0,PTEN(2819)
Erdheim-Chester disease,knowledge_filtered,1,1,1.0,2743.0,2743.0,2743.0,0.0,26.0,1.0,1.0,1.0,BRAF(2743)
Androgenic alopecia,knowledge_filtered,1,1,1.0,2708.0,2708.0,2708.0,0.0,27.0,1.0,1.0,1.0,AR(2708)
Kennedy's disease,knowledge_filtered,1,1,1.0,2708.0,2708.0,2708.0,0.0,27.0,1.0,1.0,1.0,AR(2708)
Androgen insensitivity syndrome,knowledge_filtered,1,1,1.0,2708.0,2708.0,2708.0,0.0,27.0,1.0,1.0,1.0,AR(2708)
AH Amyloidosis,knowledge_filtered,2,2,1.0,2668.5,2668.5,4712.9,0.4788270563987258,2130.5,0.5,0.5,1.0,APOE(5224); APCS(113)
AHL Amyloidosis,knowledge_filtered,2,2,1.0,2668.5,2668.5,4712.9,0.4788270563987258,2130.5,0.5,0.5,1.0,APOE(5224); APCS(113)
Lewy body dementia,knowledge_filtered,5,4,0.8,2250.0,2598.6,4409.2,0.34544754868005845,44.0,0.8,0.8,1.0,APOE(5224); APP(3187); SNCA(2250); SNCA(2250); SNCB(82)
Pick's disease,knowledge_filtered,1,1,1.0,2219.0,2219.0,2219.0,0.0,47.0,1.0,1.0,1.0,MAPT(2219)
Progressive supranuclear palsy,knowledge_filtered,1,1,1.0,2219.0,2219.0,2219.0,0.0,47.0,1.0,1.0,1.0,MAPT(2219)
Stevens-Johnson syndrome,knowledge_filtered,1,1,1.0,2215.0,2215.0,2215.0,0.0,48.0,1.0,1.0,1.0,HLA-B(2215)
Desmoid tumor,knowledge_filtered,2,2,1.0,2186.5,2186.5,3120.5,0.26697919048707974,85.5,1.0,1.0,1.0,CTNNB1(3354); APC(1019)
Congenital bilateral absence of vas deferens,knowledge_filtered,1,1,1.0,1944.0,1944.0,1944.0,0.0,59.0,1.0,1.0,1.0,CFTR(1944)
Rosacea,knowledge_filtered,4,4,1.0,1913.0,1883.0,2688.6,0.22583643122676578,61.5,1.0,1.0,1.0,HLA-DRB1(2868); GSTM1(2270); HLA-DQB1(1556); HLA-DQA1(838)
Congenital leptin deficiency,knowledge_filtered,1,1,1.0,1911.0,1911.0,1911.0,0.0,60.0,1.0,1.0,1.0,LEP(1911)
Hyper IgE recurrent infection syndrome 1,knowledge_filtered,2,2,1.0,1857.0,1857.0,3322.6,0.4932687129779214,6763.0,0.5,0.5,0.5,STAT3(3689); ZNF341(25)
Head and neck squamous cell carcinoma,knowledge_filtered,7,7,1.0,1717.0,3055.4285714285716,6334.600000000003,0.5277592241310215,68.0,0.8571428571428571,0.8571428571428571,1.0,TP53(11608); PTEN(2819); CDKN2A(2695); PIK3CA(1717); NOTCH1(1587)
Klippel-Trenaunay syndrome,knowledge_filtered,1,1,1.0,1717.0,1717.0,1717.0,0.0,68.0,1.0,1.0,1.0,PIK3CA(1717)
Large congenital melanocytic nevus,knowledge_filtered,2,2,1.0,1710.0,1710.0,2536.4,0.302046783625731,174.5,1.0,1.0,1.0,BRAF(2743); NRAS(677)
Li-Fraumeni syndrome,knowledge_filtered,4,4,1.0,1692.0,4592.833333333333,11608.0,0.5531746319749368,171.5,0.8333333333333334,1.0,1.0,TP53(11608); TP53(11608); CDKN2A(2695); CHEK2(689); CHEK2(689)
Herpes zoster,knowledge_filtered,7,7,1.0,1667.0,1770.4285714285713,3566.6,0.43017371557676565,71.0,0.7142857142857143,0.7142857142857143,1.0,STAT3(3689); IL10(3485); HLA-B(2215); HLA-A(1667); STAT1(1144)
Cardiofaciocutaneous syndrome,knowledge_filtered,4,4,1.0,1633.0,1644.0,2953.7000000000003,0.4012317518248175,259.0,0.75,1.0,1.0,KRAS(3044); BRAF(2743); MAP2K1(523); MAP2K2(266)
Ataxia telangiectasia,knowledge_filtered,1,1,1.0,1572.0,1572.0,1572.0,0.0,79.0,1.0,1.0,1.0,ATM(1572)
obsessive-compulsive disorder,knowledge_filtered,2,2,1.0,1567.5,1567.5,2234.3,0.26586921850079737,164.0,1.0,1.0,1.0,SLC6A4(2401); HTR2A(734)
Lyme disease,knowledge_filtered,2,2,1.0,1546.0,1546.0,2603.6,0.427554980595084,926.0,0.5,1.0,1.0,HLA-DRB1(2868); TLR1(224)
Weaver syndrome,knowledge_filtered,1,1,1.0,1545.0,1545.0,1545.0,0.0,83.0,1.0,1.0,1.0,EZH2(1545)
Prothrombin thrombophilia,knowledge_filtered,1,1,1.0,1486.0,1486.0,1486.0,0.0,89.0,1.0,1.0,1.0,F2(1486)
Prothrombin deficiency,knowledge_filtered,1,1,1.0,1486.0,1486.0,1486.0,0.0,89.0,1.0,1.0,1.0,F2(1486)
Frontotemporal dementia,knowledge_filtered,2,2,1.0,1413.5,1413.5,2057.9,0.2849310222851078,218.0,1.0,1.0,1.0,MAPT(2219); GRN(608)
Lymphoplasmacytic lymphoma,knowledge_filtered,2,2,1.0,1396.0,1396.0,2019.2,0.27901146131805166,214.0,1.0,1.0,1.0,CXCR4(2175); MYD88(617)
Factor V deficiency,knowledge_filtered,1,1,1.0,1343.0,1343.0,1343.0,0.0,100.0,1.0,1.0,1.0,F5(1343)
Blepharocheilodontic syndrome,knowledge_filtered,2,2,1.0,1341.5,1341.5,2053.9,0.3319045844204249,327.5,0.5,1.0,1.0,CDH1(2232); CTNND1(451)
Hereditary diffuse gastric cancer,knowledge_filtered,2,2,1.0,1267.0,1267.0,2039.0,0.38082083662194166,597.0,0.5,1.0,1.0,CDH1(2232); CTNNA1(302)
Celiac disease,knowledge_filtered,2,2,1.0,1197.0,1197.0,1484.2,0.1499582289055974,150.5,1.0,1.0,1.0,HLA-DQB1(1556); HLA-DQA1(838)
Immune dysregulation-polyendocrinopathy-enteropathy-X-linked syndrome,knowledge_filtered,1,1,1.0,1169.0,1169.0,1169.0,0.0,125.0,1.0,1.0,1.0,FOXP3(1169)
Multiple system atrophy,knowledge_filtered,2,2,1.0,1150.0,1150.0,2030.0,0.4782608695652173,4535.5,0.5,0.5,1.0,SNCA(2250); COQ2(50)
Polycythemia vera,knowledge_filtered,2,2,1.0,1137.5,1137.5,1670.7,0.29296703296703286,319.0,0.5,1.0,1.0,JAK2(1804); TET2(471)
Fibromyalgia,knowledge_filtered,5,5,1.0,1126.0,1277.0,2269.8,0.3783241973375098,133.0,0.8,0.8,1.0,SLC6A4(2401); COMT(2073); ADRB2(1126); HTR2A(734); TAAR1(51)
Congenital muscular dystrophy due to LMNA mutation,knowledge_filtered,1,1,1.0,1073.0,1073.0,1073.0,0.0,145.0,1.0,1.0,1.0,LMNA(1073)
Progeria,knowledge_filtered,1,1,1.0,1073.0,1073.0,1073.0,0.0,145.0,1.0,1.0,1.0,LMNA(1073)
Von Willebrand's disease,knowledge_filtered,1,1,1.0,1033.0,1033.0,1033.0,0.0,151.0,1.0,1.0,1.0,VWF(1033)
Localized insulin-derived Amyloidosis,knowledge_filtered,5,5,1.0,1031.0,1544.0,3584.8,0.5762694300518134,152.0,0.6,0.8,1.0,APOE(5224); APOA1(1126); INS(1031); APOA4(226); APCS(113)
Familial adenomatous polyposis,knowledge_filtered,1,1,1.0,1019.0,1019.0,1019.0,0.0,155.0,1.0,1.0,1.0,APC(1019)
Rubinstein-Taybi syndrome,knowledge_filtered,3,3,1.0,1007.0,848.6666666666666,1315.0,0.3260015710919089,159.0,0.6666666666666666,0.6666666666666666,1.0,EP300(1392); CREBBP(1007); AARS1(147)
Blau syndrome,knowledge_filtered,1,1,1.0,1001.0,1001.0,1001.0,0.0,160.0,1.0,1.0,1.0,NOD2(1001)
Multiple endocrine neoplasia,knowledge_filtered,3,3,1.0,994.0,828.6666666666666,1082.8,0.19254491820863504,163.0,0.6666666666666666,1.0,1.0,CDKN1B(1105); RET(994); MEN1(387)
Primary hypoalphalipoproteinemia 1,knowledge_filtered,2,2,1.0,987.5,987.5,1098.3,0.07012658227848112,175.5,1.0,1.0,1.0,APOA1(1126); ABCA1(849)
ankyloblepharon-ectodermal defects-cleft lip/palate syndrome,knowledge_filtered,1,1,1.0,963.0,963.0,963.0,0.0,175.0,1.0,1.0,1.0,TP63(963)
Type 1 diabetes mellitus,knowledge_filtered,14,14,1.0,934.5,1287.357142857143,2500.5000000000014,0.4982561964473966,186.5,0.7857142857142857,0.7857142857142857,1.0,IL6(5459); HLA-DRB1(2868); CCR5(1643); HLA-DQB1(1556); CTLA4(1335)
Von Hippel-Lindau disease,knowledge_filtered,1,1,1.0,916.0,916.0,916.0,0.0,195.0,1.0,1.0,1.0,VHL(916)
Fragile X-associated tremor/ataxia syndrome,knowledge_filtered,1,1,1.0,914.0,914.0,914.0,0.0,197.0,1.0,1.0,1.0,FMR1(914)
Primary ovarian insufficiency 1,knowledge_filtered,1,1,1.0,914.0,914.0,914.0,0.0,197.0,1.0,1.0,1.0,FMR1(914)
Fragile X syndrome,knowledge_filtered,1,1,1.0,914.0,914.0,914.0,0.0,197.0,1.0,1.0,1.0,FMR1(914)
Autoimmune thyroiditis,knowledge_filtered,6,6,1.0,879.0,1083.8333333333333,2101.5,0.4325439540724794,266.0,0.6666666666666666,1.0,1.0,HLA-DRB1(2868); CTLA4(1335); FOXP3(1169); PTPN22(589); SLC26A4(331)
Hereditary sensory neuropathy type 1E,knowledge_filtered,1,1,1.0,877.0,877.0,877.0,0.0,206.0,1.0,1.0,1.0,DNMT1(877)
SHORT syndrome,knowledge_filtered,1,1,1.0,872.0,872.0,872.0,0.0,207.0,1.0,1.0,1.0,PIK3R1(872)
Sickle cell disease,knowledge_filtered,1,1,1.0,871.0,871.0,871.0,0.0,209.0,1.0,1.0,1.0,HBB(871)
Beta thalassemia,knowledge_filtered,1,1,1.0,871.0,871.0,871.0,0.0,209.0,1.0,1.0,1.0,HBB(871)
Dopamine transporter deficiency syndrome,knowledge_filtered,1,1,1.0,868.0,868.0,868.0,0.0,210.0,1.0,1.0,1.0,SLC6A3(868)
Gerstmann-Straussler-Scheinker syndrome,knowledge_filtered,3,3,1.0,863.0,1550.0,2722.2000000000003,0.3708960573476703,211.0,1.0,1.0,1.0,APP(3187); PRNP(863); YWHAE(600)
Variably Protease-Sensitive Prionopathy,knowledge_filtered,1,1,1.0,863.0,863.0,863.0,0.0,211.0,1.0,1.0,1.0,PRNP(863)
Fatal familial insomnia,knowledge_filtered,1,1,1.0,863.0,863.0,863.0,0.0,211.0,1.0,1.0,1.0,PRNP(863)
Kuru,knowledge_filtered,1,1,1.0,863.0,863.0,863.0,0.0,211.0,1.0,1.0,1.0,PRNP(863)
Prion disease,knowledge_filtered,1,1,1.0,863.0,863.0,863.0,0.0,211.0,1.0,1.0,1.0,PRNP(863)
Vohwinkel syndrome,knowledge_filtered,2,1,0.5,860.0,860.0,860.0,0.0,214.0,1.0,1.0,1.0,GJB2(860)
Bart-Pumphrey syndrome,knowledge_filtered,1,1,1.0,860.0,860.0,860.0,0.0,214.0,1.0,1.0,1.0,GJB2(860)
Palmoplantar keratoderma-deafness syndrome,knowledge_filtered,2,1,0.5,860.0,860.0,860.0,0.0,214.0,1.0,1.0,1.0,GJB2(860)
Caffey disease,knowledge_filtered,1,1,1.0,856.0,856.0,856.0,0.0,216.0,1.0,1.0,1.0,COL1A1(856)
Tangier disease,knowledge_filtered,1,1,1.0,849.0,849.0,849.0,0.0,219.0,1.0,1.0,1.0,ABCA1(849)
Aromatase excess syndrome,knowledge_filtered,1,1,1.0,833.0,833.0,833.0,0.0,227.0,1.0,1.0,1.0,CYP19A1(833)
Familial hypercholesterolemia,knowledge_filtered,4,4,1.0,830.5,670.5,931.3,0.25633855331841904,231.0,0.75,0.75,1.0,APOB(949); LDLR(890); PCSK9(771); LDLRAP1(72)
Glanzmann's thrombasthenia,knowledge_filtered,2,2,1.0,830.5,830.5,1142.1,0.23449729078868153,373.0,0.5,1.0,1.0,ITGB3(1220); ITGA2B(441)
Costello syndrome,knowledge_filtered,1,1,1.0,823.0,823.0,823.0,0.0,233.0,1.0,1.0,1.0,HRAS(823)
Noonan syndrome with multiple lentigines,knowledge_filtered,4,4,1.0,820.0,1226.5,2201.2000000000003,0.35130452507134124,242.5,1.0,1.0,1.0,BRAF(2743); PTPN11(937); RAF1(703); MAP2K1(523)
Syndromic microphthalmia 3,knowledge_filtered,1,1,1.0,815.0,815.0,815.0,0.0,238.0,1.0,1.0,1.0,SOX2(815)
Paget's disease of bone 5,knowledge_filtered,1,1,1.0,804.0,804.0,804.0,0.0,244.0,1.0,1.0,1.0,TNFRSF11B(804)
Piebaldism,knowledge_filtered,2,2,1.0,795.5,795.5,1095.9,0.23601508485229417,401.0,0.5,1.0,1.0,KIT(1171); SNAI2(420)
Huntington's disease,knowledge_filtered,1,1,1.0,793.0,793.0,793.0,0.0,249.0,1.0,1.0,1.0,HTT(793); HTT(793)
Familial lipoprotein lipase deficiency,knowledge_filtered,1,1,1.0,784.0,784.0,784.0,0.0,255.0,1.0,1.0,1.0,LPL(784)
Oculodentodigital dysplasia,knowledge_filtered,1,1,1.0,769.0,769.0,769.0,0.0,262.0,1.0,1.0,1.0,GJA1(769)
Epidermal nevus,knowledge_filtered,6,6,1.0,767.0,1264.5,2380.5,0.33779271561003466,267.0,1.0,1.0,1.0,KRAS(3044); PIK3CA(1717); HRAS(823); FGFR2(711); NRAS(677)
Alpha 1-antitrypsin deficiency,knowledge_filtered,1,1,1.0,760.0,760.0,760.0,0.0,267.0,1.0,1.0,1.0,SERPINA1(760)
WAGR syndrome,knowledge_filtered,3,3,1.0,758.0,1245.6666666666667,2198.8,0.38158951030238164,269.0,0.6666666666666666,1.0,1.0,BDNF(2559); WT1(758); PAX6(420)
Frasier syndrome,knowledge_filtered,1,1,1.0,758.0,758.0,758.0,0.0,269.0,1.0,1.0,1.0,WT1(758)
Denys-Drash syndrome,knowledge_filtered,1,1,1.0,758.0,758.0,758.0,0.0,269.0,1.0,1.0,1.0,WT1(758)
Osteoglophonic dysplasia,knowledge_filtered,1,1,1.0,758.0,758.0,758.0,0.0,268.0,1.0,1.0,1.0,FGFR1(758)
Gilbert syndrome,knowledge_filtered,1,1,1.0,750.0,750.0,750.0,0.0,274.0,1.0,1.0,1.0,UGT1A1(750)
Crigler-Najjar syndrome,knowledge_filtered,1,1,1.0,750.0,750.0,750.0,0.0,274.0,1.0,1.0,1.0,UGT1A1(750)
Saethre-Chotzen syndrome,knowledge_filtered,1,1,1.0,748.0,748.0,748.0,0.0,278.0,1.0,1.0,1.0,TWIST1(748)
Donohue syndrome,knowledge_filtered,1,1,1.0,747.0,747.0,747.0,0.0,279.0,1.0,1.0,1.0,INSR(747)
Distal 10q deletion syndrome,knowledge_filtered,1,1,1.0,744.0,744.0,744.0,0.0,282.0,1.0,1.0,1.0,NAT2(744)
Maffucci syndrome,knowledge_filtered,2,2,1.0,743.5,743.5,931.9,0.15837256220578344,345.5,0.5,1.0,1.0,IDH1(979); IDH2(508)
Ollier disease,knowledge_filtered,2,2,1.0,743.5,743.5,931.9,0.15837256220578344,345.5,0.5,1.0,1.0,IDH1(979); IDH2(508)
Syndromic X-linked intellectual disability Lubs type,knowledge_filtered,1,1,1.0,736.0,736.0,736.0,0.0,286.0,1.0,1.0,1.0,MECP2(736)
X-linked intellectual disability-psychosis-macroorchidism syndrome,knowledge_filtered,1,1,1.0,736.0,736.0,736.0,0.0,286.0,1.0,1.0,1.0,MECP2(736)
Severe congenital encephalopathy due to MECP2 mutation,knowledge_filtered,1,1,1.0,736.0,736.0,736.0,0.0,286.0,1.0,1.0,1.0,MECP2(736)
Rett syndrome,knowledge_filtered,1,1,1.0,736.0,736.0,736.0,0.0,286.0,1.0,1.0,1.0,MECP2(736)
Pfeiffer syndrome,knowledge_filtered,2,2,1.0,734.5,734.5,753.3,0.015997277059224047,284.5,1.0,1.0,1.0,FGFR1(758); FGFR2(711)
Mismatch repair cancer syndrome,knowledge_filtered,4,4,1.0,732.5,708.0,1056.6000000000001,0.2611228813559322,329.0,0.75,1.0,1.0,MLH1(1110); MSH2(932); MSH6(533); PMS2(257)
Lung cancer,knowledge_filtered,28,28,1.0,716.5,1653.9642857142858,3135.8,0.6012402175354821,297.5,0.75,0.8214285714285714,0.9642857142857143,TP53(11608); EGFR(6674); ERBB2(3350); KRAS(3044); PTEN(2819)
Urinary bladder cancer,knowledge_filtered,27,27,1.0,716.0,1428.5555555555557,2744.6000000000004,0.5855541056080321,299.0,0.6296296296296297,0.7777777777777778,1.0,TP53(11608); ERBB2(3350); PTEN(2819); CDKN2A(2695); MDM2(2209)
Beare-Stevenson cutis gyrata syndrome,knowledge_filtered,1,1,1.0,711.0,711.0,711.0,0.0,301.0,1.0,1.0,1.0,FGFR2(711)
Jackson-Weiss syndrome,knowledge_filtered,1,1,1.0,711.0,711.0,711.0,0.0,301.0,1.0,1.0,1.0,FGFR2(711)
Acrocephalosyndactylia,knowledge_filtered,1,1,1.0,711.0,711.0,711.0,0.0,301.0,1.0,1.0,1.0,FGFR2(711)
Crouzon syndrome,knowledge_filtered,1,1,1.0,711.0,711.0,711.0,0.0,301.0,1.0,1.0,1.0,FGFR2(711)
Autoimmune lymphoproliferative syndrome,knowledge_filtered,9,9,1.0,703.0,1246.111111111111,3173.0,0.5093575073066825,305.0,0.6666666666666666,0.7777777777777778,1.0,STAT3(3689); KRAS(3044); CTLA4(1335); FAS(1256); FASLG(703)
X-linked cardiac valvular dysplasia,knowledge_filtered,1,1,1.0,697.0,697.0,697.0,0.0,308.0,1.0,1.0,1.0,FLNA(697)
Otopalatodigital syndrome type 1,knowledge_filtered,1,1,1.0,697.0,697.0,697.0,0.0,308.0,1.0,1.0,1.0,FLNA(697)
Otopalatodigital syndrome type 2,knowledge_filtered,1,1,1.0,697.0,697.0,697.0,0.0,308.0,1.0,1.0,1.0,FLNA(697)
Melnick-Needles syndrome,knowledge_filtered,1,1,1.0,697.0,697.0,697.0,0.0,308.0,1.0,1.0,1.0,FLNA(697)
Terminal osseous dysplasia,knowledge_filtered,1,1,1.0,697.0,697.0,697.0,0.0,308.0,1.0,1.0,1.0,FLNA(697)
MYH-9 related disease,knowledge_filtered,1,1,1.0,695.0,695.0,695.0,0.0,310.0,1.0,1.0,1.0,MYH9(695)
Narcolepsy,knowledge_filtered,8,8,1.0,691.5,1550.625,3939.2999999999993,0.641062071745264,339.0,0.625,0.625,1.0,TNF(6439); HLA-DRB1(2868); HLA-DQB1(1556); HLA-DQA1(838); TNFRSF1B(545)
Progressive osseous heteroplasia,knowledge_filtered,1,1,1.0,691.0,691.0,691.0,0.0,314.0,1.0,1.0,1.0,GNAS(691)
McCune Albright syndrome,knowledge_filtered,1,1,1.0,691.0,691.0,691.0,0.0,314.0,1.0,1.0,1.0,GNAS(691)
Enfuvirtide-induced Amyloidosis,knowledge_filtered,4,4,1.0,676.0,1672.25,3994.600000000001,0.6067050381222904,965.5,0.5,0.75,1.0,APOE(5224); APOA1(1126); APOA4(226); APCS(113)
Psoriatic arthritis,knowledge_filtered,8,8,1.0,667.5,1013.875,2410.9,0.4981352484280607,343.0,0.625,0.75,1.0,HLA-DRB1(2868); HLA-B(2215); HLA-C(1105); IL13(735); IL12B(600)
Wild-type transthyretin-related Amyloidosis,knowledge_filtered,1,1,1.0,663.0,663.0,663.0,0.0,336.0,1.0,1.0,1.0,TTR(663)
Transthyretin amyloidosis,knowledge_filtered,1,1,1.0,663.0,663.0,663.0,0.0,336.0,1.0,1.0,1.0,TTR(663); TTR(663)
Sjogren's syndrome,knowledge_filtered,1,1,1.0,663.0,663.0,663.0,0.0,336.0,1.0,1.0,1.0,TTR(663)
Hypertension,knowledge_filtered,8,8,1.0,657.0,775.5,1470.2999999999997,0.44487427466150875,396.0,0.5,0.75,1.0,NOS3(2192); AGT(1161); AGTR1(996); NOS2(843); SELE(471)
Gelatinous drop-like corneal dystrophy,knowledge_filtered,3,3,1.0,652.0,2095.6666666666665,4309.6,0.5103653040665924,344.0,0.6666666666666666,1.0,1.0,APOE(5224); CLU(652); LTF(411)
Brunner Syndrome,knowledge_filtered,1,1,1.0,651.0,651.0,651.0,0.0,346.0,1.0,1.0,1.0,MAOA(651)
DICER1 syndrome,knowledge_filtered,1,1,1.0,648.0,648.0,648.0,0.0,349.0,1.0,1.0,1.0,DICER1(648)
APP-related cerebral amyloid angiopathy,knowledge_filtered,5,5,1.0,646.0,1881.6,4409.2,0.5599914965986394,352.0,0.6,0.8,1.0,APOE(5224); APP(3187); CST3(646); SERPINA3(238); APCS(113)
CST3-related cerebral amyloid angiopathy,knowledge_filtered,4,4,1.0,646.0,940.4,2170.6000000000004,0.5688643130582731,352.0,0.6,0.6,1.0,APP(3187); CST3(646); CST3(646); APCS(113); ITM2B(110)
Breast cancer,knowledge_filtered,26,26,1.0,644.0,1373.3461538461538,2525.5,0.6019149444948307,357.0,0.6923076923076923,0.8076923076923077,1.0,TP53(11608); BRCA1(3448); PTEN(2819); CDH1(2232); BRCA2(2204)
Atypical teratoid rhabdoid tumor,knowledge_filtered,2,2,1.0,641.5,641.5,733.1,0.0892439594699923,379.0,1.0,1.0,1.0,SMARCA4(756); SMARCB1(527)
Cleidocranial dysplasia,knowledge_filtered,1,1,1.0,641.0,641.0,641.0,0.0,354.0,1.0,1.0,1.0,RUNX2(641)
Ectodermal dysplasia and immune deficiency,knowledge_filtered,2,2,1.0,638.5,638.5,702.1,0.06225528582615514,366.0,1.0,1.0,1.0,NFKBIA(718); IKBKG(559)
Neurofibromatosis,knowledge_filtered,1,1,1.0,638.0,638.0,638.0,0.0,359.0,1.0,1.0,1.0,NF1(638)
Wilson disease,knowledge_filtered,2,2,1.0,625.5,625.5,815.5,0.18984812150279784,492.5,0.5,1.0,1.0,PRNP(863); ATP7B(388)
Loeys-Dietz syndrome,knowledge_filtered,5,5,1.0,617.0,583.8,865.6,0.24158958547447754,377.0,0.6,1.0,1.0,SMAD3(1028); TGFBR2(622); TGFBR1(617); TGFB2(389); TGFB3(263)
Lacrimoauriculodentodigital syndrome 1,knowledge_filtered,3,3,1.0,615.0,484.3333333333333,691.8,0.26795136499197064,379.0,0.6666666666666666,0.6666666666666666,1.0,FGFR2(711); FGFR3(615); FGF10(127)
LADD syndrome,knowledge_filtered,3,3,1.0,615.0,484.3333333333333,691.8,0.26795136499197064,379.0,0.6666666666666666,0.6666666666666666,1.0,FGFR2(711); FGFR3(615); FGF10(127)
Muenke Syndrome,knowledge_filtered,1,1,1.0,615.0,615.0,615.0,0.0,379.0,1.0,1.0,1.0,FGFR3(615)
Hypochondroplasia,knowledge_filtered,1,1,1.0,615.0,615.0,615.0,0.0,379.0,1.0,1.0,1.0,FGFR3(615)
SADDAN,knowledge_filtered,1,1,1.0,615.0,615.0,615.0,0.0,379.0,1.0,1.0,1.0,FGFR3(615)
Crouzon syndrome-acanthosis nigricans syndrome,knowledge_filtered,1,1,1.0,615.0,615.0,615.0,0.0,379.0,1.0,1.0,1.0,FGFR3(615)
Thanatophoric dysplasia,knowledge_filtered,1,1,1.0,615.0,615.0,615.0,0.0,379.0,1.0,1.0,1.0,FGFR3(615)
Achondroplasia,knowledge_filtered,1,1,1.0,615.0,615.0,615.0,0.0,379.0,1.0,1.0,1.0,FGFR3(615)
Tatton-Brown-Rahman syndrome,knowledge_filtered,1,1,1.0,612.0,612.0,612.0,0.0,384.0,1.0,1.0,1.0,DNMT3A(612)
Atherosclerosis,knowledge_filtered,8,8,1.0,610.0,539.0,1002.0999999999999,0.4250347866419295,407.5,0.5,0.625,0.875,APOA1(1126); APOB(949); ABCA1(849); CETP(706); LPA(514)
Neuronal ceroid lipofuscinosis 11,knowledge_filtered,1,1,1.0,608.0,608.0,608.0,0.0,389.0,1.0,1.0,1.0,GRN(608)
Winchester syndrome,knowledge_filtered,1,1,1.0,608.0,608.0,608.0,0.0,390.0,1.0,1.0,1.0,MMP14(608)
Cholangiocarcinoma,knowledge_filtered,34,34,1.0,606.0,1406.0882352941176,2976.5,0.6474581005242894,388.0,0.5294117647058824,0.7058823529411765,0.9411764705882353,TP53(11608); EGFR(6674); BRCA1(3448); KRAS(3044); PTEN(2819)
Myelofibrosis,knowledge_filtered,6,6,1.0,604.0,785.6666666666666,1391.5,0.33503040588318483,415.5,0.5,1.0,1.0,JAK2(1804); IDH1(979); CALR(700); IDH2(508); TET2(471)
Apolipoprotein A-I associated Amyloidosis,knowledge_filtered,12,12,1.0,603.0,514.1666666666666,861.3000000000001,0.38190167477039444,397.5,0.5833333333333334,0.75,1.0,APOA1(1126); HBB(871); ALB(774); ACTB(774); SERPINA1(760)
Ovarian cancer,knowledge_filtered,19,19,1.0,599.0,1750.0526315789473,3507.2,0.6240255536438161,399.0,0.631578947368421,0.8421052631578947,1.0,TP53(11608); AKT1(3744); BRCA1(3448); CTNNB1(3354); CDH1(2232)
Nijmegen breakage syndrome,knowledge_filtered,1,1,1.0,599.0,599.0,599.0,0.0,399.0,1.0,1.0,1.0,NBN(599)
Mandibuloacral dysplasia,knowledge_filtered,2,2,1.0,597.5,597.5,977.9,0.3979079497907949,2019.0,0.5,0.5,1.0,LMNA(1073); ZMPSTE24(122)
Inclusion body myopathy with Paget disease of bone and frontotemporal dementia,knowledge_filtered,3,3,1.0,587.0,650.6666666666666,786.2,0.10484972677595635,408.0,1.0,1.0,1.0,VCP(836); HNRNPA1(587); HNRNPA2B1(529)
Peutz-Jeghers syndrome,knowledge_filtered,1,1,1.0,586.0,586.0,586.0,0.0,410.0,1.0,1.0,1.0,STK11(586)
X-linked dilated cardiomyopathy,knowledge_filtered,1,1,1.0,585.0,585.0,585.0,0.0,413.0,1.0,1.0,1.0,DMD(585)
Graves' disease,knowledge_filtered,8,8,1.0,581.5,827.75,1794.8999999999996,0.4948278465720326,413.0,0.625,0.875,0.875,HLA-DRB1(2868); CTLA4(1335); CD40(625); PTPN22(589); IL2RA(574)
Baraitser-Winter syndrome,knowledge_filtered,2,2,1.0,581.0,581.0,735.4,0.1660929432013769,517.0,0.5,1.0,1.0,ACTB(774); ACTG1(388)
Multiple sclerosis,knowledge_filtered,5,5,1.0,574.0,968.8,2051.6000000000004,0.4758051197357556,419.0,0.6,1.0,1.0,HLA-DRB1(2868); TNFRSF1A(827); IL2RA(574); IL7R(349); CYP27B1(226)
Campomelic dysplasia,knowledge_filtered,1,1,1.0,567.0,567.0,567.0,0.0,426.0,1.0,1.0,1.0,SOX9(567)
Bloch-Sulzberger syndrome,knowledge_filtered,1,1,1.0,559.0,559.0,559.0,0.0,434.0,1.0,1.0,1.0,IKBKG(559)
Juvenile polyposis syndrome,knowledge_filtered,2,2,1.0,558.0,558.0,842.8,0.31899641577060933,1147.0,0.5,0.5,1.0,SMAD4(914); BMPR1A(202)
Juvenile rheumatoid arthritis,knowledge_filtered,28,28,1.0,555.5,1102.5357142857142,2410.9000000000005,0.6007105605353151,444.0,0.5357142857142857,0.7857142857142857,0.9285714285714286,TNF(6439); IL6(5459); HLA-DRB1(2868); HLA-B(2215); HLA-A(1667)
Glucosephosphate dehydrogenase deficiency,knowledge_filtered,1,1,1.0,552.0,552.0,552.0,0.0,446.0,1.0,1.0,1.0,G6PD(552)
Immunodeficiency 14,knowledge_filtered,2,2,1.0,551.5,551.5,807.9,0.29057116953762474,970.0,0.5,1.0,1.0,PIK3R1(872); PIK3CD(231)
X-linked hyper IgM syndrome,knowledge_filtered,1,1,1.0,548.0,548.0,548.0,0.0,450.0,1.0,1.0,1.0,CD40LG(548)
Stormorken syndrome,knowledge_filtered,1,1,1.0,545.0,545.0,545.0,0.0,454.0,1.0,1.0,1.0,STIM1(545)
Systemic mastocytosis,knowledge_filtered,6,6,1.0,541.5,625.0,1051.0,0.29377777777777786,478.5,0.5,1.0,1.0,KIT(1171); RUNX1(931); DNMT3A(612); TET2(471); SRSF2(323)
Thrombotic thrombocytopenic purpura,knowledge_filtered,1,1,1.0,539.0,539.0,539.0,0.0,468.0,1.0,1.0,1.0,ADAMTS13(539)
Frontometaphyseal dysplasia,knowledge_filtered,3,3,1.0,535.0,496.0,664.6,0.19758064516129034,471.0,0.6666666666666666,1.0,1.0,FLNA(697); MAP3K7(535); TAB2(256)
Lynch syndrome,knowledge_filtered,8,8,1.0,533.0,552.6153846153846,1074.4,0.3580178173719376,475.0,0.5384615384615384,0.8461538461538461,1.0,MLH1(1110); MLH1(1110); MSH2(932); MSH2(932); TGFBR2(622)
Silver-Russell syndrome,knowledge_filtered,5,5,1.0,532.0,441.2,677.0,0.29138712601994554,476.0,0.6,0.8,1.0,IGF2(749); H19(569); HMGA2(532); CDKN1C(252); PLAG1(104)
Nephrolithiasis,knowledge_filtered,9,9,1.0,529.0,518.4444444444445,1077.4,0.4148687907796352,482.0,0.5555555555555556,0.7777777777777778,0.8888888888888888,SPP1(1203); IL1RN(1046); FGF23(654); CASR(535); KL(529)
Hyperphosphatemic familial tumoral calcinosis,knowledge_filtered,3,3,1.0,529.0,423.3333333333333,629.0,0.2976377952755905,482.0,0.6666666666666666,0.6666666666666666,1.0,FGF23(654); KL(529); GALNT3(87)
Acromicric dysplasia,knowledge_filtered,1,1,1.0,526.0,526.0,526.0,0.0,487.0,1.0,1.0,1.0,FBN1(526)
Marfan syndrome,knowledge_filtered,1,1,1.0,526.0,526.0,526.0,0.0,487.0,1.0,1.0,1.0,FBN1(526)
Langerhans-cell histiocytosis,knowledge_filtered,3,3,1.0,523.0,1156.3333333333333,2299.0,0.48813298741231864,492.0,0.6666666666666666,0.6666666666666666,1.0,BRAF(2743); MAP2K1(523); MAP3K1(203)
Melorheostosis,knowledge_filtered,1,1,1.0,523.0,523.0,523.0,0.0,492.0,1.0,1.0,1.0,MAP2K1(523)
Short QT syndrome,knowledge_filtered,4,4,1.0,517.0,475.25,670.9,0.230273540241978,554.5,0.5,0.75,1.0,KCNH2(685); KCNQ1(638); CACNA1C(396); KCNJ2(182)
Retinoblastoma,knowledge_filtered,3,3,1.0,511.0,654.3333333333334,1236.6000000000001,0.47002886737986077,519.0,0.3333333333333333,0.6666666666666666,0.6666666666666666,RB1(1418); MYCN(511); AADAC(34)
Lateral meningocele syndrome,knowledge_filtered,1,1,1.0,508.0,508.0,508.0,0.0,524.0,0.0,1.0,1.0,NOTCH3(508)
CADASIL,knowledge_filtered,1,1,1.0,508.0,508.0,508.0,0.0,524.0,0.0,1.0,1.0,NOTCH3(508)
Alpha thalassemia,knowledge_filtered,2,2,1.0,507.5,507.5,641.5,0.1650246305418719,634.5,0.5,1.0,1.0,HBA1(675); HBA2(340)
Crohn's disease,knowledge_filtered,14,14,1.0,506.5,1156.7142857142858,3299.9000000000005,0.5510771185095009,548.0,0.5,0.7142857142857143,1.0,STAT3(3689); IL10(3485); HLA-DRB1(2868); JAK2(1804); LRRK2(1107)
STING-associated vasculopathy with onset in infancy,knowledge_filtered,1,1,1.0,501.0,501.0,501.0,0.0,534.0,0.0,1.0,1.0,STING1(501)
Chronic myeloid leukemia,knowledge_filtered,3,3,1.0,499.0,507.6666666666667,836.6,0.35806522214926684,538.0,0.3333333333333333,0.6666666666666666,1.0,ABL1(921); BCR(499); ABCB7(103)
PrP Systemic Amyloidosis,knowledge_filtered,2,2,1.0,488.0,488.0,788.0,0.38422131147540983,2233.5,0.5,0.5,1.0,PRNP(863); APCS(113)
Lattice corneal dystrophy,knowledge_filtered,3,3,1.0,485.5,1628.5,3852.4000000000005,0.5775253300583358,695.5,0.5,1.0,1.0,APOE(5224); CLU(652); TGFBI(319); TGFBI(319)
Rheumatoid arthritis,knowledge_filtered,4,4,1.0,483.5,974.5,2206.5000000000005,0.5627244740892765,735.5,0.5,0.75,1.0,HLA-DRB1(2868); TTR(663); SAA1(304); SAA2(63)
Factor VII deficiency,knowledge_filtered,1,1,1.0,483.0,483.0,483.0,0.0,556.0,0.0,1.0,1.0,F7(483)
Acatalasia,knowledge_filtered,1,1,1.0,482.0,482.0,482.0,0.0,557.0,0.0,1.0,1.0,CAT(482)
Abetalipoproteinemia,knowledge_filtered,4,4,1.0,477.0,516.5,895.6,0.35648596321394,1320.5,0.5,0.5,1.0,APOB(949); PCSK9(771); MTTP(183); ANGPTL3(163)
Creutzfeldt-Jakob disease,knowledge_filtered,8,8,1.0,475.0,1017.625,2171.2999999999993,0.6481851123940547,1181.5,0.5,0.5,1.0,APOE(5224); PRNP(863); YWHAZ(785); C3(747); C1QA(203)
Transient myeloproliferative syndrome,knowledge_filtered,2,2,1.0,475.0,475.0,531.0,0.0736842105263158,587.0,0.5,1.0,1.0,STIM1(545); ORAI1(405)
Essential thrombocythemia,knowledge_filtered,5,5,1.0,471.0,675.8,1362.4,0.4441550754661142,573.0,0.4,0.8,1.0,JAK2(1804); CALR(700); TET2(471); MPL(252); THPO(152)
Hereditary beta-2-microglobulin-related Amyloidosis,knowledge_filtered,1,1,1.0,471.0,471.0,471.0,0.0,574.0,0.0,1.0,1.0,B2M(471)
Apolipoprotein C-III associated Amyloidosis,knowledge_filtered,5,5,1.0,467.0,1431.2,3584.8,0.6216880939072107,582.0,0.4,0.8,1.0,APOE(5224); APOA1(1126); APOC3(467); APOA4(226); APCS(113)
Congenital myopathy 5,knowledge_filtered,1,1,1.0,467.0,467.0,467.0,0.0,585.0,0.0,1.0,1.0,TTN(467)
Tibial muscular dystrophy,knowledge_filtered,1,1,1.0,467.0,467.0,467.0,0.0,585.0,0.0,1.0,1.0,TTN(467)
Myofibrillar myopathy 9,knowledge_filtered,1,1,1.0,467.0,467.0,467.0,0.0,585.0,0.0,1.0,1.0,TTN(467)
Familial hyperlipidemia,knowledge_filtered,4,4,1.0,466.0,1557.0,3892.000000000001,0.6459537572254336,1669.0,0.5,0.5,1.0,APOE(5224); LPL(784); APOC2(148); LDLRAP1(72)
Warfarin resistance,knowledge_filtered,7,7,1.0,460.0,726.7142857142857,1477.2000000000007,0.4881911876211071,597.0,0.42857142857142855,0.7142857142857143,1.0,ABCB1(2568); UGT1A1(750); NQO1(649); VKORC1(460); CYP2A6(318)
Alopecia areata,knowledge_filtered,45,45,1.0,459.0,905.5777777777778,2178.0,0.602320324790939,598.0,0.4888888888888889,0.6888888888888889,0.9333333333333333,TNF(6439); MTHFR(3862); IL1B(3209); HLA-DRB1(2868); NOS3(2192)
Homocystinuria,knowledge_filtered,5,5,1.0,458.0,1046.2,2512.0,0.5927738482125788,600.0,0.2,0.8,0.8,MTHFR(3862); MTR(487); CBS(458); MTRR(389); MMADHC(35)
Nemaline myopathy 3,knowledge_filtered,1,1,1.0,454.0,454.0,454.0,0.0,603.0,0.0,1.0,1.0,ACTA1(454)
DOID:12252,knowledge_filtered,9,9,1.0,451.5,413.0,691.0,0.3654829163303739,683.5,0.5,0.5833333333333334,1.0,PRKACA(723); GNAS(691); GNAS(691); GNAS(691); GNAS(691)
Tuberous sclerosis,knowledge_filtered,2,2,1.0,446.5,446.5,522.1,0.10582306830907062,677.5,0.5,1.0,1.0,TSC2(541); TSC1(352)
Lymphangioleiomyomatosis,knowledge_filtered,2,2,1.0,446.5,446.5,522.1,0.10582306830907062,677.5,0.5,1.0,1.0,TSC2(541); TSC1(352)
Keratosis follicularis,knowledge_filtered,1,1,1.0,444.0,444.0,444.0,0.0,622.0,0.0,1.0,1.0,ATP2A2(444)
Core binding factor acute myeloid leukemia,knowledge_filtered,10,10,1.0,442.0,747.0,1358.2999999999993,0.5325301204819277,1177.5,0.5,0.5,1.0,KRAS(3044); KIT(1171); RUNX1(931); FLT3(833); NRAS(677)
Plasminogen deficiency type I,knowledge_filtered,1,1,1.0,438.0,438.0,438.0,0.0,637.0,0.0,1.0,1.0,PLG(438)
Jervell-Lange Nielsen syndrome,knowledge_filtered,2,2,1.0,437.0,437.0,597.8,0.22997711670480547,1025.0,0.5,1.0,1.0,KCNQ1(638); KCNE1(236)
Neuronal ceroid lipofuscinosis 10,knowledge_filtered,1,1,1.0,428.0,428.0,428.0,0.0,658.0,0.0,1.0,1.0,CTSD(428)
Granulomatosis with polyangiitis,knowledge_filtered,1,1,1.0,428.0,428.0,428.0,0.0,657.0,0.0,1.0,1.0,HLA-DPB1(428)
Craniometaphyseal dysplasia,knowledge_filtered,2,2,1.0,424.5,424.5,700.1,0.40577149587750294,3164.5,0.5,0.5,1.0,GJA1(769); ANKH(80)
Alcohol use disorder,knowledge_filtered,15,15,1.0,424.0,690.8,1773.7999999999997,0.5299363057324841,663.0,0.4666666666666667,0.6666666666666666,0.9333333333333333,SLC6A4(2401); COMT(2073); DRD2(1325); SLC6A3(868); ALDH2(827)
Gestational diabetes,knowledge_filtered,8,8,1.0,424.0,481.0,715.8,0.23356288981288986,665.5,0.375,1.0,1.0,TCF7L2(853); IRS1(657); KCNQ1(638); IGF2BP2(425); KCNJ11(423)
Alzheimer's disease,knowledge_filtered,28,26,0.9285714285714286,423.5,1367.1764705882354,4612.899999999999,0.6156881305142313,669.5,0.4411764705882353,0.8235294117647058,0.9411764705882353,IL6(5459); APOE(5224); APOE(5224); APOE(5224); APP(3187)
Congenital afibrinogenemia,knowledge_filtered,3,3,1.0,422.0,412.6666666666667,459.6,0.06569736133548727,673.0,0.0,1.0,1.0,FGB(469); FGA(422); FGG(347)
Hereditary fibrinogen A alpha-chain Amyloidosis,knowledge_filtered,1,1,1.0,422.0,422.0,422.0,0.0,673.0,0.0,1.0,1.0,FGA(422)
Nephroblastoma,knowledge_filtered,10,10,1.0,421.0,1780.5,4179.399999999997,0.7414490311710195,876.0,0.5,0.7,0.9,TP53(11608); CTNNB1(3354); WT1(758); IGF2(749); H19(569)
Peters anomaly,knowledge_filtered,5,5,1.0,420.0,459.8,725.4,0.26481078729882557,680.0,0.4,1.0,1.0,SOX2(815); CYP1B1(591); PAX6(420); FOXC1(247); PITX2(226)
Aniridia,knowledge_filtered,1,1,1.0,420.0,420.0,420.0,0.0,680.0,0.0,1.0,1.0,PAX6(420)
Thoracic aortic aneurysm,knowledge_filtered,8,8,1.0,419.5,453.0,743.8,0.3398868653421634,785.0,0.5,0.625,1.0,SMAD3(1028); TGFBR2(622); TGFBR1(617); FBN1(526); ACTA2(313)
Pseudohermaphroditism,knowledge_filtered,7,7,1.0,419.0,810.5714285714286,1855.4000000000005,0.5480638501435118,684.0,0.42857142857142855,0.7142857142857143,1.0,AR(2708); NR3C1(1287); CYP19A1(833); AMH(419); SRD5A2(272)
Hereditary sensory and autonomic neuropathy type 5,knowledge_filtered,1,1,1.0,412.0,412.0,412.0,0.0,699.0,0.0,1.0,1.0,NGF(412)
Beckwith-Wiedemann syndrome,knowledge_filtered,4,4,1.0,410.5,433.5,695.0,0.2987312572087658,978.0,0.5,0.75,1.0,IGF2(749); H19(569); CDKN1C(252); KCNQ1OT1(164)
Leprosy,knowledge_filtered,6,6,1.0,409.0,616.6666666666666,1304.0,0.47342342342342336,1105.5,0.5,0.8333333333333334,1.0,TLR2(1621); PRKN(987); LTA(592); CYP27B1(226); TLR1(224)
Schwannomatosis,knowledge_filtered,3,3,1.0,405.0,335.0,502.6,0.30116086235489226,718.0,0.3333333333333333,0.6666666666666666,1.0,SMARCB1(527); NF2(405); LZTR1(73)
Vestibular schwannomatosis,knowledge_filtered,1,1,1.0,405.0,405.0,405.0,0.0,718.0,0.0,1.0,1.0,NF2(405)
Protein C deficiency,knowledge_filtered,1,1,1.0,403.0,403.0,403.0,0.0,724.0,0.0,1.0,1.0,PROC(403)
Wild type beta-2-microglobulin-related Amyloidosis,knowledge_filtered,4,4,1.0,396.5,1532.5,3798.100000000001,0.6314029363784666,801.5,0.25,0.75,1.0,APOE(5224); B2M(471); A2M(322); APCS(113)
Timothy syndrome,knowledge_filtered,1,1,1.0,396.0,396.0,396.0,0.0,751.0,0.0,1.0,1.0,CACNA1C(396)
Vitiligo,knowledge_filtered,2,2,1.0,394.5,394.5,550.1,0.2465145754119138,1268.0,0.5,0.5,1.0,PTPN22(589); NLRP1(200)
Tietz syndrome,knowledge_filtered,1,1,1.0,386.0,386.0,386.0,0.0,780.0,0.0,1.0,1.0,MITF(386)
Bloom syndrome,knowledge_filtered,1,1,1.0,385.0,385.0,385.0,0.0,783.0,0.0,1.0,1.0,BLM(385)
Immunodeficiency 48,knowledge_filtered,1,1,1.0,384.0,384.0,384.0,0.0,785.0,0.0,1.0,1.0,ZAP70(384)
Periventricular nodular heterotopia,knowledge_filtered,3,3,1.0,383.0,389.6666666666667,634.2,0.3467351012261191,789.0,0.3333333333333333,0.6666666666666666,1.0,FLNA(697); NEDD4L(383); ARFGEF2(89)
Spinal muscular atrophy,knowledge_filtered,2,2,1.0,383.0,383.0,451.0,0.11096605744125321,874.5,0.0,1.0,1.0,SMN1(468); SMN2(298)
Hajdu-Cheney syndrome,knowledge_filtered,1,1,1.0,383.0,383.0,383.0,0.0,787.0,0.0,1.0,1.0,NOTCH2(383)
Kniest dysplasia,knowledge_filtered,1,1,1.0,381.0,381.0,381.0,0.0,793.0,0.0,1.0,1.0,COL2A1(381)
Torrance type platyspondylic dysplasia,knowledge_filtered,1,1,1.0,381.0,381.0,381.0,0.0,793.0,0.0,1.0,1.0,COL2A1(381)
Spondyloperipheral dysplasia,knowledge_filtered,1,1,1.0,381.0,381.0,381.0,0.0,793.0,0.0,1.0,1.0,COL2A1(381)
Legg-Calve-Perthes disease,knowledge_filtered,1,1,1.0,381.0,381.0,381.0,0.0,793.0,0.0,1.0,1.0,COL2A1(381)
Spondyloepiphyseal dysplasia congenita,knowledge_filtered,1,1,1.0,381.0,381.0,381.0,0.0,793.0,0.0,1.0,1.0,COL2A1(381)
Alexander disease,knowledge_filtered,1,1,1.0,380.0,380.0,380.0,0.0,799.0,0.0,1.0,1.0,GFAP(380)
Thrombophilia,knowledge_filtered,8,8,1.0,375.5,585.875,1385.9,0.41399082568807344,816.5,0.25,0.875,1.0,F2(1486); F5(1343); PLG(438); PROC(403); THBD(348)
Dermatofibrosarcoma protuberans,knowledge_filtered,3,3,1.0,373.0,444.0,759.4,0.37687687687687693,816.0,0.3333333333333333,0.6666666666666666,1.0,COL1A1(856); PDGFB(373); ABCB7(103)
Isolated growth hormone deficiency,knowledge_filtered,3,3,1.0,373.0,318.6666666666667,458.6,0.2629009762900976,817.0,0.0,0.6666666666666666,1.0,GH1(480); BTK(373); GHRHR(103)
adult-onset autosomal dominant demyelinating leukodystrophy,knowledge_filtered,1,1,1.0,372.0,372.0,372.0,0.0,822.0,0.0,1.0,1.0,LMNB1(372)
Werner syndrome,knowledge_filtered,1,1,1.0,372.0,372.0,372.0,0.0,820.0,0.0,1.0,1.0,WRN(372)
Finnish type amyloidosis,knowledge_filtered,8,8,1.0,370.0,959.7777777777778,1652.8000000000006,0.6071621517326542,828.0,0.4444444444444444,0.7777777777777778,1.0,APOE(5224); SERPINA1(760); C3(747); CST3(646); GSN(370)
Corticosterone methyloxidase deficiency 1,knowledge_filtered,1,1,1.0,369.0,369.0,369.0,0.0,835.0,0.0,1.0,1.0,CYP11B2(369)
Myeloid and lymphoid neoplasms associated with PDGFRA rearrangement,knowledge_filtered,2,2,1.0,368.0,368.0,520.0,0.25815217391304346,1455.5,0.5,0.5,1.0,PDGFRA(558); FIP1L1(178)
Primary polycythemia,knowledge_filtered,6,6,1.0,367.0,461.8,916.0,0.34452143785188394,1009.5,0.4,0.9,0.9,VHL(916); VHL(916); EPAS1(634); EPAS1(634); EPO(474)
Chromosome 2q37 deletion syndrome,knowledge_filtered,1,1,1.0,366.0,366.0,366.0,0.0,846.0,0.0,1.0,1.0,HDAC4(366)
Acute necrotizing encephalitis,knowledge_filtered,1,1,1.0,366.0,366.0,366.0,0.0,848.0,0.0,1.0,1.0,RANBP2(366)
Alpha thalassemia-X-linked intellectual disability syndrome,knowledge_filtered,1,1,1.0,364.0,364.0,364.0,0.0,854.0,0.0,1.0,1.0,ATRX(364)
Hereditary hemorrhagic telangiectasia,knowledge_filtered,4,4,1.0,363.5,445.25,799.4000000000001,0.3732453677709152,1334.0,0.5,0.5,1.0,SMAD4(914); ENG(532); ACVRL1(195); GDF2(140)
Dubin-Johnson syndrome,knowledge_filtered,1,1,1.0,361.0,361.0,361.0,0.0,861.0,0.0,1.0,1.0,ABCC2(361)
Autosomal dominant hypocalcemia,knowledge_filtered,2,2,1.0,360.0,360.0,500.0,0.24305555555555558,1411.0,0.5,0.5,1.0,CASR(535); GNA11(185)
Alagille syndrome,knowledge_filtered,3,3,1.0,358.0,269.3333333333333,378.0,0.26072607260726066,869.0,0.0,0.6666666666666666,1.0,NOTCH2(383); JAG1(358); ABCA2(67)
Carpal tunnel syndrome,knowledge_filtered,8,8,1.0,355.5,608.375,1280.1999999999998,0.5362389562358743,1283.5,0.375,0.5,0.875,GSTM1(2270); COL1A1(856); TTR(663); IL6R(505); COL5A1(206)
Hyperinsulinemic hypoglycemia,knowledge_filtered,9,9,1.0,353.0,366.6666666666667,550.4,0.21003367003367007,883.0,0.2222222222222222,0.8888888888888888,1.0,HNF4A(592); HNF1A(540); KCNJ11(423); UCP2(394); GCK(353)
Permanent neonatal diabetes mellitus,knowledge_filtered,5,5,1.0,353.0,460.4,787.8000000000001,0.31120764552562985,883.0,0.2,0.8,1.0,INS(1031); KCNJ11(423); GCK(353); ABCC8(296); PDX1(199)
Mowat-Wilson syndrome,knowledge_filtered,1,1,1.0,350.0,350.0,350.0,0.0,902.0,0.0,1.0,1.0,ZEB2(350)
Restrictive cardiomyopathy,knowledge_filtered,5,5,1.0,349.0,332.8,424.4,0.1447115384615385,903.0,0.0,0.8,1.0,TNNT2(448); TNNI3(389); MYH7(349); ACTC1(273); DES(205)
Distal myopathy 1,knowledge_filtered,1,1,1.0,349.0,349.0,349.0,0.0,903.0,0.0,1.0,1.0,MYH7(349)
Hyaline body myopathy,knowledge_filtered,1,1,1.0,349.0,349.0,349.0,0.0,903.0,0.0,1.0,1.0,MYH7(349)
Alpers-Huttenlocher syndrome,knowledge_filtered,1,1,1.0,349.0,349.0,349.0,0.0,904.0,0.0,1.0,1.0,POLG(349)
Laron syndrome,knowledge_filtered,1,1,1.0,346.0,346.0,346.0,0.0,920.0,0.0,1.0,1.0,GHR(346)
Congenital myopathy 1A,knowledge_filtered,1,1,1.0,345.0,345.0,345.0,0.0,926.0,0.0,1.0,1.0,RYR1(345)
Brooke-Spiegler syndrome,knowledge_filtered,1,1,1.0,345.0,345.0,345.0,0.0,922.0,0.0,1.0,1.0,CYLD(345)
Prolactinoma,knowledge_filtered,1,1,1.0,344.0,344.0,344.0,0.0,927.0,0.0,1.0,1.0,PRL(344)
VEXAS syndrome,knowledge_filtered,1,1,1.0,343.0,343.0,343.0,0.0,931.0,0.0,1.0,1.0,UBA1(343)
X-linked spinal muscular atrophy 2,knowledge_filtered,1,1,1.0,343.0,343.0,343.0,0.0,931.0,0.0,1.0,1.0,UBA1(343)
Carney complex,knowledge_filtered,1,1,1.0,343.0,343.0,343.0,0.0,934.0,0.0,1.0,1.0,PRKAR1A(343)
Acute promyelocytic leukemia,knowledge_filtered,7,7,1.0,338.0,459.42857142857144,874.2000000000002,0.39632196162046907,951.0,0.2857142857142857,0.7142857142857143,1.0,NPM1(1161); PML(683); RARA(466); NUMA1(338); STAT5B(328)
Cyclic hematopoiesis,knowledge_filtered,1,1,1.0,336.0,336.0,336.0,0.0,961.0,0.0,1.0,1.0,ELANE(336)
Junctional epidermolysis bullosa with pyloric atresia,knowledge_filtered,3,3,1.0,335.0,339.3333333333333,359.0,0.030779305828421737,963.0,0.0,1.0,1.0,ITGA6(365); PLEC(335); ITGB4(318)
Miller-Dieker lissencephaly syndrome,knowledge_filtered,3,3,1.0,335.0,382.6666666666667,547.0,0.2247386759581881,966.0,0.3333333333333333,1.0,1.0,YWHAE(600); CRK(335); PAFAH1B1(213)
MASA syndrome,knowledge_filtered,1,1,1.0,334.0,334.0,334.0,0.0,971.0,0.0,1.0,1.0,L1CAM(334)
Central diabetes insipidus,knowledge_filtered,1,1,1.0,333.0,333.0,333.0,0.0,977.0,0.0,1.0,1.0,AVP(333)
Pendred Syndrome,knowledge_filtered,1,1,1.0,331.0,331.0,331.0,0.0,985.0,0.0,1.0,1.0,SLC26A4(331)
Machado-Joseph disease,knowledge_filtered,1,1,1.0,331.0,331.0,331.0,0.0,987.0,0.0,1.0,1.0,ATXN3(331)
SOST-related sclerosing bone dysplasia,knowledge_filtered,1,1,1.0,330.0,330.0,330.0,0.0,989.0,0.0,1.0,1.0,SOST(330)
Ankylosing spondylitis,knowledge_filtered,17,17,1.0,328.0,718.1764705882352,1876.6000000000001,0.5776452279658689,995.0,0.29411764705882354,0.7058823529411765,1.0,STAT3(3689); HLA-B(2215); IL17A(1651); IL1A(1007); IL12B(600)
Gastrointestinal stromal tumor,knowledge_filtered,7,7,1.0,328.0,761.8571428571429,1799.8000000000006,0.5479092443277704,996.0,0.42857142857142855,0.7142857142857143,1.0,BRAF(2743); KIT(1171); PDGFRA(558); SDHB(328); SDHA(260)
X-linked thrombocytopenia with beta-thalassemia,knowledge_filtered,1,1,1.0,326.0,326.0,326.0,0.0,1002.0,0.0,1.0,1.0,GATA1(326)
7q11.23 duplication syndrome,knowledge_filtered,2,2,1.0,325.5,325.5,337.1,0.022273425499232058,1018.0,0.0,1.0,1.0,GTF2I(340); ELN(311)
osteoporosis-pseudoglioma syndrome,knowledge_filtered,1,1,1.0,325.0,325.0,325.0,0.0,1008.0,0.0,1.0,1.0,LRP5(325)
Idiopathic juvenile osteoporosis,knowledge_filtered,1,1,1.0,325.0,325.0,325.0,0.0,1008.0,0.0,1.0,1.0,LRP5(325)
Congenital myopathy 4A,knowledge_filtered,6,6,1.0,324.0,277.5,401.5,0.26176176176176175,1036.0,0.0,0.6666666666666666,1.0,ACTA1(454); MYH7(349); RYR1(345); TPM3(303); TPM2(163)
Phosphoglycerate kinase 1 deficiency,knowledge_filtered,1,1,1.0,323.0,323.0,323.0,0.0,1017.0,0.0,1.0,1.0,PGK1(323)
Paget's disease of bone,knowledge_filtered,4,4,1.0,321.0,441.75,837.5000000000001,0.4189303904923599,1056.0,0.25,0.75,1.0,SQSTM1(1046); PFN1(351); TNFRSF11A(291); ZNF687(79)
Factor X deficiency,knowledge_filtered,1,1,1.0,320.0,320.0,320.0,0.0,1039.0,0.0,1.0,1.0,F10(320)
Familial adenomatous polyposis 2,knowledge_filtered,1,1,1.0,320.0,320.0,320.0,0.0,1041.0,0.0,1.0,1.0,MUTYH(320)
Granular corneal dystrophy 2,knowledge_filtered,1,1,1.0,319.0,319.0,319.0,0.0,1047.0,0.0,1.0,1.0,TGFBI(319)
PHGDH deficiency,knowledge_filtered,1,1,1.0,318.0,318.0,318.0,0.0,1053.0,0.0,1.0,1.0,PHGDH(318)
Lissencephaly 3,knowledge_filtered,2,2,1.0,317.5,317.5,366.7,0.09685039370078741,1150.5,0.0,1.0,1.0,TUBA1A(379); RELN(256)
Borst-Jadassohn intraepidermal carcinoma,knowledge_filtered,5,5,1.0,316.0,398.2,619.6,0.23566047212456046,1063.0,0.2,1.0,1.0,ACTB(774); ACTG1(388); KRT5(316); KRT1(263); KRT14(250)
Mycosis fungoides,knowledge_filtered,5,5,1.0,316.0,398.2,619.6,0.23566047212456046,1063.0,0.2,1.0,1.0,ACTB(774); ACTG1(388); KRT5(316); KRT1(263); KRT14(250)
Epidermolysis bullosa simplex,knowledge_filtered,3,3,1.0,316.0,300.3333333333333,331.2,0.06289308176100628,1063.0,0.0,1.0,1.0,PLEC(335); KRT5(316); KRT14(250)
Neuroblastoma,knowledge_filtered,7,7,1.0,315.0,764.0,1839.8000000000009,0.6224489795918368,1068.0,0.2857142857142857,0.5714285714285714,1.0,ERBB2(3350); ALK(833); MYCN(511); BARD1(315); PHOX2B(158)
Thiopurine S-methyltransferase deficiency,knowledge_filtered,1,1,1.0,312.0,312.0,312.0,0.0,1085.0,0.0,1.0,1.0,TPMT(312)
Nicolaides-Baraitser syndrome,knowledge_filtered,1,1,1.0,312.0,312.0,312.0,0.0,1086.0,0.0,1.0,1.0,SMARCA2(312)
Amyloidosis,knowledge_filtered,34,32,0.9411764705882353,311.5,622.15625,1101.2000000000005,0.6081530338038073,1091.0,0.28125,0.65625,0.9375,APOE(5224); APP(3187); NLRP3(1288); APOA1(1126); PSEN1(878)
Supravalvular aortic stenosis,knowledge_filtered,1,1,1.0,311.0,311.0,311.0,0.0,1095.0,0.0,1.0,1.0,ELN(311)
Pitt-Hopkins syndrome,knowledge_filtered,1,1,1.0,311.0,311.0,311.0,0.0,1094.0,0.0,1.0,1.0,TCF4(311)
Metatropic dysplasia,knowledge_filtered,1,1,1.0,310.0,310.0,310.0,0.0,1098.0,0.0,1.0,1.0,TRPV4(310)
Cystic fibrosis,knowledge_filtered,3,3,1.0,304.0,770.3333333333334,1616.0,0.542622241453916,1135.0,0.3333333333333333,0.6666666666666666,1.0,CFTR(1944); SAA1(304); SAA2(63)
Autosomal dominant familial periodic fever,knowledge_filtered,3,3,1.0,304.0,398.0,722.4,0.42657733109994417,1135.0,0.3333333333333333,0.6666666666666666,1.0,TNFRSF1A(827); SAA1(304); SAA2(63)
Familial Mediterranean fever,knowledge_filtered,3,3,1.0,304.0,284.0,416.70000000000005,0.26540492957746475,1135.0,0.0,0.75,1.0,MEFV(465); SAA1(304); SAA1(304); SAA2(63)
CINCA Syndrome,knowledge_filtered,3,3,1.0,304.0,551.6666666666666,1091.2,0.49345417925478346,1135.0,0.3333333333333333,0.6666666666666666,1.0,NLRP3(1288); SAA1(304); SAA2(63)
DOID:0050747,knowledge_filtered,3,3,1.0,304.0,279.3333333333333,437.6,0.3245823389021479,1135.0,0.0,0.6666666666666666,1.0,B2M(471); SAA1(304); SAA2(63)
Behcet's disease,knowledge_filtered,3,3,1.0,304.0,860.6666666666666,1832.8000000000002,0.5556416214820552,1135.0,0.3333333333333333,0.6666666666666666,1.0,HLA-B(2215); SAA1(304); SAA2(63)
X-linked agammaglobulinemia,knowledge_filtered,3,3,1.0,304.0,246.66666666666666,359.2,0.27927927927927926,1135.0,0.0,0.6666666666666666,1.0,BTK(373); SAA1(304); SAA2(63)
camptodactyly-arthropathy-coxa vara-pericarditis syndrome,knowledge_filtered,3,3,1.0,303.0,306.6666666666667,423.8,0.2108695652173913,1146.0,0.0,0.6666666666666666,1.0,ACTA1(454); TPM3(303); TPM2(163)
Antithrombin III deficiency,knowledge_filtered,1,1,1.0,303.0,303.0,303.0,0.0,1145.0,0.0,1.0,1.0,SERPINC1(303)
Multiple cutaneous and mucosal venous malformations,knowledge_filtered,1,1,1.0,303.0,303.0,303.0,0.0,1143.0,0.0,1.0,1.0,TEK(303)
Isolated Atrial Amyloidosis,knowledge_filtered,1,1,1.0,301.0,301.0,301.0,0.0,1154.0,0.0,1.0,1.0,NPPA(301)
Warfarin sensitivity,knowledge_filtered,5,5,1.0,300.0,406.2,766.6,0.3862136878385032,1159.0,0.2,0.6,1.0,CYP2C9(971); VKORC1(460); F9(300); CYP4F2(159); GGCX(141)
Hypophosphatasia,knowledge_filtered,1,1,1.0,299.0,299.0,299.0,0.0,1165.0,0.0,1.0,1.0,ALPL(299)
Atopic dermatitis,knowledge_filtered,2,2,1.0,298.0,298.0,426.8,0.27013422818791955,1995.0,0.0,0.5,1.0,FLG(459); CARD11(137)
Fabry disease,knowledge_filtered,1,1,1.0,295.0,295.0,295.0,0.0,1180.0,0.0,1.0,1.0,GLA(295)
Perry syndrome,knowledge_filtered,1,1,1.0,295.0,295.0,295.0,0.0,1178.0,0.0,1.0,1.0,DCTN1(295)
Branchiooculofacial syndrome,knowledge_filtered,1,1,1.0,295.0,295.0,295.0,0.0,1185.0,0.0,1.0,1.0,TFAP2A(295)
Noonan syndrome,knowledge_filtered,13,13,1.0,294.0,715.0769230769231,2381.800000000001,0.6387362637362638,1189.0,0.46153846153846156,0.5384615384615384,0.9230769230769231,KRAS(3044); BRAF(2743); PTPN11(937); RAF1(703); NRAS(677)
Centronuclear myopathy,knowledge_filtered,6,6,1.0,293.0,242.16666666666666,406.0,0.3749713236980958,1265.5,0.0,0.6666666666666666,0.6666666666666666,TTN(467); RYR1(345); DNM2(338); BIN1(248); SPEG(42)
Polycystic ovary syndrome,knowledge_filtered,18,18,1.0,292.5,499.27777777777777,1185.2000000000003,0.5908225461469035,1232.0,0.2777777777777778,0.5555555555555556,0.9444444444444444,AR(2708); YAP1(1503); FTO(1049); INSR(747); HMGA2(532)
Spinocerebellar ataxia type 2,knowledge_filtered,1,1,1.0,291.0,291.0,291.0,0.0,1212.0,0.0,1.0,1.0,ATXN2(291)
Multiple endocrine neoplasia type 2A,knowledge_filtered,6,6,1.0,289.5,353.1666666666667,581.0,0.2907818153216926,1243.5,0.16666666666666666,0.8333333333333334,1.0,ACTB(774); ACTG1(388); KRT5(316); KRT1(263); KRT14(250)
Basal cell carcinoma,knowledge_filtered,6,6,1.0,289.5,353.1666666666667,581.0,0.2907818153216926,1243.5,0.16666666666666666,0.8333333333333334,1.0,ACTB(774); ACTG1(388); KRT5(316); KRT1(263); KRT14(250)
Seborrheic keratosis,knowledge_filtered,6,6,1.0,289.5,353.1666666666667,581.0,0.2907818153216926,1243.5,0.16666666666666666,0.8333333333333334,1.0,ACTB(774); ACTG1(388); KRT5(316); KRT1(263); KRT14(250)
Isolated ectopia lentis,knowledge_filtered,2,2,1.0,289.5,289.5,478.7,0.4084628670120898,4585.5,0.5,0.5,1.0,FBN1(526); ADAMTSL4(53)
"46,XX sex reversal",knowledge_filtered,5,5,1.0,289.0,376.0,681.6,0.37106382978723396,1227.0,0.4,0.6,1.0,WT1(758); SOX9(567); NR5A1(289); SRY(193); SOX3(73)
Opiate dependence,knowledge_filtered,19,19,1.0,286.0,664.5263157894736,2170.2,0.5821737934254296,1254.0,0.3157894736842105,0.631578947368421,0.9473684210526315,ABCB1(2568); BDNF(2559); COMT(2073); DRD2(1325); DRD4(720)
Hereditary lymphedema I,knowledge_filtered,1,1,1.0,286.0,286.0,286.0,0.0,1249.0,0.0,1.0,1.0,FLT4(286)
Type 2 diabetes mellitus,knowledge_filtered,4,4,1.0,284.0,1476.25,3763.9000000000005,0.6553344623200678,1432.5,0.25,0.75,1.0,APOE(5224); IAPP(357); HSPG2(211); APCS(113)
Chromosome 5q deletion syndrome,knowledge_filtered,3,1,0.3333333333333333,284.0,284.0,284.0,0.0,1264.0,0.0,1.0,1.0,RPS14(284)
Amyotrophic neuralgia,knowledge_filtered,1,1,1.0,283.0,283.0,283.0,0.0,1274.0,0.0,1.0,1.0,SEPTIN9(283)
"Mandibulofacial dysostosis, Guion-Almeida type",knowledge_filtered,1,1,1.0,283.0,283.0,283.0,0.0,1276.0,0.0,1.0,1.0,EFTUD2(283)
Left ventricular noncompaction,knowledge_filtered,13,12,0.9230769230769231,278.5,328.8333333333333,701.8000000000001,0.44771076195303255,1302.0,0.16666666666666666,0.5833333333333334,1.0,LMNA(1073); SCN5A(730); TNNT2(448); MYH7(349); TPM1(315)
Mitochondrial trifunctional protein deficiency,knowledge_filtered,2,2,1.0,278.5,278.5,315.7,0.08348294434470382,1365.5,0.0,1.0,1.0,HADHA(325); HADHB(232)
Weill-Marchesani syndrome,knowledge_filtered,2,2,1.0,278.0,278.0,476.40000000000003,0.4460431654676258,6475.5,0.5,0.5,0.5,FBN1(526); ADAMTS10(30)
Danon disease,knowledge_filtered,1,1,1.0,277.0,277.0,277.0,0.0,1311.0,0.0,1.0,1.0,LAMP2(277)
Geleophysic dysplasia,knowledge_filtered,2,2,1.0,275.0,275.0,475.8,0.4563636363636363,7114.0,0.5,0.5,0.5,FBN1(526); ADAMTSL2(24)
Hyperargininemia,knowledge_filtered,1,1,1.0,275.0,275.0,275.0,0.0,1318.0,0.0,1.0,1.0,ARG1(275)
Polycystic kidney disease,knowledge_filtered,3,3,1.0,274.0,245.33333333333334,344.4,0.23731884057971012,1325.0,0.0,0.6666666666666666,1.0,PKD1(362); PKD2(274); PKHD1(100)
Spinocerebellar ataxia type 6,knowledge_filtered,1,1,1.0,274.0,274.0,274.0,0.0,1326.0,0.0,1.0,1.0,CACNA1A(274)
Cockayne syndrome,knowledge_filtered,6,6,1.0,273.0,312.125,489.4999999999999,0.3407589106928314,1338.0,0.125,0.75,1.0,ERCC2(920); ERCC5(305); ERCC4(279); ERCC6(273); ERCC6(273)
Wiskott-Aldrich syndrome,knowledge_filtered,1,1,1.0,272.0,272.0,272.0,0.0,1345.0,0.0,1.0,1.0,WAS(272)
Xeroderma pigmentosum,knowledge_filtered,9,9,1.0,271.0,373.09090909090907,756.0,0.2931951089845826,1358.0,0.18181818181818182,0.9090909090909091,1.0,ERCC2(920); ERCC1(756); XPC(445); ERCC5(305); ERCC4(279)
adult-onset leukoencephalopathy with axonal spheroids and pigmented glia,knowledge_filtered,1,1,1.0,271.0,271.0,271.0,0.0,1357.0,0.0,1.0,1.0,CSF1R(271)
Prostate cancer,knowledge_filtered,36,36,1.0,270.0,786.9444444444445,2470.0,0.6016864729183826,1360.0,0.3888888888888889,0.6111111111111112,1.0,STAT3(3689); BRCA1(3448); PTEN(2819); AR(2708); CDH1(2232)
Dihydropyrimidine dehydrogenase deficiency,knowledge_filtered,1,1,1.0,268.0,268.0,268.0,0.0,1380.0,0.0,1.0,1.0,DPYD(268)
Adenosine deaminase deficiency,knowledge_filtered,1,1,1.0,268.0,268.0,268.0,0.0,1384.0,0.0,1.0,1.0,ADA(268)
Ulcerative colitis,knowledge_filtered,6,6,1.0,266.5,628.6666666666666,1490.5,0.5805054789678331,1418.0,0.16666666666666666,0.6666666666666666,1.0,ABCB1(2568); IL23R(413); IRF5(285); PTPN2(248); IL10RA(156)
Congenital stromal corneal dystrophy,knowledge_filtered,1,1,1.0,265.0,265.0,265.0,0.0,1410.0,0.0,1.0,1.0,DCN(265)
Gillespie syndrome,knowledge_filtered,1,1,1.0,264.0,264.0,264.0,0.0,1417.0,0.0,1.0,1.0,ITPR1(264)
Arrhythmogenic right ventricular cardiomyopathy,knowledge_filtered,13,13,1.0,263.0,314.53846153846155,453.40000000000003,0.3624358033749082,1423.0,0.07692307692307693,0.6153846153846154,1.0,LMNA(1073); TTN(467); DSP(399); JUP(390); RYR2(301)
Parathyroid carcinoma,knowledge_filtered,1,1,1.0,262.0,262.0,262.0,0.0,1434.0,0.0,1.0,1.0,CDC73(262)
Brain small vessel disease 1,knowledge_filtered,1,1,1.0,261.0,261.0,261.0,0.0,1444.0,0.0,1.0,1.0,COL4A1(261)
Paraganglioma,knowledge_filtered,7,7,1.0,260.0,405.14285714285717,947.2,0.4641345960104775,1451.0,0.2857142857142857,0.5714285714285714,0.8571428571428571,RET(994); VHL(916); SDHB(328); SDHA(260); SDHD(177)
Waardenburg syndrome,knowledge_filtered,6,6,1.0,260.0,293.7142857142857,420.0,0.21150639244024458,1456.0,0.0,0.8571428571428571,1.0,SNAI2(420); SNAI2(420); MITF(386); EDNRB(260); PAX3(258)
Familial male-limited precocious puberty,knowledge_filtered,1,1,1.0,260.0,260.0,260.0,0.0,1453.0,0.0,1.0,1.0,LHCGR(260)
Leydig cell hypoplasia,knowledge_filtered,1,1,1.0,260.0,260.0,260.0,0.0,1453.0,0.0,1.0,1.0,LHCGR(260)
Protein S deficiency,knowledge_filtered,1,1,1.0,260.0,260.0,260.0,0.0,1457.0,0.0,1.0,1.0,PROS1(260)
Lesch-Nyhan syndrome,knowledge_filtered,1,1,1.0,259.0,259.0,259.0,0.0,1462.0,0.0,1.0,1.0,HPRT1(259)
Boomerang dysplasia,knowledge_filtered,1,1,1.0,259.0,259.0,259.0,0.0,1460.0,0.0,1.0,1.0,FLNB(259)
Larsen syndrome,knowledge_filtered,1,1,1.0,259.0,259.0,259.0,0.0,1460.0,0.0,1.0,1.0,FLNB(259)
craniofacial-deafness-hand syndrome,knowledge_filtered,1,1,1.0,258.0,258.0,258.0,0.0,1472.0,0.0,1.0,1.0,PAX3(258)
Cytochrome P450 oxidoreductase deficiency,knowledge_filtered,1,1,1.0,258.0,258.0,258.0,0.0,1477.0,0.0,1.0,1.0,POR(258)
Atypical hemolytic-uremic syndrome,knowledge_filtered,7,7,1.0,253.0,381.14285714285717,804.2,0.40983079888627116,1526.0,0.2857142857142857,0.7142857142857143,1.0,CFH(890); C3(747); THBD(348); CD46(253); CFB(231)
IMAGe syndrome,knowledge_filtered,1,1,1.0,252.0,252.0,252.0,0.0,1535.0,0.0,1.0,1.0,CDKN1C(252)
Spinocerebellar ataxia type 36,knowledge_filtered,1,1,1.0,251.0,251.0,251.0,0.0,1547.0,0.0,1.0,1.0,NOP56(251)
Primary cutaneous amyloidosis,knowledge_filtered,11,11,1.0,250.0,699.2727272727273,774.0,0.7103011393183,1551.0,0.18181818181818182,0.5454545454545454,0.9090909090909091,APOE(5224); ACTB(774); ACTG1(388); KRT5(316); KRT1(263)
Dermatopathia pigmentosa reticularis,knowledge_filtered,1,1,1.0,250.0,250.0,250.0,0.0,1551.0,0.0,1.0,1.0,KRT14(250)
Kabuki syndrome,knowledge_filtered,2,2,1.0,248.5,248.5,272.1,0.05935613682092544,1596.5,0.0,1.0,1.0,KMT2D(278); KDM6A(219)
Amyotrophic lateral sclerosis,knowledge_filtered,43,42,0.9767441860465116,248.0,355.2957746478873,836.0,0.48082182143842206,1577.0,0.23943661971830985,0.5492957746478874,0.971830985915493,SOD1(1324); SOD1(1324); SOD1(1324); TARDBP(1086); TARDBP(1086)
Autoimmune disease of central nervous system,knowledge_filtered,1,1,1.0,248.0,248.0,248.0,0.0,1572.0,0.0,1.0,1.0,MBP(248)
maturity-onset diabetes of the young,knowledge_filtered,14,14,1.0,247.5,313.64285714285717,576.4000000000001,0.42032403943130425,1654.5,0.21428571428571427,0.5,1.0,INS(1031); HNF4A(592); HNF1A(540); KCNJ11(423); GCK(353)
Corneal disease,knowledge_filtered,5,5,1.0,247.0,304.4,522.6,0.34165571616294343,1584.0,0.2,0.8,0.8,CYP1B1(591); PAX6(420); FOXC1(247); PITX2(226); FOXE3(38)
Epidermolytic hyperkeratosis,knowledge_filtered,2,2,1.0,247.0,247.0,259.8,0.03238866396761142,1585.0,0.0,1.0,1.0,KRT1(263); KRT10(231)
Pulmonary venoocclusive disease,knowledge_filtered,2,2,1.0,246.0,246.0,327.6,0.20731707317073167,2059.5,0.0,0.5,1.0,BMPR2(348); EIF2AK4(144)
Systemic lupus erythematosus,knowledge_filtered,27,27,1.0,245.0,389.35,778.2000000000007,0.5124951842814948,1591.0,0.225,0.625,0.95,CRP(2459); CTLA4(1335); CTLA4(1335); PDCD1(1248); XRCC6(726)
"Sensory ataxic neuropathy, dysarthria, and ophthalmoparesis",knowledge_filtered,2,2,1.0,244.5,244.5,328.1,0.2137014314928425,2113.5,0.0,0.5,1.0,POLG(349); TWNK(140)
Melanoma,knowledge_filtered,30,30,1.0,243.0,930.9,2162.2000000000007,0.7243563576467218,1625.0,0.3333333333333333,0.5666666666666667,1.0,TP53(11608); BRAF(2743); CDKN2A(2695); TERT(2103); ATM(1572)
X-linked dystonia-parkinsonism,knowledge_filtered,1,1,1.0,243.0,243.0,243.0,0.0,1620.0,0.0,1.0,1.0,TAF1(243)
Familial partial lipodystrophy,knowledge_filtered,7,7,1.0,242.0,608.2857142857143,1553.0000000000005,0.5947795745822989,1638.0,0.2857142857142857,0.5714285714285714,1.0,PPARG(2273); LMNA(1073); AKT2(392); ADRA2A(242); PLIN1(114)
Catecholaminergic polymorphic ventricular tachycardia,knowledge_filtered,6,6,1.0,241.0,251.33333333333334,463.0,0.41136162687886824,1649.0,0.16666666666666666,0.6666666666666666,0.8333333333333334,CALM1(625); RYR2(301); CALM3(253); CALM2(229); CASQ2(85)
Neurodegeneration with brain iron accumulation 3,knowledge_filtered,1,1,1.0,241.0,241.0,241.0,0.0,1646.0,0.0,1.0,1.0,FTL(241)
hyperferritinemia-cataract syndrome,knowledge_filtered,1,1,1.0,241.0,241.0,241.0,0.0,1646.0,0.0,1.0,1.0,FTL(241)
Sturge-Weber syndrome,knowledge_filtered,2,2,1.0,240.5,240.5,331.3,0.2359667359667359,2307.5,0.0,0.5,1.0,GNAQ(354); LIFR(127)
Coffin-Lowry syndrome,knowledge_filtered,1,1,1.0,240.0,240.0,240.0,0.0,1650.0,0.0,1.0,1.0,RPS6KA3(240)
Factor XI deficiency,knowledge_filtered,1,1,1.0,238.0,238.0,238.0,0.0,1667.0,0.0,1.0,1.0,F11(238)
Triosephosphate isomerase deficiency,knowledge_filtered,1,1,1.0,237.0,237.0,237.0,0.0,1676.0,0.0,1.0,1.0,TPI1(237)
Axenfeld-Rieger syndrome,knowledge_filtered,2,2,1.0,236.5,236.5,244.9,0.022198731501057,1697.0,0.0,1.0,1.0,FOXC1(247); PITX2(226)
MHC class I deficiency,knowledge_filtered,3,3,1.0,236.0,218.66666666666666,279.2,0.16260162601626016,1684.0,0.0,0.6666666666666666,1.0,TAP1(290); TAP2(236); TAPBP(130)
Spinal muscular atrophy with lower extremity predominant,knowledge_filtered,2,2,1.0,234.0,234.0,335.6,0.2713675213675213,2684.5,0.0,0.5,1.0,DYNC1H1(361); BICD2(107)
Aceruloplasminemia,knowledge_filtered,1,1,1.0,234.0,234.0,234.0,0.0,1705.0,0.0,1.0,1.0,CP(234)
Coffin-Siris syndrome,knowledge_filtered,10,10,1.0,232.0,311.0,549.8999999999999,0.3365916398713827,1738.5,0.2,0.6,1.0,SMARCA4(756); SMARCB1(527); ARID1A(491); SOX4(274); SMARCC2(238)
Diamond-Blackfan anemia,knowledge_filtered,25,25,1.0,231.0,230.82926829268294,326.0,0.18468960682844365,1735.0,0.0,0.7560975609756098,0.9512195121951219,RPL5(360); RPL5(360); RPL11(354); RPL11(354); GATA1(326)
Hereditary neuropathy with liability to pressure palsies,knowledge_filtered,1,1,1.0,231.0,231.0,231.0,0.0,1743.0,0.0,1.0,1.0,PMP22(231)
Dopamine beta-hydroxylase deficiency,knowledge_filtered,1,1,1.0,231.0,231.0,231.0,0.0,1749.0,0.0,1.0,1.0,DBH(231)
Friedreich ataxia,knowledge_filtered,1,1,1.0,231.0,231.0,231.0,0.0,1748.0,0.0,1.0,1.0,FXN(231)
Hirschsprung's disease,knowledge_filtered,14,14,1.0,230.0,267.95,611.5000000000006,0.49997200970330286,1752.0,0.15,0.55,0.85,RET(994); RET(994); NRG1(569); ZEB2(350); L1CAM(334)
Diabetes insipidus,knowledge_filtered,4,4,1.0,230.0,240.25,311.40000000000003,0.1449011446409989,1786.0,0.0,0.5,1.0,AVP(333); WFS1(261); AQP2(199); AVPR2(168)
Long QT syndrome,knowledge_filtered,16,16,1.0,229.0,315.25925925925924,685.0,0.41096665274296856,1771.0,0.2962962962962963,0.5185185185185185,0.9259259259259259,SCN5A(730); SCN5A(730); KCNH2(685); KCNH2(685); KCNQ1(638)
Greenberg dysplasia,knowledge_filtered,1,1,1.0,229.0,229.0,229.0,0.0,1770.0,0.0,1.0,1.0,LBR(229)
Hereditary angioedema,knowledge_filtered,7,7,1.0,228.0,226.57142857142858,375.6,0.3120158529994596,1780.0,0.0,0.5714285714285714,0.8571428571428571,PLG(438); ANGPT1(334); SERPING1(244); F12(228); KNG1(201)
FG syndrome,knowledge_filtered,4,4,1.0,227.5,322.5,568.3000000000001,0.34069767441860466,1849.0,0.25,0.5,1.0,FLNA(697); MED12(268); CASK(187); UPF3B(138)
Nasu-Hakola disease,knowledge_filtered,2,2,1.0,227.5,227.5,326.3,0.27142857142857135,2780.0,0.0,0.5,1.0,TREM2(351); TYROBP(104)
Citrullinemia,knowledge_filtered,2,2,1.0,227.5,227.5,267.9,0.11098901098901104,1900.5,0.0,0.5,1.0,SLC25A13(278); ASS1(177)
Moyamoya disease,knowledge_filtered,1,1,1.0,227.0,227.0,227.0,0.0,1789.0,0.0,1.0,1.0,RNF213(227)
Apolipoprotein A-II associated Amyloidosis,knowledge_filtered,5,5,1.0,226.0,1306.6,3444.0000000000005,0.6612582274605847,1799.0,0.4,0.6,1.0,APOE(5224); ACTB(774); APOA4(226); APOA2(196); APCS(113)
Phenylketonuria,knowledge_filtered,4,4,1.0,226.0,207.4,323.0,0.2800385728061716,1809.0,0.0,0.6,1.0,PAH(323); PAH(323); GCH1(226); PTS(87); QDPR(78)
"dystonia, DOPA-responsive",knowledge_filtered,3,3,1.0,226.0,182.66666666666666,250.8,0.23357664233576644,1809.0,0.0,0.6666666666666666,1.0,TH(257); GCH1(226); SPR(65)
Apolipoprotein A-IV associated Amyloidosis,knowledge_filtered,3,3,1.0,226.0,1854.3333333333333,4224.400000000001,0.6124992510036552,1799.0,0.3333333333333333,0.6666666666666666,1.0,APOE(5224); APOA4(226); APCS(113)
Malignant hyperthermia,knowledge_filtered,2,2,1.0,225.5,225.5,321.1,0.2649667405764966,2747.0,0.0,0.5,1.0,RYR1(345); CACNA1S(106)
Myofibrillar myopathy,knowledge_filtered,8,8,1.0,225.0,237.875,419.4,0.3508276405675249,1826.0,0.0,0.5,1.0,TTN(467); CRYAB(399); BAG3(348); FLNC(245); DES(205)
Systemic scleroderma,knowledge_filtered,6,6,1.0,225.0,255.16666666666666,449.0,0.3608752449379491,1999.0,0.16666666666666666,0.5,1.0,PTPN22(589); STAT4(309); IRF5(285); TNFSF4(165); BLK(119)
myostatin-related muscle hypertrophy,knowledge_filtered,1,1,1.0,225.0,225.0,225.0,0.0,1826.0,0.0,1.0,1.0,MSTN(225)
Autoimmune polyendocrine syndrome type 1,knowledge_filtered,1,1,1.0,225.0,225.0,225.0,0.0,1815.0,0.0,1.0,1.0,AIRE(225)
Oculopharyngeal muscular dystrophy,knowledge_filtered,1,1,1.0,224.0,224.0,224.0,0.0,1834.0,0.0,1.0,1.0,PABPN1(224)
Lactose intolerance,knowledge_filtered,2,2,1.0,223.5,223.5,268.7,0.12639821029082765,1985.0,0.0,0.5,1.0,MCM6(280); LCT(167)
Nevoid basal cell carcinoma syndrome,knowledge_filtered,2,2,1.0,223.5,223.5,303.1,0.22259507829977632,2429.0,0.0,0.5,1.0,PTCH1(323); SUFU(124)
Aortic aneurysm,knowledge_filtered,16,16,1.0,223.0,312.0,619.5,0.4404797676282052,1881.0,0.25,0.5,0.875,SMAD3(1028); TGFBR2(622); TGFBR1(617); FBN1(526); TGFB2(389)
Cornelia de Lange syndrome,knowledge_filtered,7,7,1.0,223.0,255.71428571428572,404.80000000000007,0.27533918595371115,1837.0,0.0,0.5714285714285714,1.0,BRD4(511); SMC1A(334); SMC3(289); RAD21(223); NIPBL(194)
Parkinson's disease,knowledge_filtered,52,51,0.9807692307692307,222.0,423.2950819672131,987.0,0.5749367810290391,1850.0,0.22950819672131148,0.5081967213114754,0.9344262295081968,SNCA(2250); SNCA(2250); SNCA(2250); MAPT(2219); LRRK2(1107)
Smith-Lemli-Opitz syndrome,knowledge_filtered,1,1,1.0,222.0,222.0,222.0,0.0,1852.0,0.0,1.0,1.0,DHCR7(222)
Carnitine palmitoyltransferase I deficiency,knowledge_filtered,1,1,1.0,221.0,221.0,221.0,0.0,1858.0,0.0,1.0,1.0,CPT1A(221)
Familial hemiplegic migraine,knowledge_filtered,4,4,1.0,220.5,246.25,361.5,0.22055837563451774,2005.0,0.0,0.5,1.0,SCN1A(399); CACNA1A(274); ATP1A2(167); PRRT2(145)
Factor XIII deficiency,knowledge_filtered,2,2,1.0,220.0,220.0,332.8,0.32045454545454555,3485.0,0.0,0.5,1.0,F13A1(361); F13B(79)
platelet-type bleeding disorder 11,knowledge_filtered,1,1,1.0,220.0,220.0,220.0,0.0,1866.0,0.0,1.0,1.0,GP6(220)
Gout,knowledge_filtered,6,6,1.0,219.0,320.1666666666667,624.0,0.4234773555439875,1955.5,0.16666666666666666,0.5,1.0,ABCG2(944); SAA1(304); HPRT1(259); PRPS1(179); SLC2A9(172)
"blepharophimosis, ptosis, and epicanthus inversus syndrome",knowledge_filtered,1,1,1.0,219.0,219.0,219.0,0.0,1879.0,0.0,1.0,1.0,FOXL2(219)
Greig cephalopolysyndactyly syndrome,knowledge_filtered,1,1,1.0,217.0,217.0,217.0,0.0,1911.0,0.0,1.0,1.0,GLI3(217)
Pallister-Hall syndrome,knowledge_filtered,1,1,1.0,217.0,217.0,217.0,0.0,1911.0,0.0,1.0,1.0,GLI3(217)
Steatocystoma multiplex,knowledge_filtered,1,1,1.0,215.0,215.0,215.0,0.0,1928.0,0.0,1.0,1.0,KRT17(215)
Arterial calcification of infancy,knowledge_filtered,2,2,1.0,214.5,214.5,265.3,0.14801864801864806,2161.0,0.0,0.5,1.0,ENPP1(278); ABCC6(151)
Multiple myeloma,knowledge_filtered,9,9,1.0,214.0,655.1111111111111,1985.4,0.6535881200060305,1935.0,0.3333333333333333,0.5555555555555556,0.7777777777777778,BRAF(2743); CCND1(1796); FGFR3(615); IRF4(256); LIG4(214)
Menkes disease,knowledge_filtered,1,1,1.0,214.0,214.0,214.0,0.0,1933.0,0.0,1.0,1.0,ATP7A(214)
ITM2B-related cerebral amyloid angiopathy 2,knowledge_filtered,13,13,1.0,211.0,868.6923076923077,2680.000000000002,0.6917559550163819,1993.0,0.3076923076923077,0.5384615384615384,1.0,APOE(5224); APP(3187); CLU(652); CST3(646); SDC1(437)
Immunoglobulin Light-chain Amyloidosis,knowledge_filtered,5,5,1.0,211.0,1305.4,3482.8,0.6735100352382412,1993.0,0.4,0.6,1.0,APOE(5224); FN1(871); HSPG2(211); APCS(113); LAMA1(108)
Schwartz-Jampel syndrome 1,knowledge_filtered,1,1,1.0,211.0,211.0,211.0,0.0,1993.0,0.0,1.0,1.0,HSPG2(211)
CHARGE syndrome,knowledge_filtered,1,1,1.0,209.0,209.0,209.0,0.0,2014.0,0.0,0.0,1.0,CHD7(209)
Epidermolysis bullosa,knowledge_filtered,16,16,1.0,208.0,223.25,350.0,0.26480263157894735,2022.0,0.0,0.4375,0.875,DSP(399); ITGA6(365); PLEC(335); ITGB4(318); KRT5(316)
Hemochromatosis,knowledge_filtered,5,5,1.0,208.0,380.8,791.8000000000001,0.455672268907563,2021.0,0.2,0.4,1.0,HFE(1001); HAMP(478); SLC40A1(208); TFR2(123); HJV(94)
African iron overload,knowledge_filtered,1,1,1.0,208.0,208.0,208.0,0.0,2021.0,0.0,0.0,1.0,SLC40A1(208)
Epidermolysis bullosa dystrophica,knowledge_filtered,1,1,1.0,208.0,208.0,208.0,0.0,2024.0,0.0,0.0,1.0,COL7A1(208)
Glycogen storage disease II,knowledge_filtered,1,1,1.0,207.0,207.0,207.0,0.0,2031.0,0.0,0.0,1.0,GAA(207)
ACTH-independent macronodular adrenal hyperplasia,knowledge_filtered,7,7,1.0,205.0,358.7142857142857,822.2,0.5069124423963134,2054.0,0.2857142857142857,0.42857142857142855,1.0,APC(1019); GNAS(691); MEN1(387); FH(205); MC2R(97)
Dystonia 16,knowledge_filtered,1,1,1.0,205.0,205.0,205.0,0.0,2060.0,0.0,0.0,1.0,PRKRA(205)
Fumarase deficiency,knowledge_filtered,1,1,1.0,205.0,205.0,205.0,0.0,2054.0,0.0,0.0,1.0,FH(205)
Duane-radial ray syndrome,knowledge_filtered,1,1,1.0,204.0,204.0,204.0,0.0,2077.0,0.0,0.0,1.0,SALL4(204)
Down syndrome,knowledge_filtered,7,7,1.0,203.0,1369.5714285714287,4001.8000000000006,0.6574378995365748,2083.0,0.42857142857142855,0.42857142857142855,1.0,APOE(5224); APP(3187); CST3(646); C1QA(203); ABCA3(121)
Marsili syndrome,knowledge_filtered,1,1,1.0,203.0,203.0,203.0,0.0,2088.0,0.0,0.0,1.0,SCN9A(203)
Paroxysmal extreme pain disorder,knowledge_filtered,1,1,1.0,203.0,203.0,203.0,0.0,2088.0,0.0,0.0,1.0,SCN9A(203)
Erythromelalgia,knowledge_filtered,1,1,1.0,203.0,203.0,203.0,0.0,2088.0,0.0,0.0,1.0,SCN9A(203)
D-bifunctional protein deficiency,knowledge_filtered,1,1,1.0,203.0,203.0,203.0,0.0,2079.0,0.0,0.0,1.0,HSD17B4(203)
Congenital mirror movement disorder,knowledge_filtered,3,3,1.0,202.0,404.6666666666667,726.0,0.38550247116968706,2099.0,0.3333333333333333,0.3333333333333333,1.0,RAD51(857); NTN1(202); DCC(155)
Hidradenitis suppurativa,knowledge_filtered,3,3,1.0,201.0,392.0,742.6,0.4427437641723356,2116.0,0.3333333333333333,0.3333333333333333,1.0,PSEN1(878); NCSTN(201); PSENEN(97)
Congenital diaphragmatic hernia,knowledge_filtered,2,2,1.0,200.5,200.5,300.1,0.31047381546134667,3658.5,0.0,0.5,1.0,GATA4(325); ZFPM2(76)
Popliteal pterygium syndrome,knowledge_filtered,1,1,1.0,200.0,200.0,200.0,0.0,2128.0,0.0,0.0,1.0,IRF6(200)
Chronic granulomatous disease,knowledge_filtered,6,6,1.0,199.0,216.72727272727272,372.0,0.3087248322147651,2135.0,0.0,0.36363636363636365,0.9090909090909091,CYBB(372); CYBB(372); CYBA(354); CYBA(354); NCF1(199)
Nager acrofacial dysostosis,knowledge_filtered,1,1,1.0,199.0,199.0,199.0,0.0,2141.0,0.0,0.0,1.0,SF3B4(199)
Systemic primary carnitine deficiency disease,knowledge_filtered,1,1,1.0,199.0,199.0,199.0,0.0,2131.0,0.0,0.0,1.0,SLC22A5(199)
Macular degeneration,knowledge_filtered,4,4,1.0,198.0,271.5,538.6,0.45257826887661146,3796.0,0.25,0.5,1.0,PROM1(631); ABCA4(323); ELOVL4(73); CNGB3(59)
Congenital myopathy 1B,knowledge_filtered,2,2,1.0,198.0,198.0,315.6,0.3712121212121211,4884.5,0.0,0.5,1.0,RYR1(345); SELENON(51)
Stargardt disease,knowledge_filtered,2,2,1.0,198.0,198.0,298.0,0.31565656565656575,3796.0,0.0,0.5,1.0,ABCA4(323); ELOVL4(73)
Syndromic microphthalmia 2,knowledge_filtered,1,1,1.0,198.0,198.0,198.0,0.0,2152.0,0.0,0.0,1.0,BCOR(198)
Donnai-Barrow syndrome,knowledge_filtered,1,1,1.0,197.0,197.0,197.0,0.0,2157.0,0.0,0.0,1.0,LRP2(197)
Age related macular degeneration,knowledge_filtered,35,35,1.0,196.0,410.8775510204082,747.0,0.6287737565596944,2166.0,0.1836734693877551,0.4897959183673469,0.9183673469387755,APOE(5224); TLR4(2775); CFH(890); CFH(890); C3(747)
Autosomal dominant vitreoretinochoroidopathy,knowledge_filtered,1,1,1.0,196.0,196.0,196.0,0.0,2166.0,0.0,0.0,1.0,BEST1(196)
ITM2B-related cerebral amyloid angiopathy 1,knowledge_filtered,12,12,1.0,195.5,675.5,651.4,0.692326671601283,2216.0,0.25,0.5,1.0,APOE(5224); CLU(652); CST3(646); SDC1(437); SERPINA3(238)
Pseudoachondroplasia,knowledge_filtered,1,1,1.0,194.0,194.0,194.0,0.0,2209.0,0.0,0.0,1.0,COMP(194)
Hereditary lysozyme Amyloidosis,knowledge_filtered,1,1,1.0,194.0,194.0,194.0,0.0,2216.0,0.0,0.0,1.0,LYZ(194)
SATB2-associated syndrome,knowledge_filtered,1,1,1.0,194.0,194.0,194.0,0.0,2206.0,0.0,0.0,1.0,SATB2(194)
Niemann-Pick disease,knowledge_filtered,3,3,1.0,193.0,184.66666666666666,249.0,0.16486161251504208,2218.0,0.0,0.3333333333333333,1.0,NPC1(249); NPC1(249); SMPD1(193); SMPD1(193); NPC2(112)
Osteopetrosis,knowledge_filtered,13,13,1.0,192.0,288.05,721.0,0.5206474570387085,2790.5,0.2,0.5,0.85,ITGB3(1220); TNFSF11(721); TNFSF11(721); IKBKG(559); MITF(386)
Norum disease,knowledge_filtered,1,1,1.0,192.0,192.0,192.0,0.0,2242.0,0.0,0.0,1.0,LCAT(192)
Hereditary spastic paraplegia 2,knowledge_filtered,1,1,1.0,192.0,192.0,192.0,0.0,2236.0,0.0,0.0,1.0,PLP1(192)
Pelizaeus-Merzbacher disease,knowledge_filtered,1,1,1.0,192.0,192.0,192.0,0.0,2236.0,0.0,0.0,1.0,PLP1(192)
Renal coloboma syndrome,knowledge_filtered,1,1,1.0,190.0,190.0,190.0,0.0,2258.0,0.0,0.0,1.0,PAX2(190)
Common variable immunodeficiency,knowledge_filtered,13,13,1.0,189.0,510.6923076923077,657.4000000000002,0.579744400801789,2289.0,0.15384615384615385,0.46153846153846156,1.0,NFKB1(3390); PRKCD(718); IL21(415); IKZF1(397); NFKB2(343)
Mitochondrial DNA depletion syndrome 4b,knowledge_filtered,3,3,1.0,189.0,214.0,317.0,0.2544132917964694,2278.0,0.0,0.3333333333333333,1.0,POLG(349); TYMP(189); RRM2B(104)
Fibrodysplasia ossificans progressiva,knowledge_filtered,1,1,1.0,189.0,189.0,189.0,0.0,2275.0,0.0,0.0,1.0,ACVR1(189)
Wolfram syndrome,knowledge_filtered,2,2,1.0,188.5,188.5,246.5,0.1923076923076923,2779.0,0.0,0.5,1.0,WFS1(261); CISD2(116)
AA Amyloidosis,knowledge_filtered,6,6,1.0,187.0,1013.0,2764.0,0.7246352966984754,2388.5,0.16666666666666666,0.5,1.0,APOE(5224); SAA1(304); HSPG2(211); MFGE8(163); APCS(113)
Apolipoprotein C-II associated Amyloidosis,knowledge_filtered,4,4,1.0,187.0,1427.75,3724.600000000001,0.6746191560147085,2441.0,0.25,0.5,1.0,APOE(5224); APOA4(226); APOC2(148); APCS(113)
Gaucher's disease,knowledge_filtered,2,1,0.5,187.0,187.0,187.0,0.0,2313.0,0.0,0.0,1.0,PSAP(187)
Familial cold autoinflammatory syndrome 3,knowledge_filtered,1,1,1.0,187.0,187.0,187.0,0.0,2318.0,0.0,0.0,1.0,PLCG2(187)
Neurodegeneration with brain iron accumulation 2b,knowledge_filtered,1,1,1.0,185.0,185.0,185.0,0.0,2345.0,0.0,0.0,1.0,PLA2G6(185)
speech-language disorder-1,knowledge_filtered,1,1,1.0,184.0,184.0,184.0,0.0,2361.0,0.0,0.0,1.0,FOXP2(184)
Nephrogenic diabetes insipidus,knowledge_filtered,2,2,1.0,183.5,183.5,195.9,0.04223433242506802,2399.5,0.0,0.0,1.0,AQP2(199); AVPR2(168)
Inflammatory bowel disease,knowledge_filtered,2,2,1.0,183.5,183.5,279.9,0.32833787465940056,4299.5,0.0,0.5,1.0,SAA1(304); SAA2(63)
non-Hodgkin lymphoma,knowledge_filtered,2,2,1.0,183.5,183.5,279.9,0.32833787465940056,4299.5,0.0,0.5,1.0,SAA1(304); SAA2(63)
Chronic recurrent multifocal osteomyelitis,knowledge_filtered,2,2,1.0,183.5,183.5,279.9,0.32833787465940056,4299.5,0.0,0.5,1.0,SAA1(304); SAA2(63)
Castleman disease,knowledge_filtered,2,2,1.0,183.5,183.5,279.9,0.32833787465940056,4299.5,0.0,0.5,1.0,SAA1(304); SAA2(63)
Schnitzler syndrome,knowledge_filtered,2,2,1.0,183.5,183.5,279.9,0.32833787465940056,4299.5,0.0,0.5,1.0,SAA1(304); SAA2(63)
Renal cell carcinoma,knowledge_filtered,2,2,1.0,183.5,183.5,279.9,0.32833787465940056,4299.5,0.0,0.5,1.0,SAA1(304); SAA2(63)
Bronchiectasis,knowledge_filtered,2,2,1.0,183.5,183.5,279.9,0.32833787465940056,4299.5,0.0,0.5,1.0,SAA1(304); SAA2(63)
thrombocytopenia-absent radius syndrome,knowledge_filtered,1,1,1.0,183.0,183.0,183.0,0.0,2384.0,0.0,0.0,1.0,RBM8A(183)
Congenital hypothyroidism,knowledge_filtered,20,20,1.0,182.5,170.28125,325.7000000000001,0.3520198660304643,2387.0,0.0,0.4375,0.78125,TSHR(392); TSHR(392); NKX2-1(335); SLC26A4(331); KMT2D(278)
Lissencephaly 1,knowledge_filtered,4,4,1.0,182.5,215.25,329.20000000000005,0.24593495934959342,2475.0,0.0,0.5,1.0,TUBA1A(379); PAFAH1B1(213); TUBB2B(152); DCX(117)
Charcot-Marie-Tooth disease type 3,knowledge_filtered,4,4,1.0,182.0,163.25,240.8,0.26837672281776415,2642.0,0.0,0.5,1.0,GJB1(245); PMP22(231); EGR2(133); PRX(44)
Metabolic dysfunction-associated steatotic liver disease,knowledge_filtered,6,6,1.0,181.5,250.66666666666666,454.0,0.31582446808510634,2673.0,0.0,0.5,1.0,APOC3(467); PNPLA3(441); GCKR(232); TRIB1(131); MBOAT7(128)
Ewing sarcoma,knowledge_filtered,8,8,1.0,181.0,292.375,572.0,0.4399850363403164,2569.5,0.125,0.5,0.875,FUS(747); EWSR1(497); ERG(492); FLI1(221); ETV4(141)
Mosaic variegated aneuploidy syndrome,knowledge_filtered,3,3,1.0,181.0,183.0,281.8,0.2987249544626594,2405.0,0.0,0.3333333333333333,1.0,BUB1B(307); TRIP13(181); CEP57(61)
Chromosome 19p13.13 deletion syndrome,knowledge_filtered,6,6,1.0,180.5,328.6666666666667,774.5,0.5327924273157539,3441.0,0.3333333333333333,0.5,0.6666666666666666,ABCA1(849); CALR(700); CACNA1A(274); NFIX(87); MAST1(41)
Buschke-Ollendorff syndrome,knowledge_filtered,2,2,1.0,180.0,180.0,229.6,0.17222222222222228,2837.5,0.0,0.5,1.0,ASXL1(242); LEMD3(118)
Sjogren-Larsson syndrome,knowledge_filtered,1,1,1.0,180.0,180.0,180.0,0.0,2426.0,0.0,0.0,1.0,ALDH3A2(180)
Arts syndrome,knowledge_filtered,1,1,1.0,179.0,179.0,179.0,0.0,2449.0,0.0,0.0,1.0,PRPS1(179)
Phosphoribosylpyrophosphate synthetase superactivity,knowledge_filtered,1,1,1.0,179.0,179.0,179.0,0.0,2449.0,0.0,0.0,1.0,PRPS1(179)
Alport syndrome,knowledge_filtered,7,7,1.0,178.0,193.5,247.69999999999982,0.4022222222222222,2468.0,0.1,0.1,0.8,MYH9(695); COL4A5(198); COL4A5(198); ACSL4(186); COL4A3(178)
Griscelli syndrome,knowledge_filtered,3,3,1.0,178.0,138.0,186.0,0.2254428341384863,2461.0,0.0,0.0,1.0,RAB27A(188); MYO5A(178); MLPH(48)
Cowden syndrome,knowledge_filtered,9,9,1.0,177.0,1025.111111111111,3004.0,0.6344629910639016,2497.0,0.3333333333333333,0.4444444444444444,0.8888888888888888,AKT1(3744); PTEN(2819); PIK3CA(1717); SDHB(328); SDHD(177)
Riley-Day syndrome,knowledge_filtered,1,1,1.0,177.0,177.0,177.0,0.0,2480.0,0.0,0.0,1.0,ELP1(177)
Glaucoma,knowledge_filtered,15,15,1.0,176.0,211.4,453.5999999999999,0.4325449385052034,2519.0,0.13333333333333333,0.4,0.8666666666666667,CYP1B1(591); TBK1(554); TEK(303); OPTN(300); MYOC(280)
Degenerative disc disease,knowledge_filtered,13,13,1.0,176.0,710.4615384615385,1834.6000000000006,0.6227137955158744,2511.0,0.38461538461538464,0.46153846153846156,0.9230769230769231,MMP9(3165); MMP2(1976); IGF1R(1269); IL1A(1007); COL1A1(856)
Osteochondritis dissecans,knowledge_filtered,1,1,1.0,176.0,176.0,176.0,0.0,2511.0,0.0,0.0,1.0,ACAN(176)
GM1 gangliosidosis,knowledge_filtered,1,1,1.0,175.0,175.0,175.0,0.0,2533.0,0.0,0.0,1.0,GLB1(175)
Intrahepatic cholestasis of pregnancy,knowledge_filtered,5,5,1.0,174.0,223.4,344.6,0.24709042076991938,2544.0,0.0,0.4,1.0,ABCC2(361); NR1H4(320); ABCB4(174); ABCB11(172); ATP8B1(90)
beta-ketothiolase deficiency,knowledge_filtered,1,1,1.0,174.0,174.0,174.0,0.0,2553.0,0.0,0.0,1.0,ACAT1(174)
Congenital hemolytic anemia,knowledge_filtered,42,41,0.9761904761904762,173.0,222.14634146341464,340.0,0.4286073888406869,2569.0,0.0975609756097561,0.36585365853658536,0.9024390243902439,HBB(871); SLC2A1(790); HBA1(675); G6PD(552); HBA2(340)
Trichorhinophalangeal syndrome type II,knowledge_filtered,3,3,1.0,173.0,179.0,213.0,0.10180012414649282,2562.0,0.0,0.3333333333333333,1.0,RAD21(223); TRPS1(173); EXT1(141)
Adrenoleukodystrophy,knowledge_filtered,1,1,1.0,173.0,173.0,173.0,0.0,2559.0,0.0,0.0,1.0,ABCD1(173)
Trichorhinophalangeal syndrome type I,knowledge_filtered,1,1,1.0,173.0,173.0,173.0,0.0,2562.0,0.0,0.0,1.0,TRPS1(173)
Vitamin D-dependent rickets,knowledge_filtered,2,2,1.0,172.5,172.5,215.3,0.155072463768116,2900.5,0.0,0.5,1.0,CYP27B1(226); CYP2R1(119)
Chromosome 17q12 deletion syndrome,knowledge_filtered,2,2,1.0,172.5,172.5,280.9,0.3927536231884059,6069.0,0.0,0.5,0.5,HNF1B(308); LHX1(37)
Progressive familial intrahepatic cholestasis,knowledge_filtered,3,3,1.0,172.0,145.33333333333334,173.6,0.12844036697247704,2582.0,0.0,0.0,1.0,ABCB4(174); ABCB11(172); ATP8B1(90)
Emery-Dreifuss muscular dystrophy,knowledge_filtered,6,6,1.0,171.0,343.5,1003.1000000000003,0.4388646288209607,2613.5,0.16666666666666666,0.3333333333333333,1.0,LMNA(1073); LMNA(1073); EMD(374); EMD(374); FHL1(179)
Developmental and epileptic encephalopathy 4,knowledge_filtered,1,1,1.0,171.0,171.0,171.0,0.0,2594.0,0.0,0.0,1.0,STXBP1(171)
Cerebral folate receptor alpha deficiency,knowledge_filtered,1,1,1.0,171.0,171.0,171.0,0.0,2608.0,0.0,0.0,1.0,FOLR1(171)
Oculocerebrorenal syndrome,knowledge_filtered,1,1,1.0,170.0,170.0,170.0,0.0,2631.0,0.0,0.0,1.0,OCRL(170)
Thyroid gland medullary carcinoma,knowledge_filtered,6,6,1.0,169.5,1036.0,2883.0,0.7363792363792364,3027.5,0.3333333333333333,0.5,0.8333333333333334,APOE(5224); CALCA(542); APOA4(226); APCS(113); CHGB(80)
Seasonal affective disorder,knowledge_filtered,7,6,0.8571428571428571,169.5,254.83333333333334,522.5,0.448332243296272,2751.0,0.16666666666666666,0.3333333333333333,1.0,HTR2A(734); CLOCK(311); PER2(202); CRY2(137); NPAS2(85)
Spinocerebellar ataxia type 1,knowledge_filtered,1,1,1.0,169.0,169.0,169.0,0.0,2638.0,0.0,0.0,1.0,ATXN1(169)
Primary spontaneous pneumothorax,knowledge_filtered,1,1,1.0,169.0,169.0,169.0,0.0,2642.0,0.0,0.0,1.0,FLCN(169)
lymphedema-distichiasis syndrome,knowledge_filtered,1,1,1.0,169.0,169.0,169.0,0.0,2633.0,0.0,0.0,1.0,FOXC2(169)
Pyruvate decarboxylase deficiency,knowledge_filtered,5,5,1.0,168.0,148.4,210.4,0.22479784366576822,2662.0,0.0,0.2,1.0,PDHA1(226); PDHB(187); DLAT(168); PDHX(100); PDP1(61)
Keratoconus,knowledge_filtered,19,18,0.9473684210526315,167.5,339.6666666666667,887.3000000000002,0.5231526914549486,2691.0,0.2777777777777778,0.3888888888888889,0.9444444444444444,IL1RN(1046); IL1A(1007); HGF(836); FOXO1(820); ZEB1(654)
proteasome-associated autoinflammatory syndrome 1,knowledge_filtered,1,1,1.0,167.0,167.0,167.0,0.0,2679.0,0.0,0.0,1.0,PSMB8(167)
X-linked adrenal hypoplasia congenita,knowledge_filtered,1,1,1.0,167.0,167.0,167.0,0.0,2691.0,0.0,0.0,1.0,NR0B1(167)
Carbamoyl phosphate synthetase I deficiency disease,knowledge_filtered,1,1,1.0,167.0,167.0,167.0,0.0,2685.0,0.0,0.0,1.0,CPS1(167)
Chromosome 1p36 deletion syndrome,knowledge_filtered,9,9,1.0,166.0,474.0,1164.4000000000003,0.6719279054018857,2707.0,0.2222222222222222,0.3333333333333333,0.8888888888888888,MTOR(2566); CDC42(814); GNB1(287); SKI(168); ECE1(166)
Familial nephrotic syndrome,knowledge_filtered,5,5,1.0,166.0,277.6,530.8000000000001,0.3804034582132564,2704.0,0.2,0.2,1.0,WT1(758); PLCE1(190); NPHS2(166); NPHS1(162); LAMB2(112)
Clouston syndrome,knowledge_filtered,1,1,1.0,166.0,166.0,166.0,0.0,2697.0,0.0,0.0,1.0,GJB6(166)
Glycogen storage disease VII,knowledge_filtered,1,1,1.0,166.0,166.0,166.0,0.0,2712.0,0.0,0.0,1.0,PFKM(166)
Pyruvate carboxylase deficiency disease,knowledge_filtered,1,1,1.0,166.0,166.0,166.0,0.0,2709.0,0.0,0.0,1.0,PC(166)
Andersen-Tawil syndrome,knowledge_filtered,2,2,1.0,165.5,165.5,178.7,0.049848942598187396,2736.0,0.0,0.0,1.0,KCNJ2(182); KCNJ5(149)
Myotonic dystrophy type 1,knowledge_filtered,2,2,1.0,165.0,165.0,173.8,0.03333333333333344,2736.5,0.0,0.0,1.0,DMPK(176); CNBP(154)
Subcortical band heterotopia,knowledge_filtered,2,2,1.0,165.0,165.0,203.4,0.1454545454545455,3013.5,0.0,0.5,1.0,PAFAH1B1(213); DCX(117)
Medium chain acyl-CoA dehydrogenase deficiency,knowledge_filtered,1,1,1.0,164.0,164.0,164.0,0.0,2757.0,0.0,0.0,1.0,ACADM(164)
Paramyotonia congenita of Von Eulenburg,knowledge_filtered,1,1,1.0,164.0,164.0,164.0,0.0,2749.0,0.0,0.0,1.0,SCN4A(164)
Hyperkalemic periodic paralysis,knowledge_filtered,1,1,1.0,164.0,164.0,164.0,0.0,2749.0,0.0,0.0,1.0,SCN4A(164)
Medin Amyloidosis,knowledge_filtered,1,1,1.0,163.0,163.0,163.0,0.0,2784.0,0.0,0.0,1.0,MFGE8(163)
Autosomal recessive spinocerebellar ataxia 8,knowledge_filtered,1,1,1.0,163.0,163.0,163.0,0.0,2774.0,0.0,0.0,1.0,SYNE1(163)
Progressive myoclonus epilepsy 1A,knowledge_filtered,1,1,1.0,162.0,162.0,162.0,0.0,2789.0,0.0,0.0,1.0,CSTB(162)
Familial hypertrophic cardiomyopathy,knowledge_filtered,19,19,1.0,161.0,199.26315789473685,400.79999999999995,0.4089860149581561,2829.0,0.0,0.42105263157894735,0.8947368421052632,TTN(467); TNNT2(448); TNNI3(389); MYH7(349); TPM1(315)
Hereditary sensory and autonomic neuropathy type 2,knowledge_filtered,4,4,1.0,160.5,154.75,214.2,0.20395799676898219,3063.0,0.0,0.25,1.0,WNK1(219); SCN9A(203); KIF1A(118); RETREG1(79)
Facioscapulohumeral muscular dystrophy,knowledge_filtered,2,2,1.0,160.5,160.5,173.7,0.051401869158878455,2852.5,0.0,0.0,1.0,SMCHD1(177); DUX4(144)
Alternating hemiplegia of childhood,knowledge_filtered,2,2,1.0,160.5,160.5,165.7,0.02024922118380057,2819.0,0.0,0.0,1.0,ATP1A2(167); ATP1A3(154)
Gangliosidosis,knowledge_filtered,5,5,1.0,160.0,145.4,182.2,0.15240715268225583,2833.0,0.0,0.0,1.0,PSAP(187); GLB1(175); HEXA(160); HEXB(138); GM2A(67)
Spondylocarpotarsal synostosis syndrome,knowledge_filtered,2,2,1.0,160.0,160.0,239.2,0.30937499999999996,4611.5,0.0,0.5,1.0,FLNB(259); MYH3(61)
Hereditary sensory and autonomic neuropathy type 1A,knowledge_filtered,1,1,1.0,160.0,160.0,160.0,0.0,2841.0,0.0,0.0,1.0,SPTLC1(160)
Holt-Oram syndrome,knowledge_filtered,1,1,1.0,160.0,160.0,160.0,0.0,2845.0,0.0,0.0,1.0,TBX5(160)
Gyrate atrophy,knowledge_filtered,1,1,1.0,160.0,160.0,160.0,0.0,2849.0,0.0,0.0,1.0,OAT(160)
Tay-Sachs disease,knowledge_filtered,1,1,1.0,160.0,160.0,160.0,0.0,2833.0,0.0,0.0,1.0,HEXA(160)
Kleefstra syndrome,knowledge_filtered,1,1,1.0,159.0,159.0,159.0,0.0,2872.0,0.0,0.0,1.0,EHMT1(159)
Vitelliform macular dystrophy,knowledge_filtered,2,2,1.0,158.5,158.5,188.5,0.11829652996845419,3049.5,0.0,0.0,1.0,BEST1(196); PRPH2(121)
Severe combined immunodeficiency,knowledge_filtered,17,17,1.0,158.0,253.64705882352942,489.2000000000001,0.4384208228746044,2891.0,0.11764705882352941,0.47058823529411764,0.8823529411764706,PRKDC(902); IKBKB(647); ZAP70(384); PTPRC(351); IL7R(349)
Congenital central hypoventilation syndrome,knowledge_filtered,1,1,1.0,158.0,158.0,158.0,0.0,2884.0,0.0,0.0,1.0,PHOX2B(158)
Helsmoortel-Van Der Aa Syndrome,knowledge_filtered,1,1,1.0,158.0,158.0,158.0,0.0,2888.0,0.0,0.0,1.0,ADNP(158)
X-linked severe combined immunodeficiency,knowledge_filtered,1,1,1.0,158.0,158.0,158.0,0.0,2891.0,0.0,0.0,1.0,IL2RG(158)
Fanconi anemia,knowledge_filtered,23,23,1.0,157.0,431.9318181818182,857.0,0.654848006505465,2905.0,0.13636363636363635,0.36363636363636365,0.9772727272727273,BRCA1(3448); BRCA1(3448); BRCA2(2204); BRCA2(2204); RAD51(857)
Osteoarthritis,knowledge_filtered,7,7,1.0,157.0,157.14285714285714,277.80000000000007,0.38961038961038963,2909.0,0.0,0.14285714285714285,1.0,NCOA3(435); GDF5(173); DOT1L(164); COL11A1(157); ALDH1A2(71)
Liddle syndrome,knowledge_filtered,2,2,1.0,156.5,156.5,170.5,0.05591054313099031,2946.5,0.0,0.0,1.0,SCNN1B(174); SCNN1G(139)
Cancer,knowledge_filtered,324,323,0.9969135802469136,156.0,412.69349845201236,890.8000000000005,0.653776276886559,2923.0,0.19504643962848298,0.4241486068111455,0.9071207430340558,TP53(11608); EGFR(6674); AKT1(3744); BRCA1(3448); KRAS(3044)
Sotos syndrome,knowledge_filtered,1,1,1.0,156.0,156.0,156.0,0.0,2923.0,0.0,0.0,1.0,NSD1(156)
Junctional epidermolysis bullosa,knowledge_filtered,5,5,1.0,155.0,189.8,266.0,0.16944151738672292,2945.0,0.0,0.2,1.0,ITGB4(318); LAMC2(188); COL17A1(155); LAMB3(154); LAMA3(134)
Hailey-Hailey disease,knowledge_filtered,1,1,1.0,155.0,155.0,155.0,0.0,2931.0,0.0,0.0,1.0,ATP2C1(155)
Dystonia 12,knowledge_filtered,1,1,1.0,154.0,154.0,154.0,0.0,2954.0,0.0,0.0,1.0,ATP1A3(154)
Atrial heart septal defect,knowledge_filtered,8,8,1.0,153.5,164.5,288.59999999999997,0.3415653495440729,3615.0,0.0,0.5,1.0,GATA4(325); ACTC1(273); NKX2-5(225); GATA6(216); CITED2(91)
Generalized epilepsy with febrile seizures plus,knowledge_filtered,7,7,1.0,153.0,155.0,281.4000000000001,0.3931533903884134,2981.0,0.0,0.14285714285714285,0.7142857142857143,SCN1A(399); SCN9A(203); GABRG2(168); SCN2A(153); SCN1B(84)
Episodic ataxia,knowledge_filtered,5,5,1.0,153.0,149.8,228.4,0.255807743658211,2981.0,0.0,0.2,1.0,CACNA1A(274); SLC1A3(160); SCN2A(153); KCNA1(95); FGF14(67)
Intestinal pseudo-obstruction,knowledge_filtered,5,5,1.0,151.0,238.0,489.80000000000007,0.4618487394957983,3026.0,0.2,0.2,0.8,FLNA(697); MYLK(179); MYH11(151); ACTG2(127); LMOD1(36)
Treacher Collins syndrome,knowledge_filtered,3,3,1.0,151.0,155.66666666666666,222.2,0.23411848679514632,3025.0,0.0,0.3333333333333333,1.0,TCOF1(240); POLR1C(151); POLR1D(76)
Pseudoxanthoma elasticum,knowledge_filtered,1,1,1.0,151.0,151.0,151.0,0.0,3020.0,0.0,0.0,1.0,ABCC6(151)
Congenital dyserythropoietic anemia,knowledge_filtered,9,8,0.8888888888888888,149.0,191.53846153846155,210.0,0.4194624652455978,3069.0,0.07692307692307693,0.07692307692307693,0.8461538461538461,HBB(871); RACGAP1(210); RACGAP1(210); KIF23(177); KIF23(177)
Hereditary elliptocytosis,knowledge_filtered,8,8,1.0,149.0,147.625,234.2,0.33202794242167655,3116.5,0.0,0.125,0.75,SLC4A1(321); EPB41(197); ACSL4(186); SPTA1(164); SPTB(134)
Metachromatic leukodystrophy,knowledge_filtered,4,4,1.0,149.0,135.66666666666666,187.0,0.19574119574119578,3064.0,0.0,0.0,1.0,PSAP(187); PSAP(187); ARSA(149); ARSA(149); ARSB(85)
Wolff-Parkinson-White syndrome,knowledge_filtered,1,1,1.0,149.0,149.0,149.0,0.0,3063.0,0.0,0.0,1.0,PRKAG2(149)
Isolated elevated serum creatine phosphokinase levels,knowledge_filtered,1,1,1.0,149.0,149.0,149.0,0.0,3061.0,0.0,0.0,1.0,CAV3(149)
Alstrom syndrome,knowledge_filtered,1,1,1.0,149.0,149.0,149.0,0.0,3065.0,0.0,0.0,1.0,ALMS1(149)
Microcephalic osteodysplastic primordial dwarfism type II,knowledge_filtered,1,1,1.0,148.0,148.0,148.0,0.0,3090.0,0.0,0.0,1.0,PCNT(148)
Omenn syndrome,knowledge_filtered,6,6,1.0,147.0,177.33333333333334,281.5,0.2478070175438596,3148.5,0.0,0.3333333333333333,1.0,IL7R(349); LIG4(214); RAG1(157); CARD11(137); RAG2(105)
GNE myopathy,knowledge_filtered,1,1,1.0,147.0,147.0,147.0,0.0,3125.0,0.0,0.0,1.0,GNE(147)
Sialuria,knowledge_filtered,1,1,1.0,147.0,147.0,147.0,0.0,3125.0,0.0,0.0,1.0,GNE(147)
Cutis laxa,knowledge_filtered,12,12,1.0,146.5,148.91666666666666,210.4,0.23255922402536836,3175.0,0.0,0.16666666666666666,1.0,ELN(311); ATP7A(214); ATP6AP2(178); ALDH18A1(172); ATP6V1A(164)
Wolf-Hirschhorn syndrome,knowledge_filtered,4,4,1.0,146.5,133.5,190.0,0.2415730337078652,3234.5,0.0,0.0,0.75,NSD2(199); MSX1(169); LETM1(124); CPLX1(42)
Transcobalamin II deficiency,knowledge_filtered,1,1,1.0,146.0,146.0,146.0,0.0,3140.0,0.0,0.0,1.0,TCN2(146)
Gamstorp-Wohlfart syndrome,knowledge_filtered,1,1,1.0,146.0,146.0,146.0,0.0,3132.0,0.0,0.0,1.0,HINT1(146)
Hereditary multiple exostoses,knowledge_filtered,2,2,1.0,144.5,144.5,148.0,0.01211072664359869,3189.5,0.0,0.0,1.0,EXT2(148); EXT2(148); EXT1(141); EXT1(141)
Acrocallosal syndrome,knowledge_filtered,2,2,1.0,144.5,144.5,202.5,0.25086505190311414,4298.5,0.0,0.5,1.0,GLI3(217); KIF7(72)
hemolytic-uremic syndrome,knowledge_filtered,11,11,1.0,143.0,270.72727272727275,747.0,0.5032663776787349,3244.0,0.18181818181818182,0.45454545454545453,1.0,CFH(890); C3(747); THBD(348); CD46(253); CFB(231)
Benign neonatal seizures,knowledge_filtered,2,2,1.0,143.0,143.0,179.0,0.1573426573426573,3627.0,0.0,0.0,1.0,KCNQ2(188); KCNQ3(98)
Pyruvate kinase deficiency of red cells,knowledge_filtered,1,1,1.0,143.0,143.0,143.0,0.0,3233.0,0.0,0.0,1.0,PKLR(143)
Complement factor I deficiency,knowledge_filtered,1,1,1.0,143.0,143.0,143.0,0.0,3244.0,0.0,0.0,1.0,CFI(143)
Dent disease,knowledge_filtered,2,2,1.0,142.5,142.5,164.5,0.09649122807017552,3408.0,0.0,0.0,1.0,OCRL(170); CLCN5(115)
Progressive myoclonus epilepsy 4,knowledge_filtered,1,1,1.0,142.0,142.0,142.0,0.0,3257.0,0.0,0.0,1.0,SCARB2(142)
Developmental and epileptic encephalopathy 14,knowledge_filtered,25,25,1.0,141.0,151.52,301.0000000000001,0.32810982048574444,3275.0,0.0,0.2,1.0,SCN1A(399); SMC1A(334); WWOX(329); KARS1(259); AIMP1(216)
Childhood absence epilepsy,knowledge_filtered,5,5,1.0,141.0,123.8,163.6,0.20420032310177713,3282.0,0.0,0.0,0.8,GABRG2(168); GABRA1(157); GABRB3(141); CACNA1H(129); JRK(24)
Developmental and epileptic encephalopathy 2,knowledge_filtered,1,1,1.0,141.0,141.0,141.0,0.0,3275.0,0.0,0.0,1.0,CDKL5(141)
Complement component 2 deficiency,knowledge_filtered,1,1,1.0,140.0,140.0,140.0,0.0,3324.0,0.0,0.0,1.0,C2(140)
Mitochondrial DNA depletion syndrome 7,knowledge_filtered,1,1,1.0,140.0,140.0,140.0,0.0,3323.0,0.0,0.0,1.0,TWNK(140)
Primary pulmonary hypertension,knowledge_filtered,10,10,1.0,139.5,289.5,600.6999999999998,0.5346113989637306,3344.0,0.2,0.3,0.9,CAV1(1219); ENG(532); BMPR2(348); ACVRL1(195); EIF2AK4(144)
Diabetes mellitus,knowledge_filtered,88,87,0.9886363636363636,139.0,387.32183908045977,1086.2000000000007,0.639453220536362,3357.0,0.21839080459770116,0.40229885057471265,0.8735632183908046,STAT3(3689); ADIPOQ(2462); PPARG(2273); LEP(1911); CCR5(1643)
Interstitial lung disease 1,knowledge_filtered,25,25,1.0,139.0,647.32,2172.6000000000004,0.708303775566953,3345.0,0.24,0.4,0.92,TGFB1(5005); HLA-DRB1(2868); MAPT(2219); TERT(2103); TLR3(749)
Pachyonychia congenita,knowledge_filtered,5,5,1.0,139.0,131.4,189.0,0.22770167427701668,3343.0,0.0,0.2,1.0,KRT17(215); KRT16(150); KRT6A(139); KRT6B(100); KRT6C(53)
megacystis-microcolon-intestinal hypoperistalsis syndrome,knowledge_filtered,4,4,1.0,139.0,123.25,170.6,0.22971602434077076,3371.5,0.0,0.0,0.75,MYLK(179); MYH11(151); ACTG2(127); LMOD1(36)
Frontotemporal dementia and/or amyotrophic lateral sclerosis 7,knowledge_filtered,1,1,1.0,139.0,139.0,139.0,0.0,3350.0,0.0,0.0,1.0,CHMP2B(139)
Myotonia congenita,knowledge_filtered,1,1,1.0,139.0,139.0,139.0,0.0,3340.0,0.0,0.0,1.0,CLCN1(139)
Sandhoff disease,knowledge_filtered,1,1,1.0,138.0,138.0,138.0,0.0,3390.0,0.0,0.0,1.0,HEXB(138)
Leri-Weill dyschondrosteosis,knowledge_filtered,1,1,1.0,138.0,138.0,138.0,0.0,3384.0,0.0,0.0,1.0,SHOX(138)
Turner syndrome,knowledge_filtered,1,1,1.0,138.0,138.0,138.0,0.0,3384.0,0.0,0.0,1.0,SHOX(138)
Aromatic L-amino acid decarboxylase deficiency,knowledge_filtered,1,1,1.0,138.0,138.0,138.0,0.0,3381.0,0.0,0.0,1.0,DDC(138)
Very long chain acyl-CoA dehydrogenase deficiency,knowledge_filtered,1,1,1.0,138.0,138.0,138.0,0.0,3385.0,0.0,0.0,1.0,ACADVL(138)
Cerebral cavernous malformation,knowledge_filtered,3,3,1.0,137.0,122.66666666666667,142.6,0.10326086956521745,3402.0,0.0,0.0,1.0,KRIT1(144); PDCD10(137); CCM2(87)
White-Sutton syndrome,knowledge_filtered,1,1,1.0,137.0,137.0,137.0,0.0,3426.0,0.0,0.0,1.0,POGZ(137)
ankyrin-B-related cardiac arrhythmia,knowledge_filtered,1,1,1.0,137.0,137.0,137.0,0.0,3416.0,0.0,0.0,1.0,ANK2(137)
Baller-Gerold syndrome,knowledge_filtered,1,1,1.0,137.0,137.0,137.0,0.0,3394.0,0.0,0.0,1.0,RECQL4(137)
Rapadilino syndrome,knowledge_filtered,1,1,1.0,137.0,137.0,137.0,0.0,3394.0,0.0,0.0,1.0,RECQL4(137)
Rothmund-Thomson syndrome,knowledge_filtered,1,1,1.0,137.0,137.0,137.0,0.0,3394.0,0.0,0.0,1.0,RECQL4(137)
Familial atrial fibrillation,knowledge_filtered,21,21,1.0,135.0,230.65714285714284,666.2,0.5232114101679319,3479.0,0.17142857142857143,0.2857142857142857,0.8285714285714286,LMNA(1073); SCN5A(730); SCN5A(730); KCNH2(685); KCNQ1(638)
Phelan-McDermid syndrome,knowledge_filtered,2,2,1.0,135.0,135.0,160.6,0.11851851851851847,3692.0,0.0,0.0,1.0,SHANK3(167); ABCB7(103)
Hypokalemic periodic paralysis,knowledge_filtered,2,2,1.0,135.0,135.0,158.2,0.1074074074074074,3658.5,0.0,0.0,1.0,SCN4A(164); CACNA1S(106)
Prolidase deficiency,knowledge_filtered,1,1,1.0,135.0,135.0,135.0,0.0,3486.0,0.0,0.0,1.0,PEPD(135)
Neuronal ceroid lipofuscinosis 3,knowledge_filtered,1,1,1.0,135.0,135.0,135.0,0.0,3470.0,0.0,0.0,1.0,CLN3(135)
Craniosynostosis,knowledge_filtered,26,26,1.0,134.5,250.03846153846155,666.5,0.5129565865606475,3475.0,0.23076923076923078,0.38461538461538464,0.8846153846153846,FGFR1(758); TWIST1(748); FGFR2(711); TGFBR2(622); TGFBR1(617)
Congenital generalized lipodystrophy,knowledge_filtered,6,6,1.0,134.0,328.6,1219.0,0.5872793670115641,3497.0,0.2,0.2,1.0,CAV1(1219); CAV1(1219); CAVIN1(161); CAVIN1(161); BSCL2(134)
Hereditary spherocytosis,knowledge_filtered,5,5,1.0,134.0,158.2,258.20000000000005,0.29785082174462707,3491.0,0.0,0.2,1.0,SLC4A1(321); SPTA1(164); SPTB(134); ANK1(127); EPB42(45)
2-hydroxyglutaric aciduria,knowledge_filtered,4,4,1.0,134.0,204.0,415.90000000000003,0.47120098039215685,4626.5,0.0,0.25,0.75,IDH2(508); SLC25A1(201); L2HGDH(67); D2HGDH(40)
Autosomal dominant distal hereditary motor neuronopathy 5,knowledge_filtered,3,3,1.0,134.0,121.66666666666667,174.0,0.25022831050228306,3497.0,0.0,0.0,1.0,GARS1(184); BSCL2(134); REEP1(47)
Hereditary spastic paraplegia 17,knowledge_filtered,1,1,1.0,134.0,134.0,134.0,0.0,3497.0,0.0,0.0,1.0,BSCL2(134)
alpha-methylacyl-CoA racemase deficiency,knowledge_filtered,1,1,1.0,134.0,134.0,134.0,0.0,3499.0,0.0,0.0,1.0,AMACR(134)
Congenital merosin-deficient muscular dystrophy 1A,knowledge_filtered,1,1,1.0,134.0,134.0,134.0,0.0,3489.0,0.0,0.0,1.0,LAMA2(134)
3-methylcrotonyl-CoA carboxylase deficiency,knowledge_filtered,2,2,1.0,133.5,133.5,134.7,0.00561797752808979,3527.0,0.0,0.0,1.0,MCCC1(135); MCCC2(132)
Autism spectrum disorder,knowledge_filtered,40,40,1.0,133.0,223.9,409.20000000000005,0.5785562751228227,3550.5,0.05,0.2,0.925,PTEN(2819); MECP2(736); EIF4E(504); UBE3A(420); GRIN2B(408)
Mucolipidosis type IV,knowledge_filtered,1,1,1.0,133.0,133.0,133.0,0.0,3526.0,0.0,0.0,1.0,MCOLN1(133)
Feingold syndrome,knowledge_filtered,3,3,1.0,132.0,225.66666666666666,435.20000000000005,0.46971935007385524,3559.0,0.0,0.3333333333333333,0.6666666666666666,MYCN(511); MIR17HG(132); AADAC(34)
Angelman syndrome,knowledge_filtered,3,3,1.0,132.0,199.33333333333334,362.40000000000003,0.41694537346711263,3574.0,0.0,0.3333333333333333,1.0,UBE3A(420); OCA2(132); AANAT(46)
Craniofrontonasal syndrome,knowledge_filtered,1,1,1.0,132.0,132.0,132.0,0.0,3556.0,0.0,0.0,1.0,EFNB1(132)
Hereditary spastic paraplegia 3A,knowledge_filtered,1,1,1.0,132.0,132.0,132.0,0.0,3549.0,0.0,0.0,1.0,ATL1(132)
Trimethylaminuria,knowledge_filtered,1,1,1.0,132.0,132.0,132.0,0.0,3570.0,0.0,0.0,1.0,FMO3(132)
Lipoid proteinosis,knowledge_filtered,1,1,1.0,132.0,132.0,132.0,0.0,3552.0,0.0,0.0,1.0,ECM1(132)
Central precocious puberty,knowledge_filtered,3,3,1.0,131.0,172.66666666666666,275.8,0.3050193050193051,3596.0,0.0,0.3333333333333333,1.0,KISS1(312); KISS1R(131); MKRN3(75)
Sitosterolemia,knowledge_filtered,2,2,1.0,131.0,131.0,135.0,0.01908396946564883,3600.5,0.0,0.0,1.0,ABCG8(136); ABCG5(126)
Benign recurrent intrahepatic cholestasis,knowledge_filtered,2,2,1.0,131.0,131.0,163.8,0.1564885496183206,3982.5,0.0,0.0,1.0,ABCB11(172); ATP8B1(90)
Ornithine carbamoyltransferase deficiency,knowledge_filtered,1,1,1.0,131.0,131.0,131.0,0.0,3605.0,0.0,0.0,1.0,OTC(131)
Troyer syndrome,knowledge_filtered,1,1,1.0,131.0,131.0,131.0,0.0,3591.0,0.0,0.0,1.0,SPART(131)
Lennox-Gastaut syndrome,knowledge_filtered,8,8,1.0,130.5,164.375,268.09999999999997,0.2953422053231939,3630.0,0.0,0.25,1.0,SCN1A(399); DNM1(212); STXBP1(171); GABRB3(141); FOXG1(120)
Propionic acidemia,knowledge_filtered,2,2,1.0,130.0,130.0,135.6,0.026923076923076827,3645.5,0.0,0.0,1.0,PCCA(137); PCCB(123)
Wiedemann-Rautenstrauch syndrome,knowledge_filtered,1,1,1.0,130.0,130.0,130.0,0.0,3631.0,0.0,0.0,1.0,POLR3A(130)
Polymicrogyria,knowledge_filtered,2,2,1.0,129.5,129.5,147.5,0.08687258687258681,3762.5,0.0,0.0,1.0,TUBB2B(152); ADGRG1(107)
Purine nucleoside phosphorylase deficiency,knowledge_filtered,1,1,1.0,129.0,129.0,129.0,0.0,3655.0,0.0,0.0,1.0,PNP(129)
"X-linked immunodeficiency with magnesium defect, Epstein-Barr virus infection, and neoplasia",knowledge_filtered,1,1,1.0,129.0,129.0,129.0,0.0,3649.0,0.0,0.0,1.0,MAGT1(129)
Cerebrotendinous xanthomatosis,knowledge_filtered,1,1,1.0,128.0,128.0,128.0,0.0,3678.0,0.0,0.0,1.0,CYP27A1(128)
Carnitine palmitoyltransferase II deficiency,knowledge_filtered,1,1,1.0,128.0,128.0,128.0,0.0,3704.0,0.0,0.0,1.0,CPT2(128)
Van der Woude syndrome,knowledge_filtered,2,2,1.0,127.0,127.0,185.4,0.28740157480314954,5315.5,0.0,0.0,1.0,IRF6(200); GRHL3(54)
Adenine phosphoribosyltransferase deficiency,knowledge_filtered,1,1,1.0,127.0,127.0,127.0,0.0,3738.0,0.0,0.0,1.0,APRT(127)
Congenital fibrosis of the extraocular muscles,knowledge_filtered,4,4,1.0,126.5,166.5,307.40000000000003,0.39639639639639634,3895.0,0.0,0.25,0.75,TUBB3(374); TUBB2B(152); KIF21A(101); PHOX2A(39)
Charcot-Marie-Tooth disease,knowledge_filtered,87,85,0.9770114942528736,125.0,189.71942446043167,363.0,0.47182688417541724,3785.0,0.050359712230215826,0.302158273381295,0.9280575539568345,LMNA(1073); LMNA(1073); DNMT1(877); VCP(836); VCP(836)
Mullerian aplasia and hyperandrogenism,knowledge_filtered,1,1,1.0,125.0,125.0,125.0,0.0,3780.0,0.0,0.0,1.0,WNT4(125)
Hypophosphatemia,knowledge_filtered,6,6,1.0,124.0,213.83333333333334,466.0,0.4877890361132762,3860.0,0.16666666666666666,0.3333333333333333,0.8333333333333334,FGF23(654); ENPP1(278); PHEX(133); CLCN5(115); DMP1(74)
Charlevoix-Saguenay spastic ataxia,knowledge_filtered,1,1,1.0,124.0,124.0,124.0,0.0,3838.0,0.0,0.0,1.0,SACS(124)
Schizophrenia,knowledge_filtered,17,16,0.9411764705882353,123.0,562.3125,1699.0,0.7143006002000667,3964.5,0.25,0.3125,0.875,AKT1(3744); COMT(2073); DRD2(1325); YWHAE(600); C4A(245)
Trichothiodystrophy,knowledge_filtered,10,10,1.0,123.0,195.5,298.09999999999974,0.5335549872122762,4002.0,0.1,0.3,0.8,ERCC2(920); ERCC3(229); MARS1(219); AARS1(147); TARS1(146)
pyridoxine-dependent epilepsy,knowledge_filtered,1,1,1.0,123.0,123.0,123.0,0.0,3869.0,0.0,0.0,1.0,ALDH7A1(123)
Autosomal dominant intellectual developmental disorder 35,knowledge_filtered,1,1,1.0,123.0,123.0,123.0,0.0,3848.0,0.0,0.0,1.0,PPP2R5D(123)
Fuchs' endothelial dystrophy,knowledge_filtered,8,8,1.0,122.0,186.875,413.8999999999999,0.5362040133779264,4387.0,0.125,0.25,0.75,ZEB1(654); TCF4(311); LAMC1(196); ATP1B1(163); SLC4A11(81)
Mevalonic aciduria,knowledge_filtered,3,3,1.0,122.0,163.0,267.6,0.32856169052488066,3901.0,0.0,0.3333333333333333,1.0,SAA1(304); MVK(122); SAA2(63)
Orofaciodigital syndrome,knowledge_filtered,1,1,1.0,122.0,122.0,122.0,0.0,3904.0,0.0,0.0,1.0,OFD1(122)
Syndromic X-linked intellectual disability Siderius type,knowledge_filtered,1,1,1.0,122.0,122.0,122.0,0.0,3920.0,0.0,0.0,1.0,PHF8(122)
Renpenning syndrome,knowledge_filtered,1,1,1.0,122.0,122.0,122.0,0.0,3888.0,0.0,0.0,1.0,PQBP1(122)
Myopathy,knowledge_filtered,14,14,1.0,121.5,161.21428571428572,383.70000000000005,0.4879739224001519,3970.0,0.0,0.2857142857142857,0.7857142857142857,TTN(467); CRYAB(399); BAG3(348); FLNC(245); DES(205)
Fibrochondrogenesis,knowledge_filtered,2,2,1.0,121.5,121.5,149.9,0.14609053497942392,4266.0,0.0,0.0,1.0,COL11A1(157); COL11A2(86)
Miyoshi muscular dystrophy,knowledge_filtered,2,2,1.0,120.5,120.5,162.5,0.21784232365145217,4818.0,0.0,0.0,1.0,DYSF(173); ANO5(68)
Episodic kinesigenic dyskinesia 1,knowledge_filtered,6,6,1.0,120.0,236.66666666666666,503.0,0.4654929577464788,4138.0,0.16666666666666666,0.3333333333333333,1.0,SLC2A1(790); CHRNA4(216); PRRT2(145); KCNA1(95); DEPDC5(94)
Farber lipogranulomatosis,knowledge_filtered,1,1,1.0,120.0,120.0,120.0,0.0,3971.0,0.0,0.0,1.0,ASAH1(120)
Spinal muscular atrophy with progressive myoclonic epilepsy,knowledge_filtered,1,1,1.0,120.0,120.0,120.0,0.0,3971.0,0.0,0.0,1.0,ASAH1(120)
Cardiomyopathy,knowledge_filtered,108,104,0.9629629629629629,119.5,241.98076923076923,410.90000000000003,0.5734492202544337,3997.5,0.07692307692307693,0.3557692307692308,0.9038461538461539,KRAS(3044); BRAF(2743); LMNA(1073); PSEN1(878); SCN5A(730)
Autosomal dominant cerebellar ataxia,knowledge_filtered,42,41,0.9761904761904762,119.0,154.1219512195122,331.0,0.4331651735571003,4003.0,0.024390243902439025,0.21951219512195122,0.8292682926829268,STUB1(671); TBP(424); EEF2(389); MME(371); ATXN3(331)
Dilated cardiomyopathy,knowledge_filtered,29,29,1.0,119.0,215.55172413793105,451.8,0.5384186805973113,4007.0,0.06896551724137931,0.3793103448275862,0.7931034482758621,LMNA(1073); SCN5A(730); TTN(467); TNNT2(448); TNNI3(389)
Holoprosencephaly,knowledge_filtered,16,15,0.9375,118.0,207.28571428571428,601.0,0.4885081990526512,4031.0,0.14285714285714285,0.38095238095238093,0.9047619047619048,FGFR1(758); SHH(601); SHH(601); PTCH1(323); PTCH1(323)
Exudative vitreoretinopathy,knowledge_filtered,7,7,1.0,118.0,617.4285714285714,1536.600000000001,0.7052951675811462,4024.0,0.14285714285714285,0.42857142857142855,0.8571428571428571,CTNNB1(3354); LRP5(325); KIF11(309); NDP(118); FZD4(117)
Congenital contractural arachnodactyly,knowledge_filtered,1,1,1.0,118.0,118.0,118.0,0.0,4028.0,0.0,0.0,1.0,FBN2(118)
Norrie disease,knowledge_filtered,1,1,1.0,118.0,118.0,118.0,0.0,4024.0,0.0,0.0,1.0,NDP(118)
Dyskeratosis congenita,knowledge_filtered,15,15,1.0,117.0,325.3636363636364,592.8000000000008,0.6360588280118875,4084.0,0.13636363636363635,0.2727272727272727,0.9545454545454546,TERT(2103); TERT(2103); TYMS(626); DKC1(294); DKC1(294)
Primary autosomal recessive microcephaly,knowledge_filtered,8,7,0.875,117.0,117.42857142857143,152.0,0.12130691692735494,4097.0,0.0,0.0,1.0,MCPH1(152); ASPM(152); CDK5RAP2(120); KNL1(117); WDR62(107)
Spinocerebellar ataxia with axonal neuropathy 2,knowledge_filtered,5,5,1.0,117.0,344.8,860.0000000000001,0.617169373549884,4059.0,0.2,0.2,0.8,XRCC1(1340); SETX(140); PNKP(117); APTX(94); PIK3R5(33)
Galactosemia,knowledge_filtered,3,3,1.0,117.0,105.33333333333333,128.2,0.13291139240506325,4071.0,0.0,0.0,1.0,GALT(131); GALK1(117); GALE(68)
"microcephaly, seizures, and developmental delay",knowledge_filtered,1,1,1.0,117.0,117.0,117.0,0.0,4059.0,0.0,0.0,1.0,PNKP(117)
Robinow syndrome,knowledge_filtered,8,8,1.0,116.5,153.75,267.59999999999997,0.41117886178861784,4490.5,0.0,0.125,0.875,WNT5A(479); ROR2(177); DVL1(173); DVL3(152); GPC4(81)
Gitelman syndrome,knowledge_filtered,2,2,1.0,116.5,116.5,156.9,0.21673819742489275,4951.5,0.0,0.0,1.0,SLC12A3(167); CLCNKB(66)
Mucopolysaccharidosis II,knowledge_filtered,1,1,1.0,116.0,116.0,116.0,0.0,4111.0,0.0,0.0,1.0,IDS(116)
Glutaric acidemia I,knowledge_filtered,1,1,1.0,116.0,116.0,116.0,0.0,4137.0,0.0,0.0,1.0,GCDH(116)
Mitochondrial DNA depletion syndrome 5,knowledge_filtered,1,1,1.0,116.0,116.0,116.0,0.0,4127.0,0.0,0.0,1.0,SUCLA2(116)
Hypotrichosis 2,knowledge_filtered,2,2,1.0,115.0,115.0,116.6,0.008695652173912993,4156.0,0.0,0.0,1.0,CDSN(117); APCS(113)
Choroideremia,knowledge_filtered,1,1,1.0,115.0,115.0,115.0,0.0,4157.0,0.0,0.0,1.0,CHM(115)
Boucher-Neuhauser syndrome,knowledge_filtered,1,1,1.0,115.0,115.0,115.0,0.0,4177.0,0.0,0.0,1.0,PNPLA6(115)
dentatorubral-pallidoluysian atrophy,knowledge_filtered,1,1,1.0,114.0,114.0,114.0,0.0,4218.0,0.0,0.0,1.0,ATN1(114)
"Craniofacial dysmorphism, skeletal anomalies, and mental retardation syndrome",knowledge_filtered,1,1,1.0,114.0,114.0,114.0,0.0,4204.0,0.0,0.0,1.0,TMCO1(114)
Hypomyelinating leukodystrophy 7,knowledge_filtered,2,2,1.0,113.5,113.5,126.7,0.07268722466960353,4318.0,0.0,0.0,1.0,POLR3A(130); POLR3B(97)
Leukocyte chemotactic factor 2 Amyloidosis,knowledge_filtered,3,3,1.0,113.0,1797.6666666666667,4201.8,0.6388528339205143,4256.0,0.3333333333333333,0.3333333333333333,1.0,APOE(5224); APCS(113); LECT2(56)
Glycogen storage disease VI,knowledge_filtered,1,1,1.0,113.0,113.0,113.0,0.0,4243.0,0.0,0.0,1.0,PYGL(113)
Cerebral creatine deficiency syndrome 1,knowledge_filtered,1,1,1.0,113.0,113.0,113.0,0.0,4264.0,0.0,0.0,1.0,SLC6A8(113)
Congenital disorder of glycosylation Ia,knowledge_filtered,1,1,1.0,113.0,113.0,113.0,0.0,4236.0,0.0,0.0,1.0,PMM2(113)
tarsal-carpal coalition syndrome,knowledge_filtered,1,1,1.0,113.0,113.0,113.0,0.0,4250.0,0.0,0.0,1.0,NOG(113)
CHILD syndrome,knowledge_filtered,1,1,1.0,113.0,113.0,113.0,0.0,4265.0,0.0,0.0,1.0,NSDHL(113)
Lysosomal acid lipase deficiency,knowledge_filtered,1,1,1.0,112.0,112.0,112.0,0.0,4296.0,0.0,0.0,1.0,LIPA(112)
Galactosialidosis,knowledge_filtered,1,1,1.0,112.0,112.0,112.0,0.0,4309.0,0.0,0.0,1.0,CTSA(112)
Neuronal ceroid lipofuscinosis 1,knowledge_filtered,1,1,1.0,112.0,112.0,112.0,0.0,4317.0,0.0,0.0,1.0,PPT1(112)
Hereditary spastic paraplegia 11,knowledge_filtered,1,1,1.0,111.0,111.0,111.0,0.0,4323.0,0.0,0.0,1.0,SPG11(111)
Martsolf syndrome,knowledge_filtered,4,4,1.0,110.5,96.0,124.8,0.18880208333333326,4386.5,0.0,0.0,0.75,RAB18(126); RAB3GAP1(122); RAB3GAP2(99); TBC1D20(37)
Char syndrome,knowledge_filtered,1,1,1.0,110.0,110.0,110.0,0.0,4380.0,0.0,0.0,1.0,TFAP2B(110)
Metaphyseal dysplasia,knowledge_filtered,1,1,1.0,110.0,110.0,110.0,0.0,4383.0,0.0,0.0,1.0,SFRP4(110)
Adams-Oliver syndrome,knowledge_filtered,6,6,1.0,109.5,352.1666666666667,913.5,0.6697428616501026,5430.5,0.16666666666666666,0.3333333333333333,0.6666666666666666,NOTCH1(1587); RBPJ(240); DLL4(161); DOCK6(58); ARHGAP31(34)
Distal arthrogryposis type 1,knowledge_filtered,2,2,1.0,109.5,109.5,152.3,0.2442922374429224,5518.5,0.0,0.0,1.0,TPM2(163); MYBPC1(56)
Microcephaly,knowledge_filtered,37,35,0.9459459459459459,109.0,134.71428571428572,272.20000000000016,0.3702711710346917,4418.0,0.0,0.14285714285714285,0.9142857142857143,CDK6(474); PDCD6IP(374); LMNB1(372); TCF4(311); COPB2(214)
UV-sensitive syndrome,knowledge_filtered,3,3,1.0,109.0,139.66666666666666,240.20000000000002,0.37549721559268096,4395.0,0.0,0.3333333333333333,0.6666666666666666,ERCC6(273); ERCC8(109); UVSSA(37)
Branchiootic syndrome,knowledge_filtered,3,3,1.0,109.0,109.66666666666667,171.4,0.3120567375886525,4433.0,0.0,0.0,0.6666666666666666,SIX1(187); EYA1(109); SIX5(33)
Glycogen storage disease III,knowledge_filtered,1,1,1.0,109.0,109.0,109.0,0.0,4422.0,0.0,0.0,1.0,AGL(109)
Developmental and epileptic encephalopathy 13,knowledge_filtered,1,1,1.0,109.0,109.0,109.0,0.0,4407.0,0.0,0.0,1.0,SCN8A(109)
Maple syrup urine disease,knowledge_filtered,5,5,1.0,108.0,102.625,134.7,0.1810292326431181,4458.0,0.0,0.0,1.0,DLD(162); DBT(123); DBT(123); BCKDHA(108); BCKDHA(108)
Amino acid metabolic disorder,knowledge_filtered,5,5,1.0,108.0,92.4,137.0,0.26320346320346316,4447.0,0.0,0.0,0.8,ETFA(151); GCDH(116); ETFB(108); ETFDH(60); SUGCT(27)
Progressive familial heart block,knowledge_filtered,4,4,1.0,108.0,257.5,545.2,0.4733009708737864,4478.0,0.25,0.25,1.0,SCN5A(730); TRPM4(114); GJA5(102); SCN1B(84)
corticosteroid-binding globulin deficiency,knowledge_filtered,1,1,1.0,108.0,108.0,108.0,0.0,4437.0,0.0,0.0,1.0,SERPINA6(108)
Glycoproteinosis,knowledge_filtered,4,4,1.0,107.0,105.5,150.5,0.22274881516587675,4761.5,0.0,0.0,1.0,NEU1(158); MCOLN1(133); GNPTAB(81); GNPTG(50)
Anauxetic dysplasia,knowledge_filtered,2,2,1.0,106.0,106.0,134.8,0.16981132075471694,5031.0,0.0,0.0,1.0,POP1(142); RMRP(70)
"3-methylglutaconic aciduria with cataracts, neurologic involvement and neutropenia",knowledge_filtered,1,1,1.0,106.0,106.0,106.0,0.0,4575.0,0.0,0.0,1.0,CLPB(106)
Leukoencephalopathy with vanishing white matter,knowledge_filtered,5,5,1.0,105.0,105.8,120.6,0.06654064272211713,4593.0,0.0,0.0,1.0,EIF2B5(121); EIF2B4(120); EIF2B1(105); EIF2B3(92); EIF2B2(91)
Torsion dystonia 6,knowledge_filtered,1,1,1.0,105.0,105.0,105.0,0.0,4597.0,0.0,0.0,1.0,THAP1(105)
Choreaacanthocytosis,knowledge_filtered,1,1,1.0,105.0,105.0,105.0,0.0,4605.0,0.0,0.0,1.0,VPS13A(105)
Chronic progressive external ophthalmoplegia,knowledge_filtered,18,16,0.8888888888888888,104.0,144.08333333333334,311.7999999999999,0.3603961827646038,4622.0,0.0,0.25,1.0,OPA1(386); POLG(349); POLG(349); RRM1(225); SLC25A4(224)
"46,XY sex reversal",knowledge_filtered,11,11,1.0,104.0,162.72727272727272,289.0,0.461858811579482,4639.0,0.09090909090909091,0.18181818181818182,0.8181818181818182,SOX9(567); NR5A1(289); MAP3K1(203); SRY(193); NR0B1(167)
Multiple acyl-CoA dehydrogenase deficiency,knowledge_filtered,4,4,1.0,104.0,104.75,138.10000000000002,0.16766109785202854,4642.0,0.0,0.0,1.0,ETFA(151); ETFB(108); AMPD1(100); ETFDH(60)
Mitochondrial DNA depletion syndrome 8a,knowledge_filtered,1,1,1.0,104.0,104.0,104.0,0.0,4622.0,0.0,0.0,1.0,RRM2B(104)
Succinic semialdehyde dehydrogenase deficiency,knowledge_filtered,1,1,1.0,104.0,104.0,104.0,0.0,4670.0,0.0,0.0,1.0,ALDH5A1(104)
Aicardi-Goutieres syndrome,knowledge_filtered,9,8,0.8888888888888888,103.5,193.5,437.0,0.4828811369509044,5481.0,0.0,0.375,0.75,ADAR(516); ADAR(516); SAMHD1(358); SAMHD1(358); IFIH1(350)
Opitz GBBB syndrome,knowledge_filtered,3,3,1.0,103.0,113.66666666666667,129.4,0.06647116324535673,4697.0,0.0,0.0,1.0,MID1(136); ABCB7(103); SPECC1L(102)
DiGeorge syndrome,knowledge_filtered,3,3,1.0,103.0,753.6666666666666,1679.0,0.5861713106295149,4697.0,0.3333333333333333,0.3333333333333333,1.0,COMT(2073); ABCB7(103); TBX1(85)
Glycogen storage disease V,knowledge_filtered,1,1,1.0,103.0,103.0,103.0,0.0,4682.0,0.0,0.0,1.0,PYGM(103)
X-linked sideroblastic anemia with ataxia,knowledge_filtered,1,1,1.0,103.0,103.0,103.0,0.0,4697.0,0.0,0.0,1.0,ABCB7(103)
Chromosome 22q11.2 microduplication syndrome,knowledge_filtered,1,1,1.0,103.0,103.0,103.0,0.0,4697.0,0.0,0.0,1.0,ABCB7(103)
Developmental and epileptic encephalopathy 1,knowledge_filtered,1,1,1.0,103.0,103.0,103.0,0.0,4706.0,0.0,0.0,1.0,ARX(103)
Partington syndrome,knowledge_filtered,1,1,1.0,103.0,103.0,103.0,0.0,4706.0,0.0,0.0,1.0,ARX(103)
hand-foot-genital syndrome,knowledge_filtered,1,1,1.0,103.0,103.0,103.0,0.0,4691.0,0.0,0.0,1.0,HOXA13(103)
Schimke immuno-osseous dysplasia,knowledge_filtered,1,1,1.0,102.0,102.0,102.0,0.0,4727.0,0.0,0.0,1.0,SMARCAL1(102)
Simpson-Golabi-Behmel syndrome type 1,knowledge_filtered,4,4,1.0,101.5,132.75,218.60000000000002,0.2904896421845574,4940.0,0.0,0.25,1.0,GPC3(260); OFD1(122); GPC4(81); PIGA(68)
Microvillus inclusion disease,knowledge_filtered,2,2,1.0,101.5,101.5,110.7,0.05665024630541882,4829.5,0.0,0.0,1.0,MYO5B(113); STX3(90)
Floating-Harbor syndrome,knowledge_filtered,1,1,1.0,101.0,101.0,101.0,0.0,4795.0,0.0,0.0,1.0,SRCAP(101)
Pantothenate kinase-associated neurodegeneration,knowledge_filtered,1,1,1.0,101.0,101.0,101.0,0.0,4791.0,0.0,0.0,1.0,PANK2(101)
X-linked juvenile retinoschisis 1,knowledge_filtered,1,1,1.0,101.0,101.0,101.0,0.0,4811.0,0.0,0.0,1.0,RS1(101)
Bowen-Conradi syndrome,knowledge_filtered,1,1,1.0,101.0,101.0,101.0,0.0,4778.0,0.0,0.0,1.0,EMG1(101)
Neuropathy,knowledge_filtered,138,136,0.9855072463768116,100.0,168.58823529411765,350.0,0.48152656910635855,4855.0,0.04411764705882353,0.23529411764705882,0.8823529411764706,APOA1(1126); LMNA(1073); DNMT1(877); VCP(836); HSPB1(807)
Sick sinus syndrome,knowledge_filtered,3,3,1.0,100.0,306.0,604.0,0.4662309368191721,4865.0,0.3333333333333333,0.3333333333333333,1.0,SCN5A(730); HCN4(100); MYH6(88)
Neurodegenerative disease,knowledge_filtered,438,429,0.9794520547945206,99.0,203.3030303030303,382.79999999999995,0.5914290944273631,4895.0,0.0675990675990676,0.23776223776223776,0.8251748251748252,APOE(5224); APP(3187); AR(2708); SNCA(2250); MAPT(2219)
Osteogenesis imperfecta,knowledge_filtered,27,27,1.0,99.0,188.11363636363637,388.0,0.48867343240304456,4891.0,0.045454545454545456,0.36363636363636365,0.8863636363636364,COL1A1(856); COL1A1(856); COL1A2(405); COL1A2(405); SPARC(388)
Glycogen storage disease,knowledge_filtered,22,21,0.9545454545454546,99.0,132.28571428571428,277.0,0.4030306146936816,4911.0,0.0,0.14285714285714285,0.9523809523809523,LDHA(515); ALDOA(333); LAMP2(277); GAA(207); PFKM(166)
Achondrogenesis,knowledge_filtered,3,3,1.0,99.0,187.33333333333334,324.6,0.35468564650059314,4882.0,0.0,0.3333333333333333,1.0,COL2A1(381); TRIP11(99); SLC26A2(82)
Smith-Magenis syndrome,knowledge_filtered,1,1,1.0,99.0,99.0,99.0,0.0,4880.0,0.0,0.0,1.0,RAI1(99)
Potocki-Lupski syndrome,knowledge_filtered,1,1,1.0,99.0,99.0,99.0,0.0,4880.0,0.0,0.0,1.0,RAI1(99)
Netherton syndrome,knowledge_filtered,1,1,1.0,99.0,99.0,99.0,0.0,4901.0,0.0,0.0,1.0,SPINK5(99)
Centronuclear myopathy X-linked,knowledge_filtered,1,1,1.0,99.0,99.0,99.0,0.0,4884.0,0.0,0.0,1.0,MTM1(99)
Asthma,knowledge_filtered,12,12,1.0,98.5,157.91666666666666,325.90000000000003,0.4637203166226913,4926.0,0.08333333333333333,0.25,0.8333333333333334,CHI3L1(574); PLA2G7(337); TBX21(226); ADAM33(160); ORMDL3(133)
Septooptic dysplasia,knowledge_filtered,4,4,1.0,98.5,265.5,607.7000000000002,0.5522598870056498,5208.0,0.25,0.25,1.0,SOX2(815); OTX2(124); SOX3(73); HESX1(50)
Severe congenital neutropenia,knowledge_filtered,9,9,1.0,98.0,155.0,284.8,0.3506172839506173,4953.0,0.0,0.3333333333333333,1.0,ELANE(336); WAS(272); HAX1(253); CSF3R(158); GFI1(98)
Restless legs syndrome,knowledge_filtered,6,6,1.0,98.0,89.16666666666667,137.0,0.27881619937694707,4978.0,0.0,0.0,0.8333333333333334,MEIS1(144); PTPRD(130); MAP2K5(105); TOX3(91); BTBD9(48)
Meier-Gorlin syndrome,knowledge_filtered,5,5,1.0,98.0,116.6,166.4,0.1914236706689536,4983.0,0.0,0.0,1.0,CDC6(186); CDT1(137); ORC1(98); ORC4(94); ORC6(68)
Cri-Du-Chat syndrome,knowledge_filtered,1,1,1.0,98.0,98.0,98.0,0.0,4976.0,0.0,0.0,1.0,CTNND2(98)
Hereditary spastic paraplegia 7,knowledge_filtered,1,1,1.0,98.0,98.0,98.0,0.0,4940.0,0.0,0.0,1.0,SPG7(98)
Xanthinuria,knowledge_filtered,2,2,1.0,97.5,97.5,151.5,0.34615384615384626,7628.5,0.0,0.0,0.5,XDH(165); MOCOS(30)
Panhypopituitarism,knowledge_filtered,27,27,1.0,97.0,176.2962962962963,457.6000000000002,0.5413165266106442,5018.0,0.07407407407407407,0.2222222222222222,0.8148148148148148,SOX2(815); FGFR1(758); BMP4(514); PAX6(420); GLI2(226)
Familial glucocorticoid deficiency,knowledge_filtered,5,5,1.0,97.0,118.6,203.20000000000002,0.32782462057335576,5009.0,0.0,0.2,0.8,MCM4(270); NNT(103); MC2R(97); TXNRD2(89); MRAP(34)
Mucopolysaccharidosis I,knowledge_filtered,1,1,1.0,97.0,97.0,97.0,0.0,4991.0,0.0,0.0,1.0,IDUA(97)
Brody myopathy,knowledge_filtered,1,1,1.0,97.0,97.0,97.0,0.0,5027.0,0.0,0.0,1.0,ATP2A1(97)
Autosomal dominant distal hereditary motor neuronopathy 2,knowledge_filtered,4,4,1.0,96.5,255.0,607.2000000000002,0.6004901960784313,6034.0,0.25,0.25,0.75,HSPB1(807); HSPB8(141); FBXO38(52); HSPB3(20)
Nuclear type mitochondrial complex I deficiency 20,knowledge_filtered,1,1,1.0,96.0,96.0,96.0,0.0,5039.0,0.0,0.0,1.0,ACAD9(96)
nail-patella syndrome,knowledge_filtered,1,1,1.0,96.0,96.0,96.0,0.0,5041.0,0.0,0.0,1.0,LMX1B(96)
Senile Seminal Vesicle Amyloidosis,knowledge_filtered,1,1,1.0,95.0,95.0,95.0,0.0,5092.0,0.0,0.0,1.0,SEMG1(95)
Allan-Herndon-Dudley syndrome,knowledge_filtered,1,1,1.0,95.0,95.0,95.0,0.0,5096.0,0.0,0.0,1.0,SLC16A2(95)
Kindler syndrome,knowledge_filtered,1,1,1.0,94.0,94.0,94.0,0.0,5158.0,0.0,0.0,1.0,FERMT1(94)
Developmental and epileptic encephalopathy 26,knowledge_filtered,1,1,1.0,94.0,94.0,94.0,0.0,5192.0,0.0,0.0,1.0,KCNB1(94)
Fucosidosis,knowledge_filtered,1,1,1.0,94.0,94.0,94.0,0.0,5153.0,0.0,0.0,1.0,FUCA1(94)
Ghosal hematodiaphyseal syndrome,knowledge_filtered,1,1,1.0,94.0,94.0,94.0,0.0,5166.0,0.0,0.0,1.0,TBXAS1(94)
Hereditary folate malabsorption,knowledge_filtered,1,1,1.0,94.0,94.0,94.0,0.0,5200.0,0.0,0.0,1.0,SLC46A1(94)
Hemophagocytic lymphohistiocytosis,knowledge_filtered,3,3,1.0,93.0,128.66666666666666,205.0,0.29879101899827293,5207.0,0.0,0.3333333333333333,1.0,PRF1(233); UNC13D(93); STX11(60)
KBG syndrome,knowledge_filtered,1,1,1.0,93.0,93.0,93.0,0.0,5231.0,0.0,0.0,1.0,ANKRD11(93)
Dystonia,knowledge_filtered,48,46,0.9583333333333334,92.5,157.5,250.0,0.5395835208689651,5257.5,0.08695652173913043,0.21739130434782608,0.7391304347826086,SLC6A3(868); SLC2A1(790); ACTB(774); EIF2AK2(523); TH(257)
Neuronal ceroid lipofuscinosis 6A,knowledge_filtered,1,1,1.0,92.0,92.0,92.0,0.0,5284.0,0.0,0.0,1.0,CLN6(92)
Chordoma,knowledge_filtered,1,1,1.0,92.0,92.0,92.0,0.0,5269.0,0.0,0.0,1.0,TBXT(92)
Sly syndrome,knowledge_filtered,1,1,1.0,92.0,92.0,92.0,0.0,5299.0,0.0,0.0,1.0,GUSB(92)
Gordon Holmes syndrome,knowledge_filtered,2,2,1.0,91.5,91.5,110.3,0.12841530054644812,5616.0,0.0,0.0,1.0,PNPLA6(115); RNF216(68)
Oculocutaneous albinism,knowledge_filtered,8,8,1.0,91.0,131.125,273.29999999999995,0.4369637750238322,5377.0,0.0,0.25,0.75,MC1R(379); TYR(228); OCA2(132); TYRP1(100); SLC45A2(82)
Birk-Barel syndrome,knowledge_filtered,1,1,1.0,91.0,91.0,91.0,0.0,5364.0,0.0,0.0,1.0,KCNK9(91)
Familial temporal lobe epilepsy 1,knowledge_filtered,4,4,1.0,90.5,127.0,207.40000000000003,0.27657480314960625,5373.5,0.0,0.25,1.0,RELN(256); DEPDC5(94); LGI1(87); MICAL1(71)
Nemaline myopathy,knowledge_filtered,11,11,1.0,90.0,127.33333333333333,303.0,0.5307547102610678,5373.0,0.0,0.19047619047619047,0.6190476190476191,ACTA1(454); ACTA1(454); TPM3(303); TPM3(303); TPM2(163)
Duane retraction syndrome,knowledge_filtered,2,2,1.0,90.0,90.0,111.6,0.1499999999999999,5796.0,0.0,0.0,1.0,MAFB(117); CHN1(63)
Leukodystrophy,knowledge_filtered,47,46,0.9787234042553191,89.5,124.54347826086956,231.0,0.4443942717068765,5409.0,0.021739130434782608,0.15217391304347827,0.782608695652174,HSPD1(728); GFAP(380); LMNB1(372); EPRS1(272); TUBB4A(232)
Palmoplantar keratosis,knowledge_filtered,40,39,0.975,89.0,156.64102564102564,288.4000000000004,0.48010711392606953,5430.0,0.05128205128205128,0.20512820512820512,0.8974358974358975,GJB2(860); GJA1(769); DSP(399); JUP(390); KRT1(263)
Prader-Willi syndrome,knowledge_filtered,2,2,1.0,89.0,89.0,123.4,0.2415730337078652,6575.0,0.0,0.0,1.0,OCA2(132); AANAT(46)
Otulipenia,knowledge_filtered,1,1,1.0,89.0,89.0,89.0,0.0,5440.0,0.0,0.0,1.0,OTULIN(89)
Kallmann syndrome,knowledge_filtered,24,24,1.0,88.0,133.7560975609756,230.0,0.5097845617405846,5488.0,0.04878048780487805,0.12195121951219512,0.7073170731707317,FGFR1(758); FGFR1(758); AXL(408); SOX10(230); SOX10(230)
3-M syndrome,knowledge_filtered,3,3,1.0,88.0,92.66666666666667,118.4,0.14868105515587526,5490.0,0.0,0.0,1.0,CUL7(126); OBSL1(88); CCDC8(64)
Bernard-Soulier syndrome,knowledge_filtered,3,3,1.0,88.0,172.66666666666666,353.0,0.3552123552123552,5505.0,0.0,0.3333333333333333,1.0,GP1BA(353); GP1BA(353); GP1BB(88); GP1BB(88); GP9(77)
Krabbe disease,knowledge_filtered,1,1,1.0,88.0,88.0,88.0,0.0,5480.0,0.0,0.0,1.0,GALC(88)
Chronic atrial and intestinal dysrhythmia,knowledge_filtered,1,1,1.0,88.0,88.0,88.0,0.0,5532.0,0.0,0.0,1.0,SGO1(88)
Hyaline fibromatosis syndrome,knowledge_filtered,1,1,1.0,88.0,88.0,88.0,0.0,5494.0,0.0,0.0,1.0,ANTXR2(88)
Neuronal ceroid lipofuscinosis,knowledge_filtered,14,14,1.0,87.5,143.42857142857142,347.9000000000003,0.49729652817302217,5556.5,0.07142857142857142,0.14285714285714285,0.7142857142857143,GRN(608); CTSD(428); TPP1(161); CLN3(135); ATP13A2(125)
Microphthalmia,knowledge_filtered,66,66,1.0,87.0,170.91397849462365,398.0,0.5666636224957466,5567.0,0.06451612903225806,0.22580645161290322,0.7634408602150538,YAP1(1503); SOX2(815); SOX2(815); GJA1(769); SHH(601)
CAKUT,knowledge_filtered,17,17,1.0,87.0,119.76470588235294,237.20000000000005,0.47781116375823407,5567.0,0.0,0.11764705882352941,0.7058823529411765,BMP4(514); HNF1B(308); PAX2(190); SIX1(187); WNT4(125)
Townes-Brocks syndrome,knowledge_filtered,1,1,1.0,87.0,87.0,87.0,0.0,5567.0,0.0,0.0,1.0,SALL1(87)
Adermatoglyphia,knowledge_filtered,1,1,1.0,87.0,87.0,87.0,0.0,5588.0,0.0,0.0,1.0,SMARCAD1(87)
Glycogen storage disease IV,knowledge_filtered,1,1,1.0,87.0,87.0,87.0,0.0,5593.0,0.0,0.0,1.0,GBE1(87)
Dentinogenesis imperfecta,knowledge_filtered,1,1,1.0,87.0,87.0,87.0,0.0,5565.0,0.0,0.0,1.0,DSPP(87)
Porphyria,knowledge_filtered,9,9,1.0,86.0,203.0,334.60000000000014,0.5230189138235115,5632.0,0.1111111111111111,0.1111111111111111,1.0,HFE(1001); FECH(168); ALAD(149); HMBS(145); CPOX(86)
Dowling-Degos disease,knowledge_filtered,4,4,1.0,86.0,133.25,250.30000000000004,0.39165103189493433,5722.5,0.0,0.25,1.0,KRT5(316); PSENEN(97); POFUT1(75); POGLUT1(45)
White sponge nevus,knowledge_filtered,2,2,1.0,86.0,86.0,99.6,0.09883720930232553,5797.5,0.0,0.0,1.0,KRT13(103); KRT4(69)
Hypertrichotic osteochondrodysplasia Cantu type,knowledge_filtered,1,1,1.0,86.0,86.0,86.0,0.0,5649.0,0.0,0.0,1.0,ABCC9(86)
Combined oxidative phosphorylation deficiency 1,knowledge_filtered,1,1,1.0,86.0,86.0,86.0,0.0,5651.0,0.0,0.0,1.0,GFM1(86)
"Otospondylomegaepiphyseal dysplasia, autosomal recessive",knowledge_filtered,1,1,1.0,86.0,86.0,86.0,0.0,5623.0,0.0,0.0,1.0,COL11A2(86)
"Otospondylomegaepiphyseal dysplasia, autosomal dominant",knowledge_filtered,1,1,1.0,86.0,86.0,86.0,0.0,5623.0,0.0,0.0,1.0,COL11A2(86)
Cystinosis,knowledge_filtered,1,1,1.0,86.0,86.0,86.0,0.0,5643.0,0.0,0.0,1.0,CTNS(86)
Autosomal dominant intellectual developmental disorder 29,knowledge_filtered,1,1,1.0,86.0,86.0,86.0,0.0,5635.0,0.0,0.0,1.0,SETBP1(86)
Schinzel Giedion syndrome,knowledge_filtered,1,1,1.0,86.0,86.0,86.0,0.0,5635.0,0.0,0.0,1.0,SETBP1(86)
Klinefelter syndrome,knowledge_filtered,33,33,1.0,85.0,114.72727272727273,197.00000000000003,0.45337687492996526,5681.0,0.030303030303030304,0.06060606060606061,0.7575757575757576,FGFR1(758); KISS1(312); CHD7(209); SEMA3A(202); SMCHD1(177)
Shwachman-Diamond syndrome,knowledge_filtered,4,4,1.0,85.0,81.75,111.1,0.19036697247706424,6062.5,0.0,0.0,1.0,SBDS(112); SRP54(109); DNAJC21(61); EFL1(45)
Mucopolysaccharidosis VI,knowledge_filtered,1,1,1.0,85.0,85.0,85.0,0.0,5700.0,0.0,0.0,1.0,ARSB(85)
Immunodeficiency 23,knowledge_filtered,1,1,1.0,85.0,85.0,85.0,0.0,5695.0,0.0,0.0,1.0,PGM3(85)
Mucopolysaccharidosis,knowledge_filtered,14,14,1.0,84.5,78.57142857142857,110.30000000000003,0.24519480519480524,5718.5,0.0,0.0,0.8571428571428571,GLB1(175); IDS(116); IDUA(97); GUSB(92); VPS33A(86)
thiamine-responsive megaloblastic anemia syndrome,knowledge_filtered,1,1,1.0,84.0,84.0,84.0,0.0,5744.0,0.0,0.0,1.0,SLC19A2(84)
Hereditary spastic paraplegia 8,knowledge_filtered,1,1,1.0,84.0,84.0,84.0,0.0,5773.0,0.0,0.0,1.0,WASHC5(84)
deafness-dystonia-optic neuronopathy syndrome,knowledge_filtered,1,1,1.0,84.0,84.0,84.0,0.0,5757.0,0.0,0.0,1.0,TIMM8A(84)
Koolen de Vries syndrome,knowledge_filtered,1,1,1.0,84.0,84.0,84.0,0.0,5756.0,0.0,0.0,1.0,KANSL1(84)
Coloboma,knowledge_filtered,86,86,1.0,83.0,175.24418604651163,393.0,0.5670022359282343,5849.0,0.06976744186046512,0.2441860465116279,0.7558139534883721,YAP1(1503); SOX2(815); ACTB(774); GJA1(769); ERCC1(756)
Polyarteritis nodosa,knowledge_filtered,3,3,1.0,83.0,150.0,259.8,0.35703703703703704,5819.0,0.0,0.3333333333333333,1.0,SAA1(304); ADA2(83); SAA2(63)
Neuronal ceroid lipofuscinosis 4,knowledge_filtered,1,1,1.0,83.0,83.0,83.0,0.0,5829.0,0.0,0.0,1.0,DNAJC5(83)
X-linked chondrodysplasia punctata 2,knowledge_filtered,1,1,1.0,83.0,83.0,83.0,0.0,5844.0,0.0,0.0,1.0,EBP(83)
Autosomal dominant intellectual developmental disorder 5,knowledge_filtered,1,1,1.0,83.0,83.0,83.0,0.0,5830.0,0.0,0.0,1.0,SYNGAP1(83)
Usher syndrome,knowledge_filtered,11,11,1.0,82.0,88.8,162.0,0.28628628628628633,5883.0,0.0,0.0,0.8,MYO7A(164); USH2A(162); USH2A(162); PCDH15(128); CDH23(100)
Chromosome 1q21.1 deletion syndrome,knowledge_filtered,9,9,1.0,82.0,68.44444444444444,103.4,0.2604617604617605,5925.0,0.0,0.0,0.5555555555555556,CHD1L(109); GJA5(102); GJA8(98); BCL9(91); PRKAB2(82)
Diastrophic dysplasia,knowledge_filtered,1,1,1.0,82.0,82.0,82.0,0.0,5929.0,0.0,0.0,1.0,SLC26A2(82)
"Ohdo syndrome,  SBBYS variant",knowledge_filtered,1,1,1.0,82.0,82.0,82.0,0.0,5933.0,0.0,0.0,1.0,KAT6B(82)
Legius syndrome,knowledge_filtered,1,1,1.0,82.0,82.0,82.0,0.0,5919.0,0.0,0.0,1.0,SPRED1(82)
Schuurs-Hoeijmakers Syndrome,knowledge_filtered,1,1,1.0,82.0,82.0,82.0,0.0,5931.0,0.0,0.0,1.0,PACS1(82)
Epilepsy,knowledge_filtered,313,309,0.987220447284345,81.0,128.23300970873785,274.59999999999997,0.47696600471617673,6004.0,0.019417475728155338,0.13592233009708737,0.7961165048543689,MTOR(2566); SLC2A1(790); USP7(636); PAK1(569); TSC2(541)
Hypotrichosis,knowledge_filtered,43,43,1.0,81.0,126.5813953488372,232.60000000000005,0.5051848117274588,6005.0,0.046511627906976744,0.16279069767441862,0.6976744186046512,GJA1(769); SMARCB1(527); AHSG(389); SMARCA2(312); EDNRA(235)
Perrault syndrome,knowledge_filtered,5,5,1.0,81.0,112.8,177.8,0.2418439716312056,6000.0,0.0,0.0,1.0,HSD17B4(203); TWNK(140); LARS2(81); CLPP(75); HARS2(65)
Mucolipidosis II alpha/beta,knowledge_filtered,1,1,1.0,81.0,81.0,81.0,0.0,5997.0,0.0,0.0,1.0,GNPTAB(81)
Mucolipidosis III alpha/beta,knowledge_filtered,1,1,1.0,81.0,81.0,81.0,0.0,5997.0,0.0,0.0,1.0,GNPTAB(81)
Cohen syndrome,knowledge_filtered,1,1,1.0,81.0,81.0,81.0,0.0,5980.0,0.0,0.0,1.0,VPS13B(81)
Hypermethioninemia,knowledge_filtered,3,3,1.0,80.0,126.0,202.4,0.2962962962962963,6027.0,0.0,0.3333333333333333,1.0,AHCY(233); MAT1A(80); GNMT(65)
Spermatogenic failure 5,knowledge_filtered,1,1,1.0,80.0,80.0,80.0,0.0,6079.0,0.0,0.0,1.0,AURKC(80)
"fructose-1,6-bisphosphatase deficiency",knowledge_filtered,1,1,1.0,80.0,80.0,80.0,0.0,6074.0,0.0,0.0,1.0,ALDOB(80)
Ehlers-Danlos syndrome,knowledge_filtered,21,21,1.0,79.5,147.92105263157896,336.40000000000043,0.5463955655015497,6094.0,0.05263157894736842,0.15789473684210525,0.6842105263157895,COL1A1(856); COL1A1(856); COL1A2(405); COL1A2(405); COL3A1(307)
Obesity,knowledge_filtered,66,65,0.9848484848484849,79.0,257.55384615384617,602.0000000000002,0.6727068045746739,6109.0,0.12307692307692308,0.23076923076923078,0.7692307692307693,ADIPOQ(2462); PPARG(2273); LEP(1911); FTO(1049); LEPR(744)
Pentosuria,knowledge_filtered,1,1,1.0,79.0,79.0,79.0,0.0,6138.0,0.0,0.0,1.0,DCXR(79)
Cataract,knowledge_filtered,99,96,0.9696969696969697,78.0,150.85416666666666,304.0,0.526580410164342,6179.5,0.0625,0.16666666666666666,0.8125,VIM(930); ERCC2(920); SLC2A1(790); GJA1(769); ERCC1(756)
NGLY1-deficiency,knowledge_filtered,1,1,1.0,78.0,78.0,78.0,0.0,6223.0,0.0,0.0,1.0,NGLY1(78)
Peroxisomal acyl-CoA oxidase deficiency,knowledge_filtered,1,1,1.0,78.0,78.0,78.0,0.0,6196.0,0.0,0.0,1.0,ACOX1(78)
Progressive pseudorheumatoid arthropathy of childhood,knowledge_filtered,1,1,1.0,78.0,78.0,78.0,0.0,6204.0,0.0,0.0,1.0,CCN6(78)
Bjornstad syndrome,knowledge_filtered,1,1,1.0,78.0,78.0,78.0,0.0,6190.0,0.0,0.0,1.0,BCS1L(78)
GRACILE syndrome,knowledge_filtered,1,1,1.0,78.0,78.0,78.0,0.0,6190.0,0.0,0.0,1.0,BCS1L(78)
Brugada syndrome,knowledge_filtered,16,16,1.0,77.0,141.46153846153845,396.0,0.5481867235537708,6301.0,0.07692307692307693,0.15384615384615385,0.8461538461538461,SCN5A(730); SCN5A(730); CACNA1C(396); CACNA1C(396); TRPM4(114)
Autosomal dominant nocturnal frontal lobe epilepsy,knowledge_filtered,9,9,1.0,77.0,103.0,218.2,0.36174038115785684,6296.0,0.0,0.2222222222222222,0.8888888888888888,CRH(227); CHRNA4(216); CHRNB2(131); DEPDC5(94); NPRL2(77)
Hypohidrotic ectodermal dysplasia,knowledge_filtered,4,4,1.0,77.0,81.75,123.00000000000001,0.2561162079510704,6326.5,0.0,0.0,0.75,EDA(141); WNT10A(81); EDAR(73); EDARADD(32)
Rhizomelic chondrodysplasia punctata,knowledge_filtered,4,4,1.0,77.0,88.14285714285714,123.60000000000001,0.20282472794628387,6240.0,0.0,0.0,1.0,PEX5(147); AGPS(108); AGPS(108); GNPAT(77); GNPAT(77)
Familial focal epilepsy with variable foci,knowledge_filtered,3,3,1.0,77.0,77.33333333333333,90.6,0.0948275862068965,6296.0,0.0,0.0,1.0,DEPDC5(94); NPRL2(77); NPRL3(61)
Parietal foramina,knowledge_filtered,2,2,1.0,77.0,77.0,100.2,0.1883116883116882,6913.5,0.0,0.0,1.0,MSX2(106); ALX4(48)
Glycogen storage disease I,knowledge_filtered,2,1,0.5,77.0,77.0,77.0,0.0,6268.0,0.0,0.0,1.0,SLC37A4(77)
Autosomal recessive distal hereditary motor neuronopathy 1,knowledge_filtered,1,1,1.0,77.0,77.0,77.0,0.0,6249.0,0.0,0.0,1.0,IGHMBP2(77)
Marinesco-Sjogren syndrome,knowledge_filtered,1,1,1.0,77.0,77.0,77.0,0.0,6264.0,0.0,0.0,1.0,SIL1(77)
Lafora disease,knowledge_filtered,2,2,1.0,76.0,76.0,94.4,0.1513157894736843,6768.0,0.0,0.0,1.0,EPM2A(99); NHLRC1(53)
Hypermanganesemia with dystonia,knowledge_filtered,2,2,1.0,76.0,76.0,103.2,0.2236842105263157,7298.0,0.0,0.0,0.5,SLC39A14(110); SLC30A10(42)
Neurodegeneration with brain iron accumulation 5,knowledge_filtered,1,1,1.0,76.0,76.0,76.0,0.0,6334.0,0.0,0.0,1.0,WDR45(76)
Bietti crystalline corneoretinal dystrophy,knowledge_filtered,1,1,1.0,76.0,76.0,76.0,0.0,6383.0,0.0,0.0,1.0,CYP4V2(76)
alpha-mannosidosis,knowledge_filtered,1,1,1.0,76.0,76.0,76.0,0.0,6313.0,0.0,0.0,1.0,MAN2B1(76)
Chanarin-Dorfman syndrome,knowledge_filtered,1,1,1.0,76.0,76.0,76.0,0.0,6356.0,0.0,0.0,1.0,ABHD5(76)
Sideroblastic anemia 1,knowledge_filtered,1,1,1.0,76.0,76.0,76.0,0.0,6369.0,0.0,0.0,1.0,ALAS2(76)
Jacobsen Syndrome,knowledge_filtered,5,5,1.0,75.0,166.8,360.20000000000005,0.4940047961630696,6438.0,0.0,0.4,0.8,ETS1(453); FLI1(221); ARHGAP32(75); NRGN(73); BSX(12)
Warsaw breakage syndrome,knowledge_filtered,1,1,1.0,75.0,75.0,75.0,0.0,6409.0,0.0,0.0,1.0,DDX11(75)
Potocki-Shaffer syndrome,knowledge_filtered,3,3,1.0,74.0,90.0,133.2,0.24691358024691365,6543.0,0.0,0.0,1.0,EXT2(148); PHF21A(74); ALX4(48)
Glutathione synthetase deficiency,knowledge_filtered,1,1,1.0,74.0,74.0,74.0,0.0,6545.0,0.0,0.0,1.0,GSS(74)
Cystinuria,knowledge_filtered,2,2,1.0,73.5,73.5,78.0,0.030612244897959107,6552.0,0.0,0.0,1.0,SLC3A1(78); SLC3A1(78); SLC7A9(69); SLC7A9(69)
Paroxysmal nocturnal hemoglobinuria,knowledge_filtered,2,2,1.0,73.5,73.5,77.9,0.03741496598639449,6548.0,0.0,0.0,1.0,PIGT(79); PIGA(68)
Hyperprolinemia,knowledge_filtered,2,2,1.0,73.5,73.5,91.5,0.15306122448979598,6957.0,0.0,0.0,1.0,PRODH(96); ALDH4A1(51)
Isolated hyperchlorhidrosis,knowledge_filtered,1,1,1.0,73.0,73.0,73.0,0.0,6637.0,0.0,0.0,1.0,CA12(73)
Hepatic venoocclusive disease with immunodeficiency,knowledge_filtered,1,1,1.0,73.0,73.0,73.0,0.0,6632.0,0.0,0.0,1.0,SP110(73)
Ocular albinism 1,knowledge_filtered,1,1,1.0,73.0,73.0,73.0,0.0,6589.0,0.0,0.0,1.0,GPR143(73)
RNASET2-deficient cystic leukoencephalopathy,knowledge_filtered,1,1,1.0,73.0,73.0,73.0,0.0,6598.0,0.0,0.0,1.0,RNASET2(73)
limb-girdle muscular dystrophy,knowledge_filtered,42,41,0.9761904761904762,72.0,128.92753623188406,218.0,0.46284602752580545,6682.0,0.014492753623188406,0.14492753623188406,0.855072463768116,LMNA(1073); TTN(467); TTN(467); PLEC(335); PLEC(335)
Cherubism,knowledge_filtered,1,1,1.0,72.0,72.0,72.0,0.0,6664.0,0.0,0.0,1.0,SH3BP2(72)
Williams-Beuren syndrome,knowledge_filtered,28,27,0.9642857142857143,71.0,106.53333333333333,199.4,0.43172715894868585,6786.0,0.0,0.06666666666666667,0.7,GTF2I(340); ELN(311); STX1A(203); NCF1(199); CLDN4(178)
Intrahepatic cholestasis,knowledge_filtered,19,19,1.0,71.0,104.57894736842105,213.99999999999994,0.4320716234471432,6775.0,0.0,0.10526315789473684,0.7368421052631579,NR1H4(320); SLC25A13(278); TJP2(198); ABCB4(174); ABCB11(172)
Primary hypomagnesemia,knowledge_filtered,1,1,1.0,71.0,71.0,71.0,0.0,6733.0,0.0,0.0,1.0,TRPM6(71)
Holocarboxylase synthetase deficiency,knowledge_filtered,1,1,1.0,71.0,71.0,71.0,0.0,6743.0,0.0,0.0,1.0,HLCS(71)
Tetraamelia syndrome,knowledge_filtered,2,2,1.0,70.5,70.5,75.7,0.046099290780141855,6832.5,0.0,0.0,1.0,WNT3(77); RSPO2(64)
Megalencephalic leukoencephalopathy with subcortical cysts,knowledge_filtered,2,2,1.0,70.5,70.5,82.1,0.1028368794326242,6987.0,0.0,0.0,1.0,MLC1(85); HEPACAM(56)
Mitochondrial complex I deficiency,knowledge_filtered,42,34,0.8095238095238095,70.0,81.5,154.39999999999998,0.28052094168594904,6832.0,0.0,0.0,0.7941176470588235,NDUFS3(180); NDUFS2(165); NDUFA13(164); NDUFS1(164); NDUFA9(132)
cartilage-hair hypoplasia,knowledge_filtered,1,1,1.0,70.0,70.0,70.0,0.0,6813.0,0.0,0.0,1.0,RMRP(70)
Short chain acyl-CoA dehydrogenase deficiency,knowledge_filtered,1,1,1.0,69.0,69.0,69.0,0.0,6971.0,0.0,0.0,1.0,ACADS(69)
Aspartylglucosaminuria,knowledge_filtered,1,1,1.0,69.0,69.0,69.0,0.0,6926.0,0.0,0.0,1.0,AGA(69)
Agenesis of the corpus callosum with peripheral neuropathy,knowledge_filtered,1,1,1.0,69.0,69.0,69.0,0.0,6980.0,0.0,0.0,1.0,SLC12A6(69)
Nonsyndromic congenital nail disorder 1,knowledge_filtered,1,1,1.0,69.0,69.0,69.0,0.0,6960.0,0.0,0.0,1.0,FZD6(69)
Chylomicron retention disease,knowledge_filtered,1,1,1.0,69.0,69.0,69.0,0.0,6965.0,0.0,0.0,1.0,SAR1B(69)
Lissencephaly,knowledge_filtered,36,36,1.0,68.5,129.36111111111111,248.0,0.4768508577291055,6971.0,0.027777777777777776,0.16666666666666666,0.8055555555555556,TP73(693); CDK5(458); TUBA1A(379); RELN(256); TUBG1(240)
Senior-Loken syndrome,knowledge_filtered,6,6,1.0,68.5,86.3,168.0,0.2661645422943222,7031.5,0.0,0.0,0.8,CEP290(168); CEP290(168); NPHP1(93); NPHP1(93); IQCB1(75)
Leber congenital amaurosis,knowledge_filtered,28,28,1.0,68.0,83.02127659574468,135.0,0.3195633444932768,7013.0,0.0,0.02127659574468085,0.7446808510638298,TUBB4B(337); CEP290(168); CEP290(168); MYO7A(164); RPE65(135)
Stickler syndrome,knowledge_filtered,7,7,1.0,68.0,115.75,224.19999999999996,0.3968682505399568,7026.0,0.0,0.125,0.875,COL2A1(381); COL11A1(157); COL11A2(86); COL9A2(69); COL9A1(67)
Myopia,knowledge_filtered,7,7,1.0,68.0,83.14285714285714,138.4,0.28816887579774175,7005.0,0.0,0.0,0.8571428571428571,LRPAP1(163); SCO2(122); P4HA2(90); ZNF644(68); PRIMPOL(63)
Multiple epiphyseal dysplasia,knowledge_filtered,6,6,1.0,68.0,89.66666666666667,138.0,0.2224287484510533,7026.0,0.0,0.0,1.0,COMP(194); SLC26A2(82); COL9A2(69); COL9A1(67); MATN3(65)
Hereditary spastic paraplegia 5A,knowledge_filtered,1,1,1.0,68.0,68.0,68.0,0.0,7017.0,0.0,0.0,1.0,CYP7B1(68)
Gnathodiaphyseal dysplasia,knowledge_filtered,1,1,1.0,68.0,68.0,68.0,0.0,7078.0,0.0,0.0,1.0,ANO5(68)
"GM2 gangliosidosis, AB variant",knowledge_filtered,1,1,1.0,67.0,67.0,67.0,0.0,7107.0,0.0,0.0,1.0,GM2A(67)
Isovaleric acidemia,knowledge_filtered,1,1,1.0,67.0,67.0,67.0,0.0,7121.0,0.0,0.0,1.0,IVD(67)
Leigh disease,knowledge_filtered,77,63,0.8181818181818182,66.0,101.84210526315789,226.0,0.41287569699442406,7205.0,0.0,0.11842105263157894,0.7894736842105263,AIFM1(450); POLG(349); POLG(349); LRPPRC(296); LRPPRC(296)
Familial encephalopathy with neuroserpin inclusion bodies,knowledge_filtered,1,1,1.0,66.0,66.0,66.0,0.0,7226.0,0.0,0.0,1.0,SERPINI1(66)
Linear skin defects with multiple congenital anomalies 1,knowledge_filtered,1,1,1.0,66.0,66.0,66.0,0.0,7247.0,0.0,0.0,1.0,HCCS(66)
Chediak-Higashi syndrome,knowledge_filtered,1,1,1.0,66.0,66.0,66.0,0.0,7229.0,0.0,0.0,1.0,LYST(66)
X-linked spondyloepiphyseal dysplasia tarda,knowledge_filtered,1,1,1.0,66.0,66.0,66.0,0.0,7238.0,0.0,0.0,1.0,TRAPPC2(66)
Biotinidase deficiency,knowledge_filtered,1,1,1.0,66.0,66.0,66.0,0.0,7189.0,0.0,0.0,1.0,BTD(66)
X-linked lissencephaly 2,knowledge_filtered,2,2,1.0,65.0,65.0,95.4,0.2923076923076924,8965.5,0.0,0.0,0.5,ARX(103); GPR101(27)
Fukuyama congenital muscular dystrophy,knowledge_filtered,1,1,1.0,65.0,65.0,65.0,0.0,7329.0,0.0,0.0,1.0,FKTN(65)
Sepiapterin reductase deficiency,knowledge_filtered,1,1,1.0,65.0,65.0,65.0,0.0,7262.0,0.0,0.0,1.0,SPR(65)
McKusick-Kaufman syndrome,knowledge_filtered,1,1,1.0,65.0,65.0,65.0,0.0,7258.0,0.0,0.0,1.0,MKKS(65)
X-linked Aarskog syndrome,knowledge_filtered,1,1,1.0,65.0,65.0,65.0,0.0,7299.0,0.0,0.0,1.0,FGD1(65)
17-beta hydroxysteroid dehydrogenase 3 deficiency,knowledge_filtered,1,1,1.0,65.0,65.0,65.0,0.0,7283.0,0.0,0.0,1.0,HSD17B3(65)
Primary ovarian insufficiency,knowledge_filtered,28,27,0.9642857142857143,64.0,146.92592592592592,279.40000000000003,0.6265766648927728,7436.0,0.07407407407407407,0.18518518518518517,0.5925925925925926,TP63(963); FMR1(914); NR5A1(289); ERCC6(273); FOXL2(219)
Megaloblastic anemia,knowledge_filtered,2,2,1.0,64.0,64.0,95.2,0.3046875,9136.0,0.0,0.0,0.5,CUBN(103); AMN(25)
Syndromic X-linked intellectual disability Snyder type,knowledge_filtered,1,1,1.0,64.0,64.0,64.0,0.0,7437.0,0.0,0.0,1.0,SMS(64)
Hereditary spastic paraplegia,knowledge_filtered,73,72,0.9863013698630136,63.0,105.34722222222223,210.89999999999998,0.45706621255401747,7503.5,0.013888888888888888,0.1111111111111111,0.6944444444444444,HSPD1(728); UCHL1(410); L1CAM(334); SPTAN1(327); CAPN1(289)
triple-A syndrome,knowledge_filtered,3,3,1.0,63.0,84.0,123.80000000000001,0.2354497354497355,7497.0,0.0,0.0,1.0,AAAS(139); GMPPA(63); TRAPPC11(50)
"Sideroblastic anemia with B-cell immunodeficiency, periodic fevers, and developmental delay",knowledge_filtered,1,1,1.0,63.0,63.0,63.0,0.0,7503.0,0.0,0.0,1.0,TRNT1(63)
Congenital nystagmus 1,knowledge_filtered,1,1,1.0,63.0,63.0,63.0,0.0,7560.0,0.0,0.0,1.0,FRMD7(63)
Pulmonary alveolar microlithiasis,knowledge_filtered,1,1,1.0,63.0,63.0,63.0,0.0,7525.0,0.0,0.0,1.0,SLC34A2(63)
AGAT deficiency,knowledge_filtered,1,1,1.0,63.0,63.0,63.0,0.0,7546.0,0.0,0.0,1.0,GATM(63)
Mitochondrial complex III deficiency,knowledge_filtered,9,8,0.8888888888888888,62.5,79.5,145.5,0.32861635220125784,7693.5,0.0,0.0,0.75,UQCRC2(191); CYC1(126); BCS1L(78); UQCRB(75); UQCRQ(50)
Bartter disease,knowledge_filtered,6,6,1.0,62.0,66.9090909090909,77.0,0.27000988142292487,7638.0,0.0,0.0,0.6363636363636364,MAGED2(182); SLC12A1(77); SLC12A1(77); CLCNKB(66); CLCNKB(66)
Postaxial acrofacial dysostosis,knowledge_filtered,1,1,1.0,62.0,62.0,62.0,0.0,7622.0,0.0,0.0,1.0,DHODH(62)
Autosomal recessive congenital ichthyosis 4B,knowledge_filtered,1,1,1.0,62.0,62.0,62.0,0.0,7594.0,0.0,0.0,1.0,ABCA12(62)
Argininosuccinic aciduria,knowledge_filtered,1,1,1.0,62.0,62.0,62.0,0.0,7575.0,0.0,0.0,1.0,ASL(62)
Xia-Gibbs Syndrome,knowledge_filtered,1,1,1.0,62.0,62.0,62.0,0.0,7618.0,0.0,0.0,1.0,AHDC1(62)
Congenital disorder of glycosylation type IIm,knowledge_filtered,1,1,1.0,62.0,62.0,62.0,0.0,7573.0,0.0,0.0,1.0,SLC35A2(62)
Nonsyndromic deafness,knowledge_filtered,144,138,0.9583333333333334,61.5,124.12727272727273,263.99999999999994,0.5946485878264112,7666.5,0.04090909090909091,0.13636363636363635,0.6636363636363637,MET(1417); MET(1417); NLRP3(1288); GJB2(860); GJB2(860)
Peroxisomal disease,knowledge_filtered,16,15,0.9375,61.0,72.66666666666667,115.39999999999999,0.22226299694189605,7748.0,0.0,0.0,0.8666666666666667,PEX5(147); PEX19(125); PEX14(101); PEX1(96); PEX3(80)
Fundus albipunctatus,knowledge_filtered,3,3,1.0,61.0,84.0,120.2,0.20899470899470898,7733.0,0.0,0.0,1.0,RPE65(135); RDH5(61); RLBP1(56)
Freeman-Sheldon syndrome,knowledge_filtered,1,1,1.0,61.0,61.0,61.0,0.0,7763.0,0.0,0.0,1.0,MYH3(61)
DOORS syndrome,knowledge_filtered,1,1,1.0,61.0,61.0,61.0,0.0,7753.0,0.0,0.0,1.0,TBC1D24(61)
biotin-responsive basal ganglia disease,knowledge_filtered,1,1,1.0,61.0,61.0,61.0,0.0,7714.0,0.0,0.0,1.0,SLC19A3(61)
Zellweger syndrome,knowledge_filtered,13,13,1.0,60.5,70.875,113.0,0.22685185185185186,7764.5,0.0,0.0,0.8125,PEX5(147); PEX19(125); PEX14(101); PEX1(96); PEX3(80)
Urofacial syndrome,knowledge_filtered,1,1,1.0,60.0,60.0,60.0,0.0,7794.0,0.0,0.0,1.0,HPSE2(60)
Congenital myasthenic syndrome,knowledge_filtered,26,26,1.0,59.5,88.60526315789474,171.0,0.3630515998937051,7887.5,0.0,0.05263157894736842,0.7894736842105263,PLEC(335); SNAP25(271); SLC25A1(201); GFPT1(171); GFPT1(171)
cone-rod dystrophy,knowledge_filtered,41,39,0.9512195121951219,59.0,94.21311475409836,179.0,0.48020492516409136,7942.0,0.03278688524590164,0.06557377049180328,0.7213114754098361,PROM1(631); PROM1(631); ABCA4(323); ABCA4(323); RPGR(183)
Congenital muscular dystrophy,knowledge_filtered,31,31,1.0,59.0,104.3225806451613,148.0,0.5033016139006923,7929.0,0.03225806451612903,0.03225806451612903,0.7741935483870968,LMNA(1073); DAG1(177); DPM1(168); COL6A1(148); LAMA2(134)
Migraine,knowledge_filtered,17,16,0.9411764705882353,59.0,187.5,331.0,0.6790416666666667,7943.5,0.0625,0.1875,0.6875,YAP1(1503); NRP1(435); RNF213(227); PLCE1(190); MEF2D(129)
Gray platelet syndrome,knowledge_filtered,2,2,1.0,59.0,59.0,77.4,0.19491525423728806,8553.5,0.0,0.0,0.5,KAT6B(82); NBEAL2(36)
Roberts syndrome,knowledge_filtered,1,1,1.0,59.0,59.0,59.0,0.0,7889.0,0.0,0.0,1.0,ESCO2(59)
Isolated sulfite oxidase deficiency,knowledge_filtered,1,1,1.0,59.0,59.0,59.0,0.0,7902.0,0.0,0.0,1.0,SUOX(59)
Hyperlysinemia,knowledge_filtered,1,1,1.0,59.0,59.0,59.0,0.0,7933.0,0.0,0.0,1.0,AASS(59)
Neuronal ceroid lipofuscinosis 5,knowledge_filtered,1,1,1.0,59.0,59.0,59.0,0.0,7943.0,0.0,0.0,1.0,CLN5(59)
Primary hyperoxaluria,knowledge_filtered,3,3,1.0,58.0,71.66666666666667,109.2,0.26976744186046514,8055.0,0.0,0.0,0.6666666666666666,AGXT(122); GRHPR(58); HOGA1(35)
Chromosome 18q deletion syndrome,knowledge_filtered,3,3,1.0,58.0,114.0,235.10000000000005,0.4638157894736842,8068.0,0.0,0.25,0.75,TCF4(311); ABAT(58); ABAT(58); TSHZ1(29)
Mitochondrial DNA depletion syndrome 2,knowledge_filtered,1,1,1.0,58.0,58.0,58.0,0.0,8030.0,0.0,0.0,1.0,TK2(58)
Focal dermal hypoplasia,knowledge_filtered,1,1,1.0,58.0,58.0,58.0,0.0,7987.0,0.0,0.0,1.0,PORCN(58)
GABA aminotransferase deficiency,knowledge_filtered,1,1,1.0,58.0,58.0,58.0,0.0,8068.0,0.0,0.0,1.0,ABAT(58)
Edwards syndrome,knowledge_filtered,1,1,1.0,58.0,58.0,58.0,0.0,8068.0,0.0,0.0,1.0,ABAT(58)
Mitochondrial DNA depletion syndrome 3,knowledge_filtered,1,1,1.0,57.0,57.0,57.0,0.0,8155.0,0.0,0.0,1.0,DGUOK(57)
Mucosulfatidosis,knowledge_filtered,1,1,1.0,57.0,57.0,57.0,0.0,8112.0,0.0,0.0,1.0,SUMF1(57)
Mitochondrial DNA depletion syndrome 6,knowledge_filtered,1,1,1.0,57.0,57.0,57.0,0.0,8190.0,0.0,0.0,1.0,MPV17(57)
Combined oxidative phosphorylation deficiency 12,knowledge_filtered,1,1,1.0,57.0,57.0,57.0,0.0,8176.0,0.0,0.0,1.0,EARS2(57)
Congenital disorder of glycosylation,knowledge_filtered,57,54,0.9473684210526315,56.5,78.5,149.4,0.34872393034695465,8229.5,0.0,0.037037037037037035,0.7777777777777778,CAD(285); DDOST(210); ATP6AP2(178); DPM1(168); STT3A(165)
Retinitis pigmentosa,knowledge_filtered,111,108,0.972972972972973,56.0,99.47402597402598,201.60000000000014,0.4784750793302266,8237.0,0.01948051948051948,0.09740259740259741,0.6948051948051948,AHR(805); PROM1(631); PROM1(631); PRPF8(354); PRPF8(354)
Juvenile myoclonic epilepsy,knowledge_filtered,5,5,1.0,56.0,73.4,121.80000000000001,0.28119891008174386,8218.0,0.0,0.0,0.8,GABRA1(157); CLCN2(69); EFHC1(56); CACNB4(45); GABRD(40)
Distal arthrogryposis type 2B,knowledge_filtered,4,4,1.0,56.0,80.25,132.40000000000003,0.2811526479750779,8333.0,0.0,0.0,1.0,TPM2(163); MYH3(61); TNNI2(51); TNNT3(46)
Fraser syndrome,knowledge_filtered,3,3,1.0,56.0,65.66666666666667,88.8,0.17935702199661593,8328.0,0.0,0.0,1.0,GRIP1(97); FRAS1(56); FREM2(44)
Saul-Wilson syndrome,knowledge_filtered,1,1,1.0,56.0,56.0,56.0,0.0,8255.0,0.0,0.0,1.0,COG4(56)
X-linked intellectual developmental disorder 109,knowledge_filtered,1,1,1.0,56.0,56.0,56.0,0.0,8337.0,0.0,0.0,1.0,AFF2(56)
Pontocerebellar hypoplasia,knowledge_filtered,10,10,1.0,55.5,67.7,123.69999999999999,0.27607090103397347,8345.0,0.0,0.0,0.7,VRK1(139); EXOSC3(122); CHMP1A(83); AMPD2(69); RARS2(58)
MHC class II deficiency,knowledge_filtered,4,4,1.0,55.0,92.75,177.40000000000003,0.39555256064690025,8671.5,0.0,0.25,0.5,CIITA(223); RFX5(71); RFXAP(39); RFXANK(38)
Hyperekplexia,knowledge_filtered,3,3,1.0,55.0,80.33333333333333,127.0,0.2876901798063624,8366.0,0.0,0.0,0.6666666666666666,GLRA1(145); GLRB(55); SLC6A5(41)
Glycine encephalopathy,knowledge_filtered,2,2,1.0,55.0,55.0,67.0,0.13636363636363646,8614.5,0.0,0.0,0.5,GLDC(70); AMT(40)
Mal de Meleda,knowledge_filtered,1,1,1.0,55.0,55.0,55.0,0.0,8421.0,0.0,0.0,1.0,SLURP1(55)
Canavan disease,knowledge_filtered,1,1,1.0,55.0,55.0,55.0,0.0,8377.0,0.0,0.0,1.0,ASPA(55)
Burn-McKeown syndrome,knowledge_filtered,1,1,1.0,55.0,55.0,55.0,0.0,8362.0,0.0,0.0,1.0,TXNL4A(55)
Congenital disorder of glycosylation type IIi,knowledge_filtered,1,1,1.0,55.0,55.0,55.0,0.0,8395.0,0.0,0.0,1.0,COG5(55)
Christianson syndrome,knowledge_filtered,1,1,1.0,55.0,55.0,55.0,0.0,8441.0,0.0,0.0,1.0,SLC9A6(55)
Schizoaffective disorder,knowledge_filtered,6,6,1.0,54.5,61.333333333333336,102.0,0.3260869565217391,8501.5,0.0,0.0,0.8333333333333334,GABRB3(141); GABRB1(63); GABRA5(60); GABRA4(49); GABRR1(45)
Hypotrichosis 6,knowledge_filtered,3,3,1.0,54.0,49.0,54.0,0.06802721088435366,8554.0,0.0,0.0,0.6666666666666666,LIPH(54); LPAR6(54); DSG4(39)
Vibratory urticaria,knowledge_filtered,1,1,1.0,54.0,54.0,54.0,0.0,8555.0,0.0,0.0,1.0,ADGRE2(54)
carnitine-acylcarnitine translocase deficiency,knowledge_filtered,1,1,1.0,54.0,54.0,54.0,0.0,8471.0,0.0,0.0,1.0,SLC25A20(54)
beta-mannosidosis,knowledge_filtered,1,1,1.0,54.0,54.0,54.0,0.0,8488.0,0.0,0.0,1.0,MANBA(54)
Erythrokeratodermia variabilis,knowledge_filtered,4,4,1.0,53.5,226.25,561.4000000000001,0.626243093922652,9391.0,0.25,0.25,0.5,GJA1(769); GJB3(77); GJB4(30); KRT83(29)
Dandy-Walker syndrome,knowledge_filtered,3,3,1.0,53.0,108.0,208.20000000000002,0.45884773662551437,8677.0,0.0,0.3333333333333333,0.6666666666666666,FOXC1(247); ZIC1(53); ZIC4(24)
Hereditary spastic paraplegia 35,knowledge_filtered,1,1,1.0,53.0,53.0,53.0,0.0,8595.0,0.0,0.0,1.0,FA2H(53)
Ethylmalonic encephalopathy,knowledge_filtered,1,1,1.0,53.0,53.0,53.0,0.0,8608.0,0.0,0.0,1.0,ETHE1(53)
Ornithine translocase deficiency,knowledge_filtered,1,1,1.0,53.0,53.0,53.0,0.0,8691.0,0.0,0.0,1.0,SLC25A15(53)
Mitochondrial DNA depletion syndrome 13,knowledge_filtered,1,1,1.0,53.0,53.0,53.0,0.0,8681.0,0.0,0.0,1.0,FBXL4(53)
3-methylglutaconic aciduria type 5,knowledge_filtered,1,1,1.0,53.0,53.0,53.0,0.0,8606.0,0.0,0.0,1.0,DNAJC19(53)
Refsum disease,knowledge_filtered,2,2,1.0,52.5,52.5,54.5,0.023809523809523725,8650.5,0.0,0.0,1.0,PHYH(55); PEX7(50)
Nephronophthisis,knowledge_filtered,22,22,1.0,52.0,59.08571428571429,91.80000000000001,0.2597402597402597,8728.0,0.0,0.0,0.5714285714285714,UMOD(200); CEP290(168); NPHP1(93); NPHP1(93); DCDC2(90)
Congenital stationary night blindness,knowledge_filtered,14,14,1.0,52.0,89.21428571428571,203.30000000000015,0.5276792862861718,8730.5,0.0,0.14285714285714285,0.6428571428571429,GNB3(430); RHO(245); GUCY2D(106); CACNA1F(80); TRPM1(61)
Mucopolysaccharidosis III,knowledge_filtered,4,4,1.0,52.0,50.75,58.300000000000004,0.08497536945812811,8748.0,0.0,0.0,0.75,NAGLU(61); GNS(52); SGSH(52); HGSNAT(38)
Hennekam syndrome,knowledge_filtered,2,2,1.0,52.0,52.0,60.0,0.09615384615384626,8922.5,0.0,0.0,0.5,FAT4(62); CCBE1(42)
histiocytosis-lymphadenopathy plus syndrome,knowledge_filtered,1,1,1.0,52.0,52.0,52.0,0.0,8797.0,0.0,0.0,1.0,SLC29A3(52)
Schindler disease,knowledge_filtered,1,1,1.0,52.0,52.0,52.0,0.0,8713.0,0.0,0.0,1.0,NAGA(52)
Pyridoxamine 5'-phosphate oxidase deficiency,knowledge_filtered,1,1,1.0,52.0,52.0,52.0,0.0,8752.0,0.0,0.0,1.0,PNPO(52)
Right atrial isomerism,knowledge_filtered,20,20,1.0,51.5,121.2,261.1000000000001,0.5556930693069307,8835.0,0.05,0.2,0.65,SMAD2(736); GATA4(325); NAT10(254); NKX2-5(225); NODAL(131)
Achromatopsia,knowledge_filtered,6,6,1.0,51.5,80.5,158.5,0.41442374051069697,8924.0,0.0,0.16666666666666666,0.6666666666666666,ATF6(237); CNGA3(80); CNGB3(59); GNAT2(44); PDE6C(38)
Familial isolated deficiency of vitamin E,knowledge_filtered,1,1,1.0,51.0,51.0,51.0,0.0,8915.0,0.0,0.0,1.0,TTPA(51)
Alkaptonuria,knowledge_filtered,1,1,1.0,51.0,51.0,51.0,0.0,8817.0,0.0,0.0,1.0,HGD(51)
Bardet-Biedl syndrome,knowledge_filtered,25,24,0.96,50.5,63.63157894736842,109.20000000000036,0.30061817073701624,8922.0,0.0,0.0,0.7105263157894737,TRIM32(174); TRIM32(174); CEP290(168); CEP290(168); BBS1(84)
Hermansky-Pudlak syndrome,knowledge_filtered,11,11,1.0,50.0,79.35,179.40000000000006,0.39410838059231257,9011.0,0.0,0.1,0.55,DTNBP1(219); DTNBP1(219); AP3D1(175); AP3B1(164); AP3B1(164)
"contractures, pterygia, and spondylocarpotarsal fusion syndrome",knowledge_filtered,4,4,1.0,50.0,52.5,69.5,0.15714285714285725,9163.0,0.0,0.0,0.5,CHRNA1(74); RAPSN(59); CHRND(41); CHRNG(36)
Mucolipidosis III gamma,knowledge_filtered,1,1,1.0,50.0,50.0,50.0,0.0,8970.0,0.0,0.0,1.0,GNPTG(50)
Carpenter syndrome,knowledge_filtered,2,2,1.0,49.5,49.5,61.9,0.15656565656565657,9462.5,0.0,0.0,0.5,RAB23(65); MEGF8(34)
Amelogenesis imperfecta,knowledge_filtered,31,31,1.0,49.0,65.06122448979592,144.40000000000003,0.4080992497375362,9087.0,0.0,0.0,0.5714285714285714,COL7A1(208); LAMC2(188); COL17A1(155); LAMB3(154); LAMB3(154)
Walker-Warburg syndrome,knowledge_filtered,13,13,1.0,49.0,58.61538461538461,88.80000000000001,0.31718150615788415,9152.0,0.0,0.0,0.6153846153846154,DAG1(177); FKRP(93); POMGNT1(72); FKTN(65); POMT1(59)
Congenital sucrase-isomaltase deficiency,knowledge_filtered,1,1,1.0,49.0,49.0,49.0,0.0,9082.0,0.0,0.0,1.0,SI(49)
Progressive myoclonus epilepsy 1B,knowledge_filtered,1,1,1.0,49.0,49.0,49.0,0.0,9216.0,0.0,0.0,1.0,PRICKLE1(49)
Arterial tortuosity syndrome,knowledge_filtered,1,1,1.0,49.0,49.0,49.0,0.0,9081.0,0.0,0.0,1.0,SLC2A10(49)
Fazio-Londe disease,knowledge_filtered,2,2,1.0,48.0,48.0,54.4,0.08333333333333326,9379.5,0.0,0.0,0.5,SLC52A3(56); SLC52A2(40)
3-methylglutaconic aciduria type 3,knowledge_filtered,1,1,1.0,48.0,48.0,48.0,0.0,9280.0,0.0,0.0,1.0,OPA3(48)
Optic atrophy 3,knowledge_filtered,1,1,1.0,48.0,48.0,48.0,0.0,9280.0,0.0,0.0,1.0,OPA3(48)
Autosomal dominant intellectual developmental disorder 43,knowledge_filtered,1,1,1.0,48.0,48.0,48.0,0.0,9335.0,0.0,0.0,1.0,HIVEP2(48)
Microphthalmia with limb anomalies,knowledge_filtered,1,1,1.0,47.0,47.0,47.0,0.0,9381.0,0.0,0.0,1.0,SMOC1(47)
Hereditary spastic paraplegia 31,knowledge_filtered,1,1,1.0,47.0,47.0,47.0,0.0,9377.0,0.0,0.0,1.0,REEP1(47)
Guanidinoacetate methyltransferase deficiency,knowledge_filtered,1,1,1.0,47.0,47.0,47.0,0.0,9426.0,0.0,0.0,1.0,GAMT(47)
Chromosome 15q13.3 microdeletion syndrome,knowledge_filtered,1,1,1.0,46.0,46.0,46.0,0.0,9576.0,0.0,0.0,1.0,AANAT(46)
Chromosome 15q24 deletion syndrome,knowledge_filtered,1,1,1.0,46.0,46.0,46.0,0.0,9576.0,0.0,0.0,1.0,AANAT(46)
Lysinuric protein intolerance,knowledge_filtered,1,1,1.0,46.0,46.0,46.0,0.0,9569.0,0.0,0.0,1.0,SLC7A7(46)
Molybdenum cofactor deficiency,knowledge_filtered,3,3,1.0,45.0,69.66666666666667,105.0,0.24242424242424235,9728.0,0.0,0.0,1.0,GPHN(120); MOCS1(45); MOCS2(44)
Congenital bile acid synthesis defect 2,knowledge_filtered,1,1,1.0,45.0,45.0,45.0,0.0,9674.0,0.0,0.0,1.0,AKR1D1(45)
Vici syndrome,knowledge_filtered,1,1,1.0,45.0,45.0,45.0,0.0,9786.0,0.0,0.0,1.0,EPG5(45)
Spondyloepiphyseal dysplasia with congenital joint dislocations,knowledge_filtered,1,1,1.0,45.0,45.0,45.0,0.0,9704.0,0.0,0.0,1.0,CHST3(45)
Gilles de la Tourette syndrome,knowledge_filtered,1,1,1.0,45.0,45.0,45.0,0.0,9679.0,0.0,0.0,1.0,SLITRK1(45)
cytochrome-c oxidase deficiency disease,knowledge_filtered,23,20,0.8695652173913043,44.5,59.95,96.80000000000004,0.44466221851542953,9837.5,0.0,0.05,0.5,LRPPRC(296); SCO2(122); COX5A(94); SCO1(83); FASTKD2(73)
Monilethrix,knowledge_filtered,4,4,1.0,44.5,43.0,52.8,0.125,9813.0,0.0,0.0,0.5,KRT86(54); KRT81(50); DSG4(39); KRT83(29)
Neurodegeneration with brain iron accumulation 4,knowledge_filtered,1,1,1.0,44.0,44.0,44.0,0.0,9894.0,0.0,0.0,1.0,C19ORF12(44)
Neuronal ceroid lipofuscinosis 7,knowledge_filtered,1,1,1.0,44.0,44.0,44.0,0.0,9810.0,0.0,0.0,1.0,MFSD8(44)
Joubert syndrome,knowledge_filtered,34,33,0.9705882352941176,43.0,50.27272727272727,86.00000000000001,0.2992675397738689,10064.0,0.0,0.0,0.48484848484848486,CEP290(168); OFD1(122); NPHP1(93); AHI1(89); RPGRIP1L(74)
Poikiloderma with neutropenia,knowledge_filtered,1,1,1.0,43.0,43.0,43.0,0.0,9974.0,0.0,0.0,1.0,USB1(43)
Kaufman oculocerebrofacial syndrome,knowledge_filtered,1,1,1.0,43.0,43.0,43.0,0.0,10031.0,0.0,0.0,0.0,UBE3B(43)
scalp-ear-nipple syndrome,knowledge_filtered,1,1,1.0,43.0,43.0,43.0,0.0,10001.0,0.0,0.0,0.0,KCTD1(43)
Multiple mitochondrial dysfunctions syndrome,knowledge_filtered,2,2,1.0,42.5,42.5,50.9,0.12352941176470589,10267.0,0.0,0.0,0.5,NFU1(53); BOLA3(32)
Asphyxiating thoracic dystrophy,knowledge_filtered,11,9,0.8181818181818182,42.0,47.55555555555556,60.800000000000004,0.16718587746625127,10129.0,0.0,0.0,0.4444444444444444,DYNC2H1(92); CSPP1(53); CEP120(47); WDR35(46); IFT172(42)
Coenzyme Q10 deficiency disease,knowledge_filtered,9,9,1.0,42.0,48.55555555555556,62.400000000000006,0.1301805237732011,10099.0,0.0,0.0,0.3333333333333333,COQ8A(84); COQ8B(57); COQ2(50); PDSS2(43); COQ4(42)
Hereditary spastic paraplegia 15,knowledge_filtered,1,1,1.0,42.0,42.0,42.0,0.0,10230.0,0.0,0.0,0.0,ZFYVE26(42)
Hypomyelinating leukodystrophy 2,knowledge_filtered,1,1,1.0,42.0,42.0,42.0,0.0,10139.0,0.0,0.0,0.0,GJC2(42)
short-rib thoracic dysplasia 9 with or without polydactyly,knowledge_filtered,1,1,1.0,42.0,42.0,42.0,0.0,10191.0,0.0,0.0,0.0,IFT140(42)
Klippel-Feil syndrome,knowledge_filtered,4,4,1.0,41.5,40.75,47.5,0.0904907975460123,10277.0,0.0,0.0,0.5,GDF6(49); MEOX1(44); MYO18B(39); GDF3(31)
Peeling skin syndrome 2,knowledge_filtered,1,1,1.0,41.0,41.0,41.0,0.0,10314.0,0.0,0.0,0.0,TGM5(41)
Histidinemia,knowledge_filtered,1,1,1.0,41.0,41.0,41.0,0.0,10321.0,0.0,0.0,0.0,HAL(41)
Kawasaki disease,knowledge_filtered,1,1,1.0,41.0,41.0,41.0,0.0,10281.0,0.0,0.0,0.0,ITPKC(41)
McLeod syndrome,knowledge_filtered,1,1,1.0,41.0,41.0,41.0,0.0,10357.0,0.0,0.0,0.0,XK(41)
Combined malonic and methylmalonic acidemia,knowledge_filtered,1,1,1.0,41.0,41.0,41.0,0.0,10364.0,0.0,0.0,0.0,ACSF3(41)
Cranioectodermal dysplasia,knowledge_filtered,4,4,1.0,40.5,38.5,44.8,0.09740259740259738,10353.5,0.0,0.0,0.25,WDR35(46); WDR19(42); IFT122(39); IFT43(27)
Color blindness,knowledge_filtered,3,3,1.0,40.0,45.333333333333336,60.0,0.16666666666666666,10491.0,0.0,0.0,0.3333333333333333,OPN1LW(65); OPN1MW(40); OPN1SW(31)
Tyrosinemia,knowledge_filtered,3,3,1.0,40.0,47.333333333333336,62.4,0.15962441314553985,10462.0,0.0,0.0,0.3333333333333333,FAH(68); TAT(40); HPD(34)
Peters plus syndrome,knowledge_filtered,1,1,1.0,40.0,40.0,40.0,0.0,10444.0,0.0,0.0,0.0,B3GLCT(40)
3-methylglutaconic aciduria type 1,knowledge_filtered,1,1,1.0,40.0,40.0,40.0,0.0,10419.0,0.0,0.0,0.0,AUH(40)
Meesmann corneal dystrophy,knowledge_filtered,2,2,1.0,39.0,39.0,42.2,0.05128205128205132,10744.5,0.0,0.0,0.0,KRT3(43); KRT12(35)
cold-induced sweating syndrome,knowledge_filtered,2,2,1.0,39.0,39.0,40.6,0.02564102564102555,10637.5,0.0,0.0,0.0,CRLF1(41); CLCF1(37)
Neuronal ceroid lipofuscinosis 8,knowledge_filtered,1,1,1.0,39.0,39.0,39.0,0.0,10668.0,0.0,0.0,0.0,CLN8(39)
Weyers acrofacial dysostosis,knowledge_filtered,2,2,1.0,38.5,38.5,38.9,0.006493506493506551,10787.0,0.0,0.0,0.0,EVC(39); EVC2(38)
Ellis-Van Creveld syndrome,knowledge_filtered,2,2,1.0,38.5,38.5,38.9,0.006493506493506551,10787.0,0.0,0.0,0.0,EVC(39); EVC2(38)
Meckel syndrome,knowledge_filtered,8,8,1.0,38.0,55.125,102.19999999999999,0.3959750566893424,10826.0,0.0,0.0,0.375,CEP290(168); RPGRIP1L(74); TMEM67(56); MKS1(42); CC2D2A(34)
3MC syndrome,knowledge_filtered,3,3,1.0,38.0,72.0,121.2,0.32716049382716045,10829.0,0.0,0.0,0.3333333333333333,MASP1(142); COLEC11(38); COLEC10(36)
"T-cell immunodeficiency, congenital alopecia, and nail dystrophy",knowledge_filtered,1,1,1.0,37.0,37.0,37.0,0.0,10982.0,0.0,0.0,0.0,FOXN1(37)
N-acetylglutamate synthase deficiency,knowledge_filtered,1,1,1.0,37.0,37.0,37.0,0.0,10949.0,0.0,0.0,0.0,NAGS(37)
Methylmalonic acidemia,knowledge_filtered,5,5,1.0,35.0,54.8,100.0,0.35036496350364954,11303.0,0.0,0.0,0.4,MMUT(118); MMAB(73); MMADHC(35); MMAA(27); MCEE(21)
Native American myopathy,knowledge_filtered,1,1,1.0,35.0,35.0,35.0,0.0,11282.0,0.0,0.0,0.0,STAC3(35)
"3-methylglutaconic aciduria with deafness, encephalopathy, and Leigh-like syndrome",knowledge_filtered,1,1,1.0,35.0,35.0,35.0,0.0,11372.0,0.0,0.0,0.0,SERAC1(35)
Autosomal recessive congenital ichthyosis,knowledge_filtered,10,10,1.0,34.0,55.23076923076923,120.40000000000005,0.42704092564816803,11474.0,0.0,0.0,0.38461538461538464,TGM1(185); CASP14(135); ABCA12(62); ABCA12(62); ALOX12B(61)
Frontonasal dysplasia,knowledge_filtered,3,3,1.0,34.0,34.0,45.2,0.18300653594771235,11554.0,0.0,0.0,0.3333333333333333,ALX4(48); ALX1(34); ALX3(20)
Hyperopia,knowledge_filtered,2,2,1.0,34.0,34.0,42.0,0.1470588235294117,11800.5,0.0,0.0,0.5,MFRP(44); PRSS56(24)
Patau syndrome,knowledge_filtered,1,1,1.0,34.0,34.0,34.0,0.0,11526.0,0.0,0.0,0.0,AADAC(34)
Woodhouse-Sakati syndrome,knowledge_filtered,1,1,1.0,34.0,34.0,34.0,0.0,11543.0,0.0,0.0,0.0,DCAF17(34)
Leber hereditary optic neuropathy,knowledge_filtered,13,3,0.23076923076923078,32.0,73.66666666666667,138.4,0.4253393665158371,11946.0,0.0,0.0,0.3333333333333333,NDUFS2(165); DNAJC30(32); PRICKLE3(24)
Hartnup disease,knowledge_filtered,1,1,1.0,32.0,32.0,32.0,0.0,11959.0,0.0,0.0,0.0,SLC6A19(32)
Primary ciliary dyskinesia,knowledge_filtered,61,51,0.8360655737704918,30.0,53.31111111111111,65.50000000000004,0.5432541336668056,12427.0,0.022222222222222223,0.03333333333333333,0.25555555555555554,TP73(693); TP73(693); TUBB4B(337); RPGR(183); CENPF(161)
Congenital disorder of glycosylation Ig,knowledge_filtered,1,1,1.0,30.0,30.0,30.0,0.0,12482.0,0.0,0.0,0.0,ALG12(30)
Glutamate formiminotransferase deficiency,knowledge_filtered,1,1,1.0,30.0,30.0,30.0,0.0,12389.0,0.0,0.0,0.0,FTCD(30)
X-linked chondrodysplasia punctata 1,knowledge_filtered,1,1,1.0,30.0,30.0,30.0,0.0,12525.0,0.0,0.0,0.0,ARSL(30)
Dihydropyrimidinase deficiency,knowledge_filtered,1,1,1.0,29.0,29.0,29.0,0.0,12639.0,0.0,0.0,0.0,DPYS(29)
Hereditary spastic paraplegia 49,knowledge_filtered,1,1,1.0,29.0,29.0,29.0,0.0,12544.0,0.0,0.0,0.0,TECPR2(29)
Visceral heterotaxy,knowledge_filtered,16,14,0.875,27.5,89.92857142857143,122.00000000000003,0.6645296720753432,13057.0,0.07142857142857142,0.07142857142857142,0.2857142857142857,SMAD2(736); NODAL(131); ACVR2B(101); ZIC3(48); LEFTY2(39)
Calcifying Epithelial Odontogenic Tumor,knowledge_filtered,1,1,1.0,27.0,27.0,27.0,0.0,13145.0,0.0,0.0,0.0,ODAM(27)
High myopia-sensorineural deafness syndrome,knowledge_filtered,1,1,1.0,27.0,27.0,27.0,0.0,13099.0,0.0,0.0,0.0,SLITRK6(27)
Congenital stationary night blindness 1B,knowledge_filtered,6,6,1.0,26.0,28.333333333333332,46.5,0.30588235294117644,13341.0,0.0,0.0,0.16666666666666666,TRPM1(61); GRM6(32); CABP4(28); SLC24A1(24); GPR179(16)
Bradyopsia,knowledge_filtered,2,2,1.0,26.0,26.0,35.6,0.23076923076923084,13922.5,0.0,0.0,0.0,RGS9(38); RGS9BP(14)
Congenital bile acid synthesis defect,knowledge_filtered,1,1,1.0,26.0,26.0,26.0,0.0,13440.0,0.0,0.0,0.0,HSD3B7(26)
Spermatogenic failure 9,knowledge_filtered,1,1,1.0,26.0,26.0,26.0,0.0,13494.0,0.0,0.0,0.0,DPY19L2(26)
Congenital disorder of glycosylation Im,knowledge_filtered,1,1,1.0,25.0,25.0,25.0,0.0,13730.0,0.0,0.0,0.0,DOLK(25)
Spondylocostal dysostosis,knowledge_filtered,6,6,1.0,23.0,27.428571428571427,41.0,0.193452380952381,14171.0,0.0,0.0,0.14285714285714285,DLL3(44); TBX6(39); LFNG(30); HES7(23); RIPPLY2(20)
Hyperphosphatasia with impaired intellectual development syndrome,knowledge_filtered,3,3,1.0,23.0,25.333333333333332,31.8,0.1315789473684211,14208.0,0.0,0.0,0.0,PIGO(34); PGAP2(23); PIGV(19)
Nonsyndromic congenital nail disorder 4,knowledge_filtered,1,1,1.0,23.0,23.0,23.0,0.0,14076.0,0.0,0.0,0.0,RSPO4(23)
NARP syndrome,knowledge_filtered,1,0,0.0,,,,,,,,,
MELAS syndrome,knowledge_filtered,7,0,0.0,,,,,,,,,
Barth syndrome,knowledge_filtered,1,0,0.0,,,,,,,,,
MERRF syndrome,knowledge_filtered,8,0,0.0,,,,,,,,,
