Disease,median_pubmed_filtered,mean_pubmed_filtered,n_genes_with_pubmed_filtered,coverage_filtered,median_pubmed_full,mean_pubmed_full,n_genes_with_pubmed_full,coverage_full,delta_median_full_minus_filtered,delta_mean_full_minus_filtered
Familial hyperlipidemia,466.0,1557.0,4.0,1.0,784.0,1077.111111111111,7,1.0,318.0,-479.8888888888889
Autoimmune disease of central nervous system,248.0,248.0,1.0,1.0,461.5,848.6666666666666,6,1.0,213.5,600.6666666666666
non-Hodgkin lymphoma,183.5,183.5,2.0,1.0,316.0,572.2222222222222,9,1.0,132.5,388.7222222222222
Inflammatory bowel disease,183.5,183.5,2.0,1.0,306.0,924.2272727272727,21,1.0,122.5,740.7272727272727
Cancer,156.0,412.69349845201236,323.0,0.9969135802469136,263.0,766.7978395061729,482,0.9979296066252588,107.0,354.1043410541605
Junctional epidermolysis bullosa,155.0,189.8,5.0,1.0,253.0,245.875,7,1.0,98.0,56.07499999999999
Diabetes mellitus,139.0,387.32183908045977,87.0,0.9886363636363636,222.0,516.4090909090909,99,0.99,83.0,129.0872518286311
Cowden syndrome,177.0,1025.111111111111,9.0,1.0,252.5,1204.5,9,1.0,75.5,179.3888888888889
Rheumatoid arthritis,483.5,974.5,4.0,1.0,555.5,1086.53125,31,1.0,72.0,112.03125
Primary cutaneous amyloidosis,250.0,699.2727272727273,11.0,1.0,314.5,816.5,17,1.0,64.5,117.22727272727275
Aortic aneurysm,223.0,312.0,16.0,1.0,282.5,359.0,16,1.0,59.5,47.0
Migraine,59.0,187.5,16.0,0.9411764705882353,98.0,199.25,20,0.9523809523809523,39.0,11.75
Cardiomyopathy,119.5,241.98076923076923,104.0,0.9629629629629629,158.0,257.9626168224299,123,0.968503937007874,38.5,15.981847591660653
Paget's disease of bone,321.0,441.75,4.0,1.0,351.0,514.2,5,1.0,30.0,72.45000000000005
Lissencephaly,68.5,129.36111111111111,36.0,1.0,97.5,142.79545454545453,38,1.0,29.0,13.434343434343418
Thrombophilia,375.5,585.875,8.0,1.0,403.0,654.5714285714286,10,1.0,27.5,68.69642857142856
Intrahepatic cholestasis,71.0,104.57894736842105,19.0,1.0,93.0,131.10344827586206,20,1.0,22.0,26.52450090744101
Neurodegenerative disease,99.0,203.3030303030303,429.0,0.9794520547945206,120.0,294.7586705202312,466,0.9810526315789474,21.0,91.45564021720088
Epidermolysis bullosa,208.0,223.25,16.0,1.0,229.0,237.42857142857142,16,1.0,21.0,14.178571428571416
Myofibrillar myopathy,225.0,237.875,8.0,1.0,245.0,263.3333333333333,8,1.0,20.0,25.458333333333314
Hyperopia,34.0,34.0,2.0,1.0,53.5,62.0,4,1.0,19.5,28.0
cytochrome-c oxidase deficiency disease,44.5,59.95,20.0,0.8695652173913043,64.0,93.11458333333333,76,0.8260869565217391,19.5,33.164583333333326
Visceral heterotaxy,27.5,89.92857142857143,14.0,0.875,43.5,108.32352941176471,26,0.9285714285714286,16.0,18.39495798319328
Dystonia,92.5,157.5,46.0,0.9583333333333334,105.0,166.41666666666666,49,0.9607843137254902,12.5,8.916666666666657
Autosomal dominant cerebellar ataxia,119.0,154.1219512195122,41.0,0.9761904761904762,129.0,164.87234042553192,42,0.9767441860465116,10.0,10.750389206019719
Congenital bile acid synthesis defect,26.0,26.0,1.0,1.0,35.5,35.5,2,1.0,9.5,9.5
Nemaline myopathy,90.0,127.33333333333333,11.0,1.0,97.0,142.1818181818182,11,1.0,7.0,14.848484848484858
Epilepsy,81.0,128.23300970873785,309.0,0.987220447284345,88.0,128.82776349614397,317,0.9875389408099688,7.0,0.5947537874061197
Craniosynostosis,134.5,250.03846153846155,26.0,1.0,141.0,279.5357142857143,26,1.0,6.5,29.49725274725273
Leukodystrophy,89.5,124.54347826086956,46.0,0.9787234042553191,94.5,135.8125,52,0.9811320754716981,5.0,11.269021739130437
Neuronal ceroid lipofuscinosis,87.5,143.42857142857142,14.0,1.0,92.0,156.8695652173913,14,1.0,4.5,13.440993788819895
Color blindness,40.0,45.333333333333336,3.0,1.0,44.0,68.77777777777777,9,1.0,4.0,23.444444444444436
Peroxisomal disease,61.0,72.66666666666667,15.0,0.9375,65.0,95.0,22,0.9565217391304348,4.0,22.33333333333333
Neuropathy,100.0,168.58823529411765,136.0,0.9855072463768116,104.0,169.33827893175075,184,0.9435897435897436,4.0,0.7500436376330981
Autosomal recessive congenital ichthyosis,34.0,55.23076923076923,10.0,1.0,38.0,55.714285714285715,10,1.0,4.0,0.4835164835164818
Microphthalmia,87.0,170.91397849462365,66.0,1.0,91.0,177.97894736842105,66,1.0,4.0,7.0649688737973975
Hereditary spastic paraplegia,63.0,105.34722222222223,72.0,0.9863013698630136,67.0,106.3529411764706,72,0.9863013698630136,4.0,1.0057189542483655
Glycogen storage disease,99.0,132.28571428571428,21.0,0.9545454545454546,102.0,130.0,21,0.9545454545454546,3.0,-2.2857142857142776
Primary ovarian insufficiency,64.0,146.92592592592592,27.0,0.9642857142857143,67.0,174.32142857142858,27,0.9642857142857143,3.0,27.39550264550266
Dilated cardiomyopathy,119.0,215.55172413793105,29.0,1.0,122.0,227.86666666666667,30,1.0,3.0,12.314942528735628
Microcephaly,109.0,134.71428571428572,35.0,0.9459459459459459,111.5,131.83333333333334,35,0.9459459459459459,2.5,-2.8809523809523796
Obesity,79.0,257.55384615384617,65.0,0.9848484848484849,79.0,257.55384615384617,65,0.9848484848484849,0.0,0.0
Ocular albinism 1,73.0,73.0,1.0,1.0,73.0,73.0,1,1.0,0.0,0.0
Oculocerebrorenal syndrome,170.0,170.0,1.0,1.0,170.0,170.0,1,1.0,0.0,0.0
Oculocutaneous albinism,91.0,131.125,8.0,1.0,91.0,131.125,8,1.0,0.0,0.0
Oculodentodigital dysplasia,769.0,769.0,1.0,1.0,769.0,769.0,1,1.0,0.0,0.0
Nuclear type mitochondrial complex I deficiency 20,96.0,96.0,1.0,1.0,96.0,96.0,1,1.0,0.0,0.0
Neuroblastoma,315.0,764.0,7.0,1.0,315.0,764.0,7,1.0,0.0,0.0
Oculopharyngeal muscular dystrophy,224.0,224.0,1.0,1.0,224.0,224.0,1,1.0,0.0,0.0
Omenn syndrome,147.0,177.33333333333334,6.0,1.0,147.0,177.33333333333334,6,1.0,0.0,0.0
"Ohdo syndrome,  SBBYS variant",82.0,82.0,1.0,1.0,82.0,82.0,1,1.0,0.0,0.0
Netherton syndrome,99.0,99.0,1.0,1.0,99.0,99.0,1,1.0,0.0,0.0
Nephrolithiasis,529.0,518.4444444444445,9.0,1.0,529.0,518.4444444444445,9,1.0,0.0,0.0
Ollier disease,743.5,743.5,2.0,1.0,743.5,743.5,2,1.0,0.0,0.0
Opiate dependence,286.0,664.5263157894736,19.0,1.0,286.0,664.5263157894736,19,1.0,0.0,0.0
Opitz GBBB syndrome,103.0,113.66666666666667,3.0,1.0,103.0,113.66666666666667,3,1.0,0.0,0.0
Optic atrophy 3,48.0,48.0,1.0,1.0,48.0,48.0,1,1.0,0.0,0.0
Ornithine carbamoyltransferase deficiency,131.0,131.0,1.0,1.0,131.0,131.0,1,1.0,0.0,0.0
Nemaline myopathy 3,454.0,454.0,1.0,1.0,454.0,454.0,1,1.0,0.0,0.0
Norrie disease,118.0,118.0,1.0,1.0,118.0,118.0,1,1.0,0.0,0.0
Nephrogenic diabetes insipidus,183.5,183.5,2.0,1.0,183.5,183.5,2,1.0,0.0,0.0
Norum disease,192.0,192.0,1.0,1.0,192.0,192.0,1,1.0,0.0,0.0
Neurofibromatosis,638.0,638.0,1.0,1.0,638.0,638.0,1,1.0,0.0,0.0
Neurodegeneration with brain iron accumulation 4,44.0,44.0,1.0,1.0,44.0,44.0,1,1.0,0.0,0.0
Neuronal ceroid lipofuscinosis 1,112.0,112.0,1.0,1.0,112.0,112.0,1,1.0,0.0,0.0
Nephroblastoma,421.0,1780.5,10.0,1.0,421.0,1780.5,10,1.0,0.0,0.0
Neuronal ceroid lipofuscinosis 10,428.0,428.0,1.0,1.0,428.0,428.0,1,1.0,0.0,0.0
Neuronal ceroid lipofuscinosis 11,608.0,608.0,1.0,1.0,608.0,608.0,1,1.0,0.0,0.0
Neuronal ceroid lipofuscinosis 3,135.0,135.0,1.0,1.0,135.0,135.0,1,1.0,0.0,0.0
Neuronal ceroid lipofuscinosis 4,83.0,83.0,1.0,1.0,83.0,83.0,1,1.0,0.0,0.0
Neuronal ceroid lipofuscinosis 5,59.0,59.0,1.0,1.0,59.0,59.0,1,1.0,0.0,0.0
Neuronal ceroid lipofuscinosis 6A,92.0,92.0,1.0,1.0,92.0,92.0,1,1.0,0.0,0.0
Neuronal ceroid lipofuscinosis 7,44.0,44.0,1.0,1.0,44.0,44.0,1,1.0,0.0,0.0
Neurodegeneration with brain iron accumulation 3,241.0,241.0,1.0,1.0,241.0,241.0,1,1.0,0.0,0.0
Neuronal ceroid lipofuscinosis 8,39.0,39.0,1.0,1.0,39.0,39.0,1,1.0,0.0,0.0
Ornithine translocase deficiency,53.0,53.0,1.0,1.0,53.0,53.0,1,1.0,0.0,0.0
Nevoid basal cell carcinoma syndrome,223.5,223.5,2.0,1.0,223.5,223.5,2,1.0,0.0,0.0
Nicolaides-Baraitser syndrome,312.0,312.0,1.0,1.0,312.0,312.0,1,1.0,0.0,0.0
Niemann-Pick disease,193.0,184.66666666666666,3.0,1.0,193.0,184.66666666666666,3,1.0,0.0,0.0
Nephronophthisis,52.0,59.08571428571429,22.0,1.0,52.0,59.08571428571429,22,1.0,0.0,0.0
Nonsyndromic congenital nail disorder 1,69.0,69.0,1.0,1.0,69.0,69.0,1,1.0,0.0,0.0
Nonsyndromic congenital nail disorder 4,23.0,23.0,1.0,1.0,23.0,23.0,1,1.0,0.0,0.0
Nonsyndromic deafness,61.5,124.12727272727273,138.0,0.9583333333333334,61.5,124.12727272727273,138,0.9583333333333334,0.0,0.0
Noonan syndrome,294.0,715.0769230769231,13.0,1.0,294.0,715.0769230769231,13,1.0,0.0,0.0
Neurodegeneration with brain iron accumulation 2b,185.0,185.0,1.0,1.0,185.0,185.0,1,1.0,0.0,0.0
Noonan syndrome with multiple lentigines,820.0,1226.5,4.0,1.0,820.0,1226.5,4,1.0,0.0,0.0
Neurodegeneration with brain iron accumulation 5,76.0,76.0,1.0,1.0,76.0,76.0,1,1.0,0.0,0.0
Nijmegen breakage syndrome,599.0,599.0,1.0,1.0,599.0,599.0,1,1.0,0.0,0.0
Otulipenia,89.0,89.0,1.0,1.0,89.0,89.0,1,1.0,0.0,0.0
Orofaciodigital syndrome,122.0,122.0,1.0,1.0,122.0,122.0,1,1.0,0.0,0.0
Plasminogen deficiency type I,438.0,438.0,1.0,1.0,438.0,438.0,1,1.0,0.0,0.0
Perrault syndrome,81.0,112.8,5.0,1.0,81.0,112.8,5,1.0,0.0,0.0
Perry syndrome,295.0,295.0,1.0,1.0,295.0,295.0,1,1.0,0.0,0.0
Peters anomaly,420.0,459.8,5.0,1.0,420.0,459.8,5,1.0,0.0,0.0
Peters plus syndrome,40.0,40.0,1.0,1.0,40.0,40.0,1,1.0,0.0,0.0
Peutz-Jeghers syndrome,586.0,586.0,1.0,1.0,586.0,586.0,1,1.0,0.0,0.0
Pfeiffer syndrome,734.5,734.5,2.0,1.0,734.5,734.5,2,1.0,0.0,0.0
Phelan-McDermid syndrome,135.0,135.0,2.0,1.0,135.0,135.0,2,1.0,0.0,0.0
Phenylketonuria,226.0,207.4,4.0,1.0,226.0,207.4,4,1.0,0.0,0.0
Phosphoglycerate kinase 1 deficiency,323.0,323.0,1.0,1.0,323.0,323.0,1,1.0,0.0,0.0
Phosphoribosylpyrophosphate synthetase superactivity,179.0,179.0,1.0,1.0,179.0,179.0,1,1.0,0.0,0.0
Pick's disease,2219.0,2219.0,1.0,1.0,2219.0,2219.0,1,1.0,0.0,0.0
Piebaldism,795.5,795.5,2.0,1.0,795.5,795.5,2,1.0,0.0,0.0
Pilomatrixoma,3354.0,3354.0,1.0,1.0,3354.0,3354.0,1,1.0,0.0,0.0
Pitt-Hopkins syndrome,311.0,311.0,1.0,1.0,311.0,311.0,1,1.0,0.0,0.0
Poikiloderma with neutropenia,43.0,43.0,1.0,1.0,43.0,43.0,1,1.0,0.0,0.0
Osteoarthritis,157.0,157.14285714285714,7.0,1.0,157.0,157.14285714285714,7,1.0,0.0,0.0
Polyarteritis nodosa,83.0,150.0,3.0,1.0,83.0,150.0,3,1.0,0.0,0.0
Polycystic kidney disease,274.0,245.33333333333334,3.0,1.0,274.0,245.33333333333334,3,1.0,0.0,0.0
Polycystic ovary syndrome,292.5,499.27777777777777,18.0,1.0,292.5,499.27777777777777,18,1.0,0.0,0.0
Polycythemia vera,1137.5,1137.5,2.0,1.0,1137.5,1137.5,2,1.0,0.0,0.0
Polymicrogyria,129.5,129.5,2.0,1.0,129.5,129.5,2,1.0,0.0,0.0
Pontocerebellar hypoplasia,55.5,67.7,10.0,1.0,55.5,67.7,10,1.0,0.0,0.0
Popliteal pterygium syndrome,200.0,200.0,1.0,1.0,200.0,200.0,1,1.0,0.0,0.0
Porphyria,86.0,203.0,9.0,1.0,86.0,203.0,9,1.0,0.0,0.0
Postaxial acrofacial dysostosis,62.0,62.0,1.0,1.0,62.0,62.0,1,1.0,0.0,0.0
Potocki-Lupski syndrome,99.0,99.0,1.0,1.0,99.0,99.0,1,1.0,0.0,0.0
Potocki-Shaffer syndrome,74.0,90.0,3.0,1.0,74.0,90.0,3,1.0,0.0,0.0
PrP Systemic Amyloidosis,488.0,488.0,2.0,1.0,488.0,488.0,2,1.0,0.0,0.0
Prader-Willi syndrome,89.0,89.0,2.0,1.0,89.0,89.0,2,1.0,0.0,0.0
Primary autosomal recessive microcephaly,117.0,117.42857142857143,7.0,0.875,117.0,117.42857142857143,7,0.875,0.0,0.0
Peroxisomal acyl-CoA oxidase deficiency,78.0,78.0,1.0,1.0,78.0,78.0,1,1.0,0.0,0.0
Permanent neonatal diabetes mellitus,353.0,460.4,5.0,1.0,353.0,460.4,5,1.0,0.0,0.0
Periventricular nodular heterotopia,383.0,389.6666666666667,3.0,1.0,383.0,389.6666666666667,3,1.0,0.0,0.0
Pentosuria,79.0,79.0,1.0,1.0,79.0,79.0,1,1.0,0.0,0.0
Osteochondritis dissecans,176.0,176.0,1.0,1.0,176.0,176.0,1,1.0,0.0,0.0
Osteogenesis imperfecta,99.0,188.11363636363637,27.0,1.0,99.0,188.11363636363637,27,1.0,0.0,0.0
Osteoglophonic dysplasia,758.0,758.0,1.0,1.0,758.0,758.0,1,1.0,0.0,0.0
Osteopetrosis,192.0,288.05,13.0,1.0,192.0,288.05,13,1.0,0.0,0.0
Otopalatodigital syndrome type 1,697.0,697.0,1.0,1.0,697.0,697.0,1,1.0,0.0,0.0
Otopalatodigital syndrome type 2,697.0,697.0,1.0,1.0,697.0,697.0,1,1.0,0.0,0.0
"Otospondylomegaepiphyseal dysplasia, autosomal dominant",86.0,86.0,1.0,1.0,86.0,86.0,1,1.0,0.0,0.0
"Otospondylomegaepiphyseal dysplasia, autosomal recessive",86.0,86.0,1.0,1.0,86.0,86.0,1,1.0,0.0,0.0
Nasu-Hakola disease,227.5,227.5,2.0,1.0,227.5,227.5,2,1.0,0.0,0.0
Ovarian cancer,599.0,1750.0526315789473,19.0,1.0,599.0,1750.0526315789473,19,1.0,0.0,0.0
PHGDH deficiency,318.0,318.0,1.0,1.0,318.0,318.0,1,1.0,0.0,0.0
Pachyonychia congenita,139.0,131.4,5.0,1.0,139.0,131.4,5,1.0,0.0,0.0
Paget's disease of bone 5,804.0,804.0,1.0,1.0,804.0,804.0,1,1.0,0.0,0.0
Pallister-Hall syndrome,217.0,217.0,1.0,1.0,217.0,217.0,1,1.0,0.0,0.0
Palmoplantar keratoderma-deafness syndrome,860.0,860.0,1.0,0.5,860.0,860.0,1,0.5,0.0,0.0
Panhypopituitarism,97.0,176.2962962962963,27.0,1.0,97.0,176.2962962962963,27,1.0,0.0,0.0
Pantothenate kinase-associated neurodegeneration,101.0,101.0,1.0,1.0,101.0,101.0,1,1.0,0.0,0.0
Paraganglioma,260.0,405.14285714285717,7.0,1.0,260.0,405.14285714285717,7,1.0,0.0,0.0
Paramyotonia congenita of Von Eulenburg,164.0,164.0,1.0,1.0,164.0,164.0,1,1.0,0.0,0.0
Parathyroid carcinoma,262.0,262.0,1.0,1.0,262.0,262.0,1,1.0,0.0,0.0
Parietal foramina,77.0,77.0,2.0,1.0,77.0,77.0,2,1.0,0.0,0.0
Parkinson's disease,222.0,423.2950819672131,51.0,0.9807692307692307,222.0,423.2950819672131,51,0.9807692307692307,0.0,0.0
Paroxysmal extreme pain disorder,203.0,203.0,1.0,1.0,203.0,203.0,1,1.0,0.0,0.0
Paroxysmal nocturnal hemoglobinuria,73.5,73.5,2.0,1.0,73.5,73.5,2,1.0,0.0,0.0
Partington syndrome,103.0,103.0,1.0,1.0,103.0,103.0,1,1.0,0.0,0.0
Patau syndrome,34.0,34.0,1.0,1.0,34.0,34.0,1,1.0,0.0,0.0
Peeling skin syndrome 2,41.0,41.0,1.0,1.0,41.0,41.0,1,1.0,0.0,0.0
Pelizaeus-Merzbacher disease,192.0,192.0,1.0,1.0,192.0,192.0,1,1.0,0.0,0.0
Pendred Syndrome,331.0,331.0,1.0,1.0,331.0,331.0,1,1.0,0.0,0.0
Native American myopathy,35.0,35.0,1.0,1.0,35.0,35.0,1,1.0,0.0,0.0
17-beta hydroxysteroid dehydrogenase 3 deficiency,65.0,65.0,1.0,1.0,65.0,65.0,1,1.0,0.0,0.0
Narcolepsy,691.5,1550.625,8.0,1.0,691.5,1550.625,8,1.0,0.0,0.0
MYH-9 related disease,695.0,695.0,1.0,1.0,695.0,695.0,1,1.0,0.0,0.0
Lissencephaly 3,317.5,317.5,2.0,1.0,317.5,317.5,2,1.0,0.0,0.0
Localized insulin-derived Amyloidosis,1031.0,1544.0,5.0,1.0,1031.0,1544.0,5,1.0,0.0,0.0
Loeys-Dietz syndrome,617.0,583.8,5.0,1.0,617.0,583.8,5,1.0,0.0,0.0
Long QT syndrome,229.0,315.25925925925924,16.0,1.0,229.0,313.4516129032258,16,1.0,0.0,-1.8076463560334446
Lung cancer,716.5,1653.9642857142858,28.0,1.0,716.5,1653.9642857142858,28,1.0,0.0,0.0
Lyme disease,1546.0,1546.0,2.0,1.0,1546.0,1546.0,2,1.0,0.0,0.0
Lymphangioleiomyomatosis,446.5,446.5,2.0,1.0,446.5,446.5,2,1.0,0.0,0.0
Lymphoplasmacytic lymphoma,1396.0,1396.0,2.0,1.0,1396.0,1396.0,2,1.0,0.0,0.0
Lynch syndrome,533.0,552.6153846153846,8.0,1.0,533.0,552.6153846153846,8,1.0,0.0,0.0
Lysinuric protein intolerance,46.0,46.0,1.0,1.0,46.0,46.0,1,1.0,0.0,0.0
Lysosomal acid lipase deficiency,112.0,112.0,1.0,1.0,112.0,112.0,1,1.0,0.0,0.0
MASA syndrome,334.0,334.0,1.0,1.0,334.0,334.0,1,1.0,0.0,0.0
MHC class I deficiency,236.0,218.66666666666666,3.0,1.0,236.0,218.66666666666666,3,1.0,0.0,0.0
MHC class II deficiency,55.0,92.75,4.0,1.0,55.0,92.75,4,1.0,0.0,0.0
Machado-Joseph disease,331.0,331.0,1.0,1.0,331.0,331.0,1,1.0,0.0,0.0
Lipoid proteinosis,132.0,132.0,1.0,1.0,132.0,132.0,1,1.0,0.0,0.0
Maffucci syndrome,743.5,743.5,2.0,1.0,743.5,743.5,2,1.0,0.0,0.0
Mal de Meleda,55.0,55.0,1.0,1.0,55.0,55.0,1,1.0,0.0,0.0
Malignant hyperthermia,225.5,225.5,2.0,1.0,225.5,225.5,2,1.0,0.0,0.0
Mandibuloacral dysplasia,597.5,597.5,2.0,1.0,597.5,597.5,2,1.0,0.0,0.0
"Mandibulofacial dysostosis, Guion-Almeida type",283.0,283.0,1.0,1.0,283.0,283.0,1,1.0,0.0,0.0
Maple syrup urine disease,108.0,102.625,5.0,1.0,108.0,102.625,5,1.0,0.0,0.0
Marfan syndrome,526.0,526.0,1.0,1.0,526.0,526.0,1,1.0,0.0,0.0
Marinesco-Sjogren syndrome,77.0,77.0,1.0,1.0,77.0,77.0,1,1.0,0.0,0.0
Marsili syndrome,203.0,203.0,1.0,1.0,203.0,203.0,1,1.0,0.0,0.0
Martsolf syndrome,110.5,96.0,4.0,1.0,110.5,96.0,4,1.0,0.0,0.0
McCune Albright syndrome,691.0,691.0,1.0,1.0,691.0,691.0,1,1.0,0.0,0.0
McKusick-Kaufman syndrome,65.0,65.0,1.0,1.0,65.0,65.0,1,1.0,0.0,0.0
McLeod syndrome,41.0,41.0,1.0,1.0,41.0,41.0,1,1.0,0.0,0.0
Meckel syndrome,38.0,55.125,8.0,1.0,38.0,55.125,8,1.0,0.0,0.0
Lissencephaly 1,182.5,215.25,4.0,1.0,182.5,215.25,4,1.0,0.0,0.0
Linear skin defects with multiple congenital anomalies 1,66.0,66.0,1.0,1.0,66.0,66.0,1,1.0,0.0,0.0
Nager acrofacial dysostosis,199.0,199.0,1.0,1.0,199.0,199.0,1,1.0,0.0,0.0
Lattice corneal dystrophy,485.5,1628.5,3.0,1.0,485.5,1628.5,3,1.0,0.0,0.0
Klippel-Trenaunay syndrome,1717.0,1717.0,1.0,1.0,1717.0,1717.0,1,1.0,0.0,0.0
Kniest dysplasia,381.0,381.0,1.0,1.0,381.0,381.0,1,1.0,0.0,0.0
Koolen de Vries syndrome,84.0,84.0,1.0,1.0,84.0,84.0,1,1.0,0.0,0.0
Krabbe disease,88.0,88.0,1.0,1.0,88.0,88.0,1,1.0,0.0,0.0
Kuru,863.0,863.0,1.0,1.0,863.0,863.0,1,1.0,0.0,0.0
LADD syndrome,615.0,484.3333333333333,3.0,1.0,615.0,484.3333333333333,3,1.0,0.0,0.0
Lacrimoauriculodentodigital syndrome 1,615.0,484.3333333333333,3.0,1.0,615.0,484.3333333333333,3,1.0,0.0,0.0
Lactose intolerance,223.5,223.5,2.0,1.0,223.5,223.5,2,1.0,0.0,0.0
Lafora disease,76.0,76.0,2.0,1.0,76.0,76.0,2,1.0,0.0,0.0
Langerhans-cell histiocytosis,523.0,1156.3333333333333,3.0,1.0,523.0,1156.3333333333333,3,1.0,0.0,0.0
Large congenital melanocytic nevus,1710.0,1710.0,2.0,1.0,1710.0,1710.0,2,1.0,0.0,0.0
Laron syndrome,346.0,346.0,1.0,1.0,346.0,346.0,1,1.0,0.0,0.0
Larsen syndrome,259.0,259.0,1.0,1.0,259.0,259.0,1,1.0,0.0,0.0
Lateral meningocele syndrome,508.0,508.0,1.0,1.0,508.0,508.0,1,1.0,0.0,0.0
Leber congenital amaurosis,68.0,83.02127659574468,28.0,1.0,68.0,83.02127659574468,28,1.0,0.0,0.0
Liddle syndrome,156.5,156.5,2.0,1.0,156.5,156.5,2,1.0,0.0,0.0
Leber hereditary optic neuropathy,32.0,73.66666666666667,3.0,0.23076923076923078,32.0,73.66666666666667,3,0.23076923076923078,0.0,0.0
Left ventricular noncompaction,278.5,328.8333333333333,12.0,0.9230769230769231,278.5,328.8333333333333,12,0.9230769230769231,0.0,0.0
Legg-Calve-Perthes disease,381.0,381.0,1.0,1.0,381.0,381.0,1,1.0,0.0,0.0
Legius syndrome,82.0,82.0,1.0,1.0,82.0,82.0,1,1.0,0.0,0.0
Leigh disease,66.0,101.84210526315789,63.0,0.8181818181818182,66.0,101.84210526315789,63,0.8181818181818182,0.0,0.0
Lennox-Gastaut syndrome,130.5,164.375,8.0,1.0,130.5,164.375,8,1.0,0.0,0.0
Leprosy,409.0,616.6666666666666,6.0,1.0,409.0,616.6666666666666,6,1.0,0.0,0.0
Leri-Weill dyschondrosteosis,138.0,138.0,1.0,1.0,138.0,138.0,1,1.0,0.0,0.0
Lesch-Nyhan syndrome,259.0,259.0,1.0,1.0,259.0,259.0,1,1.0,0.0,0.0
Leukocyte chemotactic factor 2 Amyloidosis,113.0,1797.6666666666667,3.0,1.0,113.0,1797.6666666666667,3,1.0,0.0,0.0
Leukoencephalopathy with vanishing white matter,105.0,105.8,5.0,1.0,105.0,105.8,5,1.0,0.0,0.0
Lewy body dementia,2250.0,2598.6,4.0,0.8,2250.0,2598.6,4,0.8,0.0,0.0
Leydig cell hypoplasia,260.0,260.0,1.0,1.0,260.0,260.0,1,1.0,0.0,0.0
Li-Fraumeni syndrome,1692.0,4592.833333333333,4.0,1.0,1692.0,4592.833333333333,4,1.0,0.0,0.0
Medin Amyloidosis,163.0,163.0,1.0,1.0,163.0,163.0,1,1.0,0.0,0.0
Medium chain acyl-CoA dehydrogenase deficiency,164.0,164.0,1.0,1.0,164.0,164.0,1,1.0,0.0,0.0
Meesmann corneal dystrophy,39.0,39.0,2.0,1.0,39.0,39.0,2,1.0,0.0,0.0
Multiple cutaneous and mucosal venous malformations,303.0,303.0,1.0,1.0,303.0,303.0,1,1.0,0.0,0.0
Moyamoya disease,227.0,227.0,1.0,1.0,227.0,227.0,1,1.0,0.0,0.0
Mucolipidosis II alpha/beta,81.0,81.0,1.0,1.0,81.0,81.0,1,1.0,0.0,0.0
Mucolipidosis III alpha/beta,81.0,81.0,1.0,1.0,81.0,81.0,1,1.0,0.0,0.0
Mucolipidosis III gamma,50.0,50.0,1.0,1.0,50.0,50.0,1,1.0,0.0,0.0
Mucolipidosis type IV,133.0,133.0,1.0,1.0,133.0,133.0,1,1.0,0.0,0.0
Mucopolysaccharidosis,84.5,78.57142857142857,14.0,1.0,84.5,76.95454545454545,14,1.0,0.0,-1.6168831168831161
Mucopolysaccharidosis I,97.0,97.0,1.0,1.0,97.0,97.0,1,1.0,0.0,0.0
Mucopolysaccharidosis II,116.0,116.0,1.0,1.0,116.0,116.0,1,1.0,0.0,0.0
Mucopolysaccharidosis III,52.0,50.75,4.0,1.0,52.0,50.75,4,1.0,0.0,0.0
Mucopolysaccharidosis VI,85.0,85.0,1.0,1.0,85.0,85.0,1,1.0,0.0,0.0
Mucosulfatidosis,57.0,57.0,1.0,1.0,57.0,57.0,1,1.0,0.0,0.0
Muenke Syndrome,615.0,615.0,1.0,1.0,615.0,615.0,1,1.0,0.0,0.0
Mullerian aplasia and hyperandrogenism,125.0,125.0,1.0,1.0,125.0,125.0,1,1.0,0.0,0.0
Multiple acyl-CoA dehydrogenase deficiency,104.0,104.75,4.0,1.0,104.0,104.75,4,1.0,0.0,0.0
Multiple endocrine neoplasia type 2A,289.5,353.1666666666667,6.0,1.0,289.5,353.1666666666667,6,1.0,0.0,0.0
Megalencephalic leukoencephalopathy with subcortical cysts,70.5,70.5,2.0,1.0,70.5,70.5,2,1.0,0.0,0.0
Multiple epiphyseal dysplasia,68.0,89.66666666666667,6.0,1.0,68.0,89.66666666666667,6,1.0,0.0,0.0
Multiple mitochondrial dysfunctions syndrome,42.5,42.5,2.0,1.0,42.5,42.5,2,1.0,0.0,0.0
Multiple myeloma,214.0,655.1111111111111,9.0,1.0,214.0,655.1111111111111,9,1.0,0.0,0.0
Multiple sclerosis,574.0,968.8,5.0,1.0,574.0,968.8,5,1.0,0.0,0.0
Multiple system atrophy,1150.0,1150.0,2.0,1.0,1150.0,1150.0,2,1.0,0.0,0.0
Mycosis fungoides,316.0,398.2,5.0,1.0,316.0,398.2,5,1.0,0.0,0.0
Myelofibrosis,604.0,785.6666666666666,6.0,1.0,604.0,785.6666666666666,6,1.0,0.0,0.0
Primary ciliary dyskinesia,30.0,53.31111111111111,51.0,0.8360655737704918,30.0,53.31111111111111,51,0.8360655737704918,0.0,0.0
Myofibrillar myopathy 9,467.0,467.0,1.0,1.0,467.0,467.0,1,1.0,0.0,0.0
Myopia,68.0,83.14285714285714,7.0,1.0,68.0,83.14285714285714,7,1.0,0.0,0.0
Myotonia congenita,139.0,139.0,1.0,1.0,139.0,139.0,1,1.0,0.0,0.0
Myotonic dystrophy type 1,165.0,165.0,2.0,1.0,165.0,165.0,2,1.0,0.0,0.0
N-acetylglutamate synthase deficiency,37.0,37.0,1.0,1.0,37.0,37.0,1,1.0,0.0,0.0
NGLY1-deficiency,78.0,78.0,1.0,1.0,78.0,78.0,1,1.0,0.0,0.0
Mowat-Wilson syndrome,350.0,350.0,1.0,1.0,350.0,350.0,1,1.0,0.0,0.0
Mosaic variegated aneuploidy syndrome,181.0,183.0,3.0,1.0,181.0,183.0,3,1.0,0.0,0.0
Monilethrix,44.5,43.0,4.0,1.0,44.5,43.0,4,1.0,0.0,0.0
Molybdenum cofactor deficiency,45.0,69.66666666666667,3.0,1.0,45.0,69.66666666666667,3,1.0,0.0,0.0
Megaloblastic anemia,64.0,64.0,2.0,1.0,64.0,64.0,2,1.0,0.0,0.0
Meier-Gorlin syndrome,98.0,116.6,5.0,1.0,98.0,116.6,5,1.0,0.0,0.0
Melanoma,243.0,930.9,30.0,1.0,243.0,930.9,30,1.0,0.0,0.0
Melnick-Needles syndrome,697.0,697.0,1.0,1.0,697.0,697.0,1,1.0,0.0,0.0
Melorheostosis,523.0,523.0,1.0,1.0,523.0,523.0,1,1.0,0.0,0.0
Menkes disease,214.0,214.0,1.0,1.0,214.0,214.0,1,1.0,0.0,0.0
Metabolic dysfunction-associated steatotic liver disease,181.5,250.66666666666666,6.0,1.0,181.5,250.66666666666666,6,1.0,0.0,0.0
Metachromatic leukodystrophy,149.0,135.66666666666666,4.0,1.0,149.0,135.66666666666666,4,1.0,0.0,0.0
Metaphyseal dysplasia,110.0,110.0,1.0,1.0,110.0,110.0,1,1.0,0.0,0.0
Metatropic dysplasia,310.0,310.0,1.0,1.0,310.0,310.0,1,1.0,0.0,0.0
Methylmalonic acidemia,35.0,54.8,5.0,1.0,35.0,54.8,5,1.0,0.0,0.0
Mevalonic aciduria,122.0,163.0,3.0,1.0,122.0,163.0,3,1.0,0.0,0.0
Microcephalic osteodysplastic primordial dwarfism type II,148.0,148.0,1.0,1.0,148.0,148.0,1,1.0,0.0,0.0
Microphthalmia with limb anomalies,47.0,47.0,1.0,1.0,47.0,47.0,1,1.0,0.0,0.0
Microvillus inclusion disease,101.5,101.5,2.0,1.0,101.5,101.5,2,1.0,0.0,0.0
Miller-Dieker lissencephaly syndrome,335.0,382.6666666666667,3.0,1.0,335.0,382.6666666666667,3,1.0,0.0,0.0
Mismatch repair cancer syndrome,732.5,708.0,4.0,1.0,732.5,708.0,4,1.0,0.0,0.0
Mitochondrial DNA depletion syndrome 13,53.0,53.0,1.0,1.0,53.0,53.0,1,1.0,0.0,0.0
Mitochondrial DNA depletion syndrome 2,58.0,58.0,1.0,1.0,58.0,58.0,1,1.0,0.0,0.0
Mitochondrial DNA depletion syndrome 3,57.0,57.0,1.0,1.0,57.0,57.0,1,1.0,0.0,0.0
Mitochondrial DNA depletion syndrome 4b,189.0,214.0,3.0,1.0,189.0,214.0,3,1.0,0.0,0.0
Mitochondrial DNA depletion syndrome 5,116.0,116.0,1.0,1.0,116.0,116.0,1,1.0,0.0,0.0
Mitochondrial DNA depletion syndrome 6,57.0,57.0,1.0,1.0,57.0,57.0,1,1.0,0.0,0.0
Mitochondrial DNA depletion syndrome 7,140.0,140.0,1.0,1.0,140.0,140.0,1,1.0,0.0,0.0
Mitochondrial DNA depletion syndrome 8a,104.0,104.0,1.0,1.0,104.0,104.0,1,1.0,0.0,0.0
Mitochondrial complex I deficiency,70.0,81.5,34.0,0.8095238095238095,70.0,81.91428571428571,34,0.8095238095238095,0.0,0.41428571428571104
Mitochondrial complex III deficiency,62.5,79.5,8.0,0.8888888888888888,62.5,79.5,8,0.8888888888888888,0.0,0.0
Mitochondrial trifunctional protein deficiency,278.5,278.5,2.0,1.0,278.5,278.5,2,1.0,0.0,0.0
Miyoshi muscular dystrophy,120.5,120.5,2.0,1.0,120.5,120.5,2,1.0,0.0,0.0
Myeloid and lymphoid neoplasms associated with PDGFRA rearrangement,368.0,368.0,2.0,1.0,368.0,368.0,2,1.0,0.0,0.0
Primary spontaneous pneumothorax,169.0,169.0,1.0,1.0,169.0,169.0,1,1.0,0.0,0.0
Primary hyperoxaluria,58.0,71.66666666666667,3.0,1.0,58.0,71.66666666666667,3,1.0,0.0,0.0
Von Hippel-Lindau disease,916.0,916.0,1.0,1.0,916.0,916.0,1,1.0,0.0,0.0
Warfarin sensitivity,300.0,406.2,5.0,1.0,300.0,406.2,5,1.0,0.0,0.0
Warfarin resistance,460.0,726.7142857142857,7.0,1.0,460.0,726.7142857142857,7,1.0,0.0,0.0
Walker-Warburg syndrome,49.0,58.61538461538461,13.0,1.0,49.0,58.61538461538461,13,1.0,0.0,0.0
Waardenburg syndrome,260.0,293.7142857142857,6.0,1.0,260.0,293.7142857142857,6,1.0,0.0,0.0
WAGR syndrome,758.0,1245.6666666666667,3.0,1.0,758.0,1245.6666666666667,3,1.0,0.0,0.0
Von Willebrand's disease,1033.0,1033.0,1.0,1.0,1033.0,1033.0,1,1.0,0.0,0.0
Vohwinkel syndrome,860.0,860.0,1.0,0.5,860.0,860.0,1,0.5,0.0,0.0
Primary hypoalphalipoproteinemia 1,987.5,987.5,2.0,1.0,987.5,987.5,2,1.0,0.0,0.0
Vitiligo,394.5,394.5,2.0,1.0,394.5,394.5,2,1.0,0.0,0.0
Vitelliform macular dystrophy,158.5,158.5,2.0,1.0,158.5,158.5,2,1.0,0.0,0.0
Vitamin D-dependent rickets,172.5,172.5,2.0,1.0,172.5,172.5,2,1.0,0.0,0.0
Vici syndrome,45.0,45.0,1.0,1.0,45.0,45.0,1,1.0,0.0,0.0
Vibratory urticaria,54.0,54.0,1.0,1.0,54.0,54.0,1,1.0,0.0,0.0
Vestibular schwannomatosis,405.0,405.0,1.0,1.0,405.0,405.0,1,1.0,0.0,0.0
Warsaw breakage syndrome,75.0,75.0,1.0,1.0,75.0,75.0,1,1.0,0.0,0.0
Weaver syndrome,1545.0,1545.0,1.0,1.0,1545.0,1545.0,1,1.0,0.0,0.0
Weill-Marchesani syndrome,278.0,278.0,2.0,1.0,278.0,278.0,2,1.0,0.0,0.0
Werner syndrome,372.0,372.0,1.0,1.0,372.0,372.0,1,1.0,0.0,0.0
Weyers acrofacial dysostosis,38.5,38.5,2.0,1.0,38.5,38.5,2,1.0,0.0,0.0
White sponge nevus,86.0,86.0,2.0,1.0,86.0,86.0,2,1.0,0.0,0.0
White-Sutton syndrome,137.0,137.0,1.0,1.0,137.0,137.0,1,1.0,0.0,0.0
Wiedemann-Rautenstrauch syndrome,130.0,130.0,1.0,1.0,130.0,130.0,1,1.0,0.0,0.0
Wild type beta-2-microglobulin-related Amyloidosis,396.5,1532.5,4.0,1.0,396.5,1532.5,4,1.0,0.0,0.0
Wild-type transthyretin-related Amyloidosis,663.0,663.0,1.0,1.0,663.0,663.0,1,1.0,0.0,0.0
Williams-Beuren syndrome,71.0,106.53333333333333,27.0,0.9642857142857143,71.0,106.53333333333333,27,0.9642857142857143,0.0,0.0
Wilson disease,625.5,625.5,2.0,1.0,625.5,625.5,2,1.0,0.0,0.0
Winchester syndrome,608.0,608.0,1.0,1.0,608.0,608.0,1,1.0,0.0,0.0
Wiskott-Aldrich syndrome,272.0,272.0,1.0,1.0,272.0,272.0,1,1.0,0.0,0.0
Wolf-Hirschhorn syndrome,146.5,133.5,4.0,1.0,146.5,133.5,4,1.0,0.0,0.0
Wolff-Parkinson-White syndrome,149.0,149.0,1.0,1.0,149.0,149.0,1,1.0,0.0,0.0
Wolfram syndrome,188.5,188.5,2.0,1.0,188.5,188.5,2,1.0,0.0,0.0
Very long chain acyl-CoA dehydrogenase deficiency,138.0,138.0,1.0,1.0,138.0,138.0,1,1.0,0.0,0.0
Variably Protease-Sensitive Prionopathy,863.0,863.0,1.0,1.0,863.0,863.0,1,1.0,0.0,0.0
Van der Woude syndrome,127.0,127.0,2.0,1.0,127.0,127.0,2,1.0,0.0,0.0
Trichorhinophalangeal syndrome type I,173.0,173.0,1.0,1.0,173.0,173.0,1,1.0,0.0,0.0
Thiopurine S-methyltransferase deficiency,312.0,312.0,1.0,1.0,312.0,312.0,1,1.0,0.0,0.0
Thoracic aortic aneurysm,419.5,453.0,8.0,1.0,419.5,453.0,8,1.0,0.0,0.0
Thrombotic thrombocytopenic purpura,539.0,539.0,1.0,1.0,539.0,539.0,1,1.0,0.0,0.0
Thyroid gland medullary carcinoma,169.5,1036.0,6.0,1.0,169.5,1036.0,6,1.0,0.0,0.0
Tibial muscular dystrophy,467.0,467.0,1.0,1.0,467.0,467.0,1,1.0,0.0,0.0
Tietz syndrome,386.0,386.0,1.0,1.0,386.0,386.0,1,1.0,0.0,0.0
Timothy syndrome,396.0,396.0,1.0,1.0,396.0,396.0,1,1.0,0.0,0.0
Torrance type platyspondylic dysplasia,381.0,381.0,1.0,1.0,381.0,381.0,1,1.0,0.0,0.0
Torsion dystonia 6,105.0,105.0,1.0,1.0,105.0,105.0,1,1.0,0.0,0.0
Townes-Brocks syndrome,87.0,87.0,1.0,1.0,87.0,87.0,1,1.0,0.0,0.0
Transcobalamin II deficiency,146.0,146.0,1.0,1.0,146.0,146.0,1,1.0,0.0,0.0
Transient myeloproliferative syndrome,475.0,475.0,2.0,1.0,475.0,475.0,2,1.0,0.0,0.0
Transthyretin amyloidosis,663.0,663.0,1.0,1.0,663.0,663.0,1,1.0,0.0,0.0
Treacher Collins syndrome,151.0,155.66666666666666,3.0,1.0,151.0,155.66666666666666,3,1.0,0.0,0.0
Trichorhinophalangeal syndrome type II,173.0,179.0,3.0,1.0,173.0,179.0,3,1.0,0.0,0.0
VEXAS syndrome,343.0,343.0,1.0,1.0,343.0,343.0,1,1.0,0.0,0.0
Trichothiodystrophy,123.0,195.5,10.0,1.0,123.0,195.5,10,1.0,0.0,0.0
Trimethylaminuria,132.0,132.0,1.0,1.0,132.0,132.0,1,1.0,0.0,0.0
Triosephosphate isomerase deficiency,237.0,237.0,1.0,1.0,237.0,237.0,1,1.0,0.0,0.0
Troyer syndrome,131.0,131.0,1.0,1.0,131.0,131.0,1,1.0,0.0,0.0
Tuberous sclerosis,446.5,446.5,2.0,1.0,446.5,446.5,2,1.0,0.0,0.0
Turner syndrome,138.0,138.0,1.0,1.0,138.0,138.0,1,1.0,0.0,0.0
Type 1 diabetes mellitus,934.5,1287.357142857143,14.0,1.0,934.5,1287.357142857143,14,1.0,0.0,0.0
Type 2 diabetes mellitus,284.0,1476.25,4.0,1.0,284.0,1476.25,4,1.0,0.0,0.0
Tyrosinemia,40.0,47.333333333333336,3.0,1.0,40.0,47.333333333333336,3,1.0,0.0,0.0
UV-sensitive syndrome,109.0,139.66666666666666,3.0,1.0,109.0,139.66666666666666,3,1.0,0.0,0.0
Ulcerative colitis,266.5,628.6666666666666,6.0,1.0,266.5,628.6666666666666,6,1.0,0.0,0.0
Urinary bladder cancer,716.0,1428.5555555555557,27.0,1.0,716.0,1428.5555555555557,27,1.0,0.0,0.0
Urofacial syndrome,60.0,60.0,1.0,1.0,60.0,60.0,1,1.0,0.0,0.0
Usher syndrome,82.0,88.8,11.0,1.0,82.0,88.8,11,1.0,0.0,0.0
Woodhouse-Sakati syndrome,34.0,34.0,1.0,1.0,34.0,34.0,1,1.0,0.0,0.0
X-linked Aarskog syndrome,65.0,65.0,1.0,1.0,65.0,65.0,1,1.0,0.0,0.0
X-linked adrenal hypoplasia congenita,167.0,167.0,1.0,1.0,167.0,167.0,1,1.0,0.0,0.0
maturity-onset diabetes of the young,247.5,313.64285714285717,14.0,1.0,247.5,313.64285714285717,14,1.0,0.0,0.0
cone-rod dystrophy,59.0,94.21311475409836,39.0,0.9512195121951219,59.0,94.21311475409836,39,0.9512195121951219,0.0,0.0
"contractures, pterygia, and spondylocarpotarsal fusion syndrome",50.0,52.5,4.0,1.0,50.0,52.5,4,1.0,0.0,0.0
corticosteroid-binding globulin deficiency,108.0,108.0,1.0,1.0,108.0,108.0,1,1.0,0.0,0.0
craniofacial-deafness-hand syndrome,258.0,258.0,1.0,1.0,258.0,258.0,1,1.0,0.0,0.0
deafness-dystonia-optic neuronopathy syndrome,84.0,84.0,1.0,1.0,84.0,84.0,1,1.0,0.0,0.0
dentatorubral-pallidoluysian atrophy,114.0,114.0,1.0,1.0,114.0,114.0,1,1.0,0.0,0.0
"dystonia, DOPA-responsive",226.0,182.66666666666666,3.0,1.0,226.0,182.66666666666666,3,1.0,0.0,0.0
"fructose-1,6-bisphosphatase deficiency",80.0,80.0,1.0,1.0,80.0,80.0,1,1.0,0.0,0.0
hand-foot-genital syndrome,103.0,103.0,1.0,1.0,103.0,103.0,1,1.0,0.0,0.0
hemolytic-uremic syndrome,143.0,270.72727272727275,11.0,1.0,143.0,270.72727272727275,11,1.0,0.0,0.0
histiocytosis-lymphadenopathy plus syndrome,52.0,52.0,1.0,1.0,52.0,52.0,1,1.0,0.0,0.0
hyperferritinemia-cataract syndrome,241.0,241.0,1.0,1.0,241.0,241.0,1,1.0,0.0,0.0
limb-girdle muscular dystrophy,72.0,128.92753623188406,41.0,0.9761904761904762,72.0,128.92753623188406,41,0.9761904761904762,0.0,0.0
lymphedema-distichiasis syndrome,169.0,169.0,1.0,1.0,169.0,169.0,1,1.0,0.0,0.0
megacystis-microcolon-intestinal hypoperistalsis syndrome,139.0,123.25,4.0,1.0,139.0,123.25,4,1.0,0.0,0.0
cartilage-hair hypoplasia,70.0,70.0,1.0,1.0,70.0,70.0,1,1.0,0.0,0.0
"microcephaly, seizures, and developmental delay",117.0,117.0,1.0,1.0,117.0,117.0,1,1.0,0.0,0.0
myostatin-related muscle hypertrophy,225.0,225.0,1.0,1.0,225.0,225.0,1,1.0,0.0,0.0
nail-patella syndrome,96.0,96.0,1.0,1.0,96.0,96.0,1,1.0,0.0,0.0
obsessive-compulsive disorder,1567.5,1567.5,2.0,1.0,1567.5,1567.5,2,1.0,0.0,0.0
osteoporosis-pseudoglioma syndrome,325.0,325.0,1.0,1.0,325.0,325.0,1,1.0,0.0,0.0
platelet-type bleeding disorder 11,220.0,220.0,1.0,1.0,220.0,220.0,1,1.0,0.0,0.0
proteasome-associated autoinflammatory syndrome 1,167.0,167.0,1.0,1.0,167.0,167.0,1,1.0,0.0,0.0
pyridoxine-dependent epilepsy,123.0,123.0,1.0,1.0,123.0,123.0,1,1.0,0.0,0.0
scalp-ear-nipple syndrome,43.0,43.0,1.0,1.0,43.0,43.0,1,1.0,0.0,0.0
short-rib thoracic dysplasia 9 with or without polydactyly,42.0,42.0,1.0,1.0,42.0,42.0,1,1.0,0.0,0.0
speech-language disorder-1,184.0,184.0,1.0,1.0,184.0,184.0,1,1.0,0.0,0.0
tarsal-carpal coalition syndrome,113.0,113.0,1.0,1.0,113.0,113.0,1,1.0,0.0,0.0
thiamine-responsive megaloblastic anemia syndrome,84.0,84.0,1.0,1.0,84.0,84.0,1,1.0,0.0,0.0
thrombocytopenia-absent radius syndrome,183.0,183.0,1.0,1.0,183.0,183.0,1,1.0,0.0,0.0
cold-induced sweating syndrome,39.0,39.0,2.0,1.0,39.0,39.0,2,1.0,0.0,0.0
carnitine-acylcarnitine translocase deficiency,54.0,54.0,1.0,1.0,54.0,54.0,1,1.0,0.0,0.0
X-linked agammaglobulinemia,304.0,246.66666666666666,3.0,1.0,304.0,246.66666666666666,3,1.0,0.0,0.0
X-linked spondyloepiphyseal dysplasia tarda,66.0,66.0,1.0,1.0,66.0,66.0,1,1.0,0.0,0.0
X-linked cardiac valvular dysplasia,697.0,697.0,1.0,1.0,697.0,697.0,1,1.0,0.0,0.0
X-linked chondrodysplasia punctata 1,30.0,30.0,1.0,1.0,30.0,30.0,1,1.0,0.0,0.0
X-linked chondrodysplasia punctata 2,83.0,83.0,1.0,1.0,83.0,83.0,1,1.0,0.0,0.0
X-linked dilated cardiomyopathy,585.0,585.0,1.0,1.0,585.0,585.0,1,1.0,0.0,0.0
X-linked dystonia-parkinsonism,243.0,243.0,1.0,1.0,243.0,243.0,1,1.0,0.0,0.0
X-linked hyper IgM syndrome,548.0,548.0,1.0,1.0,548.0,548.0,1,1.0,0.0,0.0
"X-linked immunodeficiency with magnesium defect, Epstein-Barr virus infection, and neoplasia",129.0,129.0,1.0,1.0,129.0,129.0,1,1.0,0.0,0.0
X-linked intellectual developmental disorder 109,56.0,56.0,1.0,1.0,56.0,56.0,1,1.0,0.0,0.0
X-linked intellectual disability-psychosis-macroorchidism syndrome,736.0,736.0,1.0,1.0,736.0,736.0,1,1.0,0.0,0.0
X-linked juvenile retinoschisis 1,101.0,101.0,1.0,1.0,101.0,101.0,1,1.0,0.0,0.0
X-linked lissencephaly 2,65.0,65.0,2.0,1.0,65.0,65.0,2,1.0,0.0,0.0
X-linked severe combined immunodeficiency,158.0,158.0,1.0,1.0,158.0,158.0,1,1.0,0.0,0.0
X-linked sideroblastic anemia with ataxia,103.0,103.0,1.0,1.0,103.0,103.0,1,1.0,0.0,0.0
X-linked spinal muscular atrophy 2,343.0,343.0,1.0,1.0,343.0,343.0,1,1.0,0.0,0.0
X-linked thrombocytopenia with beta-thalassemia,326.0,326.0,1.0,1.0,326.0,326.0,1,1.0,0.0,0.0
camptodactyly-arthropathy-coxa vara-pericarditis syndrome,303.0,306.6666666666667,3.0,1.0,303.0,306.6666666666667,3,1.0,0.0,0.0
Xanthinuria,97.5,97.5,2.0,1.0,97.5,97.5,2,1.0,0.0,0.0
Xeroderma pigmentosum,271.0,373.09090909090907,9.0,1.0,271.0,373.09090909090907,9,1.0,0.0,0.0
Xia-Gibbs Syndrome,62.0,62.0,1.0,1.0,62.0,62.0,1,1.0,0.0,0.0
Zellweger syndrome,60.5,70.875,13.0,1.0,60.5,70.875,13,1.0,0.0,0.0
adult-onset autosomal dominant demyelinating leukodystrophy,372.0,372.0,1.0,1.0,372.0,372.0,1,1.0,0.0,0.0
adult-onset leukoencephalopathy with axonal spheroids and pigmented glia,271.0,271.0,1.0,1.0,271.0,271.0,1,1.0,0.0,0.0
alpha-mannosidosis,76.0,76.0,1.0,1.0,76.0,76.0,1,1.0,0.0,0.0
alpha-methylacyl-CoA racemase deficiency,134.0,134.0,1.0,1.0,134.0,134.0,1,1.0,0.0,0.0
ankyloblepharon-ectodermal defects-cleft lip/palate syndrome,963.0,963.0,1.0,1.0,963.0,963.0,1,1.0,0.0,0.0
ankyrin-B-related cardiac arrhythmia,137.0,137.0,1.0,1.0,137.0,137.0,1,1.0,0.0,0.0
beta-ketothiolase deficiency,174.0,174.0,1.0,1.0,174.0,174.0,1,1.0,0.0,0.0
beta-mannosidosis,54.0,54.0,1.0,1.0,54.0,54.0,1,1.0,0.0,0.0
biotin-responsive basal ganglia disease,61.0,61.0,1.0,1.0,61.0,61.0,1,1.0,0.0,0.0
"blepharophimosis, ptosis, and epicanthus inversus syndrome",219.0,219.0,1.0,1.0,219.0,219.0,1,1.0,0.0,0.0
Thanatophoric dysplasia,615.0,615.0,1.0,1.0,615.0,615.0,1,1.0,0.0,0.0
Tetraamelia syndrome,70.5,70.5,2.0,1.0,70.5,70.5,2,1.0,0.0,0.0
Terminal osseous dysplasia,697.0,697.0,1.0,1.0,697.0,697.0,1,1.0,0.0,0.0
Roberts syndrome,59.0,59.0,1.0,1.0,59.0,59.0,1,1.0,0.0,0.0
RNASET2-deficient cystic leukoencephalopathy,73.0,73.0,1.0,1.0,73.0,73.0,1,1.0,0.0,0.0
Rapadilino syndrome,137.0,137.0,1.0,1.0,137.0,137.0,1,1.0,0.0,0.0
Refsum disease,52.5,52.5,2.0,1.0,52.5,52.5,2,1.0,0.0,0.0
Renal cell carcinoma,183.5,183.5,2.0,1.0,183.5,183.5,2,1.0,0.0,0.0
Renal coloboma syndrome,190.0,190.0,1.0,1.0,190.0,190.0,1,1.0,0.0,0.0
Renpenning syndrome,122.0,122.0,1.0,1.0,122.0,122.0,1,1.0,0.0,0.0
Restless legs syndrome,98.0,89.16666666666667,6.0,1.0,98.0,89.16666666666667,6,1.0,0.0,0.0
Restrictive cardiomyopathy,349.0,332.8,5.0,1.0,349.0,332.8,5,1.0,0.0,0.0
Retinitis pigmentosa,56.0,99.47402597402598,108.0,0.972972972972973,56.0,99.47402597402598,108,0.972972972972973,0.0,0.0
Retinoblastoma,511.0,654.3333333333334,3.0,1.0,511.0,654.3333333333334,3,1.0,0.0,0.0
Rett syndrome,736.0,736.0,1.0,1.0,736.0,736.0,1,1.0,0.0,0.0
Rhizomelic chondrodysplasia punctata,77.0,88.14285714285714,4.0,1.0,77.0,88.14285714285714,4,1.0,0.0,0.0
Right atrial isomerism,51.5,121.2,20.0,1.0,51.5,121.2,20,1.0,0.0,0.0
Riley-Day syndrome,177.0,177.0,1.0,1.0,177.0,177.0,1,1.0,0.0,0.0
Robinow syndrome,116.5,153.75,8.0,1.0,116.5,153.75,8,1.0,0.0,0.0
Pyruvate decarboxylase deficiency,168.0,148.4,5.0,1.0,168.0,148.4,5,1.0,0.0,0.0
Rosacea,1913.0,1883.0,4.0,1.0,1913.0,1883.0,4,1.0,0.0,0.0
Rothmund-Thomson syndrome,137.0,137.0,1.0,1.0,137.0,137.0,1,1.0,0.0,0.0
Rubinstein-Taybi syndrome,1007.0,848.6666666666666,3.0,1.0,1007.0,848.6666666666666,3,1.0,0.0,0.0
SADDAN,615.0,615.0,1.0,1.0,615.0,615.0,1,1.0,0.0,0.0
SATB2-associated syndrome,194.0,194.0,1.0,1.0,194.0,194.0,1,1.0,0.0,0.0
SHORT syndrome,872.0,872.0,1.0,1.0,872.0,872.0,1,1.0,0.0,0.0
SOST-related sclerosing bone dysplasia,330.0,330.0,1.0,1.0,330.0,330.0,1,1.0,0.0,0.0
STING-associated vasculopathy with onset in infancy,501.0,501.0,1.0,1.0,501.0,501.0,1,1.0,0.0,0.0
Saethre-Chotzen syndrome,748.0,748.0,1.0,1.0,748.0,748.0,1,1.0,0.0,0.0
Sandhoff disease,138.0,138.0,1.0,1.0,138.0,138.0,1,1.0,0.0,0.0
Saul-Wilson syndrome,56.0,56.0,1.0,1.0,56.0,56.0,1,1.0,0.0,0.0
Schimke immuno-osseous dysplasia,102.0,102.0,1.0,1.0,102.0,102.0,1,1.0,0.0,0.0
Schindler disease,52.0,52.0,1.0,1.0,52.0,52.0,1,1.0,0.0,0.0
Schinzel Giedion syndrome,86.0,86.0,1.0,1.0,86.0,86.0,1,1.0,0.0,0.0
Pyruvate kinase deficiency of red cells,143.0,143.0,1.0,1.0,143.0,143.0,1,1.0,0.0,0.0
Pyruvate carboxylase deficiency disease,166.0,166.0,1.0,1.0,166.0,166.0,1,1.0,0.0,0.0
Schizophrenia,123.0,562.3125,16.0,0.9411764705882353,123.0,562.3125,16,0.9411764705882353,0.0,0.0
Progressive supranuclear palsy,2219.0,2219.0,1.0,1.0,2219.0,2219.0,1,1.0,0.0,0.0
Primary hypomagnesemia,71.0,71.0,1.0,1.0,71.0,71.0,1,1.0,0.0,0.0
Primary ovarian insufficiency 1,914.0,914.0,1.0,1.0,914.0,914.0,1,1.0,0.0,0.0
Primary polycythemia,367.0,461.8,6.0,1.0,367.0,461.8,6,1.0,0.0,0.0
Primary pulmonary hypertension,139.5,289.5,10.0,1.0,139.5,289.5,10,1.0,0.0,0.0
Klinefelter syndrome,85.0,114.72727272727273,33.0,1.0,85.0,114.72727272727273,33,1.0,0.0,0.0
Prion disease,863.0,863.0,1.0,1.0,863.0,1012.8823529411765,10,1.0,0.0,149.88235294117646
Progeria,1073.0,1073.0,1.0,1.0,1073.0,1073.0,1,1.0,0.0,0.0
Progressive familial heart block,108.0,257.5,4.0,1.0,108.0,257.5,4,1.0,0.0,0.0
Progressive familial intrahepatic cholestasis,172.0,145.33333333333334,3.0,1.0,172.0,145.33333333333334,3,1.0,0.0,0.0
Progressive myoclonus epilepsy 1A,162.0,162.0,1.0,1.0,162.0,162.0,1,1.0,0.0,0.0
Progressive myoclonus epilepsy 1B,49.0,49.0,1.0,1.0,49.0,49.0,1,1.0,0.0,0.0
Progressive myoclonus epilepsy 4,142.0,142.0,1.0,1.0,142.0,142.0,1,1.0,0.0,0.0
Progressive osseous heteroplasia,691.0,691.0,1.0,1.0,691.0,691.0,1,1.0,0.0,0.0
Progressive pseudorheumatoid arthropathy of childhood,78.0,78.0,1.0,1.0,78.0,78.0,1,1.0,0.0,0.0
Prolactinoma,344.0,344.0,1.0,1.0,344.0,344.0,1,1.0,0.0,0.0
Pyridoxamine 5'-phosphate oxidase deficiency,52.0,52.0,1.0,1.0,52.0,52.0,1,1.0,0.0,0.0
Prolidase deficiency,135.0,135.0,1.0,1.0,135.0,135.0,1,1.0,0.0,0.0
Propionic acidemia,130.0,130.0,2.0,1.0,130.0,130.0,2,1.0,0.0,0.0
Prostate cancer,270.0,786.9444444444445,36.0,1.0,270.0,786.9444444444445,36,1.0,0.0,0.0
Protein C deficiency,403.0,403.0,1.0,1.0,403.0,403.0,1,1.0,0.0,0.0
Protein S deficiency,260.0,260.0,1.0,1.0,260.0,260.0,1,1.0,0.0,0.0
Proteus syndrome,3744.0,3744.0,1.0,1.0,3744.0,3744.0,1,1.0,0.0,0.0
Prothrombin deficiency,1486.0,1486.0,1.0,1.0,1486.0,1486.0,1,1.0,0.0,0.0
Prothrombin thrombophilia,1486.0,1486.0,1.0,1.0,1486.0,1486.0,1,1.0,0.0,0.0
Pseudoachondroplasia,194.0,194.0,1.0,1.0,194.0,194.0,1,1.0,0.0,0.0
Pseudoxanthoma elasticum,151.0,151.0,1.0,1.0,151.0,151.0,1,1.0,0.0,0.0
Psoriatic arthritis,667.5,1013.875,8.0,1.0,667.5,1013.875,8,1.0,0.0,0.0
Pulmonary alveolar microlithiasis,63.0,63.0,1.0,1.0,63.0,63.0,1,1.0,0.0,0.0
Pulmonary venoocclusive disease,246.0,246.0,2.0,1.0,246.0,246.0,2,1.0,0.0,0.0
Purine nucleoside phosphorylase deficiency,129.0,129.0,1.0,1.0,129.0,129.0,1,1.0,0.0,0.0
Schizoaffective disorder,54.5,61.333333333333336,6.0,1.0,54.5,61.333333333333336,6,1.0,0.0,0.0
Schnitzler syndrome,183.5,183.5,2.0,1.0,183.5,183.5,2,1.0,0.0,0.0
Tay-Sachs disease,160.0,160.0,1.0,1.0,160.0,160.0,1,1.0,0.0,0.0
Sturge-Weber syndrome,240.5,240.5,2.0,1.0,240.5,240.5,2,1.0,0.0,0.0
Spinocerebellar ataxia type 2,291.0,291.0,1.0,1.0,291.0,291.0,1,1.0,0.0,0.0
Spinocerebellar ataxia type 36,251.0,251.0,1.0,1.0,251.0,251.0,1,1.0,0.0,0.0
Spinocerebellar ataxia type 6,274.0,274.0,1.0,1.0,274.0,274.0,1,1.0,0.0,0.0
Spinocerebellar ataxia with axonal neuropathy 2,117.0,344.8,5.0,1.0,117.0,344.8,5,1.0,0.0,0.0
Spondylocarpotarsal synostosis syndrome,160.0,160.0,2.0,1.0,160.0,160.0,2,1.0,0.0,0.0
Spondylocostal dysostosis,23.0,27.428571428571427,6.0,1.0,23.0,27.428571428571427,6,1.0,0.0,0.0
Spondyloepiphyseal dysplasia congenita,381.0,381.0,1.0,1.0,381.0,381.0,1,1.0,0.0,0.0
Spondyloepiphyseal dysplasia with congenital joint dislocations,45.0,45.0,1.0,1.0,45.0,45.0,1,1.0,0.0,0.0
Spondyloperipheral dysplasia,381.0,381.0,1.0,1.0,381.0,381.0,1,1.0,0.0,0.0
Stargardt disease,198.0,198.0,2.0,1.0,198.0,198.0,2,1.0,0.0,0.0
Steatocystoma multiplex,215.0,215.0,1.0,1.0,215.0,215.0,1,1.0,0.0,0.0
Stevens-Johnson syndrome,2215.0,2215.0,1.0,1.0,2215.0,2215.0,1,1.0,0.0,0.0
Stickler syndrome,68.0,115.75,7.0,1.0,68.0,115.75,7,1.0,0.0,0.0
Stormorken syndrome,545.0,545.0,1.0,1.0,545.0,545.0,1,1.0,0.0,0.0
Subcortical band heterotopia,165.0,165.0,2.0,1.0,165.0,165.0,2,1.0,0.0,0.0
Spinal muscular atrophy with progressive myoclonic epilepsy,120.0,120.0,1.0,1.0,120.0,120.0,1,1.0,0.0,0.0
Succinic semialdehyde dehydrogenase deficiency,104.0,104.0,1.0,1.0,104.0,104.0,1,1.0,0.0,0.0
Supravalvular aortic stenosis,311.0,311.0,1.0,1.0,311.0,311.0,1,1.0,0.0,0.0
Syndromic X-linked intellectual disability Lubs type,736.0,736.0,1.0,1.0,736.0,736.0,1,1.0,0.0,0.0
Syndromic X-linked intellectual disability Siderius type,122.0,122.0,1.0,1.0,122.0,122.0,1,1.0,0.0,0.0
Syndromic X-linked intellectual disability Snyder type,64.0,64.0,1.0,1.0,64.0,64.0,1,1.0,0.0,0.0
Syndromic microphthalmia 2,198.0,198.0,1.0,1.0,198.0,198.0,1,1.0,0.0,0.0
Syndromic microphthalmia 3,815.0,815.0,1.0,1.0,815.0,815.0,1,1.0,0.0,0.0
Systemic lupus erythematosus,245.0,389.35,27.0,1.0,245.0,389.35,27,1.0,0.0,0.0
Systemic mastocytosis,541.5,625.0,6.0,1.0,541.5,625.0,6,1.0,0.0,0.0
Systemic primary carnitine deficiency disease,199.0,199.0,1.0,1.0,199.0,199.0,1,1.0,0.0,0.0
Systemic scleroderma,225.0,255.16666666666666,6.0,1.0,225.0,255.16666666666666,6,1.0,0.0,0.0
"T-cell immunodeficiency, congenital alopecia, and nail dystrophy",37.0,37.0,1.0,1.0,37.0,37.0,1,1.0,0.0,0.0
Tangier disease,849.0,849.0,1.0,1.0,849.0,849.0,1,1.0,0.0,0.0
Tatton-Brown-Rahman syndrome,612.0,612.0,1.0,1.0,612.0,612.0,1,1.0,0.0,0.0
Spinocerebellar ataxia type 1,169.0,169.0,1.0,1.0,169.0,169.0,1,1.0,0.0,0.0
Spinal muscular atrophy with lower extremity predominant,234.0,234.0,2.0,1.0,234.0,234.0,2,1.0,0.0,0.0
Schuurs-Hoeijmakers Syndrome,82.0,82.0,1.0,1.0,82.0,82.0,1,1.0,0.0,0.0
Sialuria,147.0,147.0,1.0,1.0,147.0,147.0,1,1.0,0.0,0.0
Schwannomatosis,405.0,335.0,3.0,1.0,405.0,352.5,3,1.0,0.0,17.5
Schwartz-Jampel syndrome 1,211.0,211.0,1.0,1.0,211.0,211.0,1,1.0,0.0,0.0
Seasonal affective disorder,169.5,254.83333333333334,6.0,0.8571428571428571,169.5,254.83333333333334,6,0.8571428571428571,0.0,0.0
Seborrheic keratosis,289.5,353.1666666666667,6.0,1.0,289.5,353.1666666666667,6,1.0,0.0,0.0
Senile Seminal Vesicle Amyloidosis,95.0,95.0,1.0,1.0,95.0,95.0,1,1.0,0.0,0.0
Senior-Loken syndrome,68.5,86.3,6.0,1.0,68.5,86.3,6,1.0,0.0,0.0
"Sensory ataxic neuropathy, dysarthria, and ophthalmoparesis",244.5,244.5,2.0,1.0,244.5,244.5,2,1.0,0.0,0.0
Sepiapterin reductase deficiency,65.0,65.0,1.0,1.0,65.0,65.0,1,1.0,0.0,0.0
Septooptic dysplasia,98.5,265.5,4.0,1.0,98.5,265.5,4,1.0,0.0,0.0
Severe congenital encephalopathy due to MECP2 mutation,736.0,736.0,1.0,1.0,736.0,736.0,1,1.0,0.0,0.0
Severe congenital neutropenia,98.0,155.0,9.0,1.0,98.0,155.0,9,1.0,0.0,0.0
Short QT syndrome,517.0,475.25,4.0,1.0,517.0,475.25,4,1.0,0.0,0.0
Short chain acyl-CoA dehydrogenase deficiency,69.0,69.0,1.0,1.0,69.0,69.0,1,1.0,0.0,0.0
Shwachman-Diamond syndrome,85.0,81.75,4.0,1.0,85.0,81.75,4,1.0,0.0,0.0
Sick sinus syndrome,100.0,306.0,3.0,1.0,100.0,306.0,3,1.0,0.0,0.0
Spina bifida,3862.0,3862.0,1.0,1.0,3862.0,3862.0,1,1.0,0.0,0.0
Sickle cell disease,871.0,871.0,1.0,1.0,871.0,871.0,1,1.0,0.0,0.0
Sideroblastic anemia 1,76.0,76.0,1.0,1.0,76.0,76.0,1,1.0,0.0,0.0
"Sideroblastic anemia with B-cell immunodeficiency, periodic fevers, and developmental delay",63.0,63.0,1.0,1.0,63.0,63.0,1,1.0,0.0,0.0
Silver-Russell syndrome,532.0,441.2,5.0,1.0,532.0,441.2,5,1.0,0.0,0.0
Simpson-Golabi-Behmel syndrome type 1,101.5,132.75,4.0,1.0,101.5,132.75,4,1.0,0.0,0.0
Sitosterolemia,131.0,131.0,2.0,1.0,131.0,131.0,2,1.0,0.0,0.0
Sjogren's syndrome,663.0,663.0,1.0,1.0,663.0,663.0,1,1.0,0.0,0.0
Sjogren-Larsson syndrome,180.0,180.0,1.0,1.0,180.0,180.0,1,1.0,0.0,0.0
Sly syndrome,92.0,92.0,1.0,1.0,92.0,92.0,1,1.0,0.0,0.0
Smith-Lemli-Opitz syndrome,222.0,222.0,1.0,1.0,222.0,222.0,1,1.0,0.0,0.0
Smith-Magenis syndrome,99.0,99.0,1.0,1.0,99.0,99.0,1,1.0,0.0,0.0
Sotos syndrome,156.0,156.0,1.0,1.0,156.0,156.0,1,1.0,0.0,0.0
Spermatogenic failure 5,80.0,80.0,1.0,1.0,80.0,80.0,1,1.0,0.0,0.0
Spermatogenic failure 9,26.0,26.0,1.0,1.0,26.0,26.0,1,1.0,0.0,0.0
Klippel-Feil syndrome,41.5,40.75,4.0,1.0,41.5,40.75,4,1.0,0.0,0.0
Kallmann syndrome,88.0,133.7560975609756,24.0,1.0,88.0,133.7560975609756,24,1.0,0.0,0.0
Kleefstra syndrome,159.0,159.0,1.0,1.0,159.0,159.0,1,1.0,0.0,0.0
Chromosome 17q12 deletion syndrome,172.5,172.5,2.0,1.0,172.5,172.5,2,1.0,0.0,0.0
Char syndrome,110.0,110.0,1.0,1.0,110.0,110.0,1,1.0,0.0,0.0
Charcot-Marie-Tooth disease,125.0,189.71942446043167,85.0,0.9770114942528736,125.0,188.979020979021,85,0.9770114942528736,0.0,-0.7404034814106808
Charcot-Marie-Tooth disease type 3,182.0,163.25,4.0,1.0,182.0,163.25,4,1.0,0.0,0.0
Charlevoix-Saguenay spastic ataxia,124.0,124.0,1.0,1.0,124.0,124.0,1,1.0,0.0,0.0
Chediak-Higashi syndrome,66.0,66.0,1.0,1.0,66.0,66.0,1,1.0,0.0,0.0
Cherubism,72.0,72.0,1.0,1.0,72.0,72.0,1,1.0,0.0,0.0
Childhood absence epilepsy,141.0,123.8,5.0,1.0,141.0,123.8,5,1.0,0.0,0.0
Cholangiocarcinoma,606.0,1406.0882352941176,34.0,1.0,606.0,1406.0882352941176,34,1.0,0.0,0.0
Chordoma,92.0,92.0,1.0,1.0,92.0,92.0,1,1.0,0.0,0.0
Choreaacanthocytosis,105.0,105.0,1.0,1.0,105.0,105.0,1,1.0,0.0,0.0
Choroideremia,115.0,115.0,1.0,1.0,115.0,115.0,1,1.0,0.0,0.0
Christianson syndrome,55.0,55.0,1.0,1.0,55.0,55.0,1,1.0,0.0,0.0
Chromosome 15q13.3 microdeletion syndrome,46.0,46.0,1.0,1.0,46.0,46.0,1,1.0,0.0,0.0
Chromosome 15q24 deletion syndrome,46.0,46.0,1.0,1.0,46.0,46.0,1,1.0,0.0,0.0
Chromosome 18q deletion syndrome,58.0,114.0,3.0,1.0,58.0,114.0,3,1.0,0.0,0.0
Cerebrotendinous xanthomatosis,128.0,128.0,1.0,1.0,128.0,128.0,1,1.0,0.0,0.0
Chromosome 19p13.13 deletion syndrome,180.5,328.6666666666667,6.0,1.0,180.5,328.6666666666667,6,1.0,0.0,0.0
Chromosome 1p36 deletion syndrome,166.0,474.0,9.0,1.0,166.0,474.0,9,1.0,0.0,0.0
Chromosome 1q21.1 deletion syndrome,82.0,68.44444444444444,9.0,1.0,82.0,68.44444444444444,9,1.0,0.0,0.0
Chromosome 22q11.2 microduplication syndrome,103.0,103.0,1.0,1.0,103.0,103.0,1,1.0,0.0,0.0
Chromosome 2q37 deletion syndrome,366.0,366.0,1.0,1.0,366.0,366.0,1,1.0,0.0,0.0
Chromosome 5q deletion syndrome,284.0,284.0,1.0,0.3333333333333333,284.0,284.0,1,0.3333333333333333,0.0,0.0
Chronic atrial and intestinal dysrhythmia,88.0,88.0,1.0,1.0,88.0,88.0,1,1.0,0.0,0.0
Chronic granulomatous disease,199.0,216.72727272727272,6.0,1.0,199.0,216.72727272727272,6,1.0,0.0,0.0
Chronic myeloid leukemia,499.0,507.6666666666667,3.0,1.0,499.0,507.6666666666667,3,1.0,0.0,0.0
Chronic progressive external ophthalmoplegia,104.0,144.08333333333334,16.0,0.8888888888888888,104.0,144.08333333333334,16,0.8888888888888888,0.0,0.0
Chronic recurrent multifocal osteomyelitis,183.5,183.5,2.0,1.0,183.5,183.5,2,1.0,0.0,0.0
Chylomicron retention disease,69.0,69.0,1.0,1.0,69.0,69.0,1,1.0,0.0,0.0
Citrullinemia,227.5,227.5,2.0,1.0,227.5,227.5,2,1.0,0.0,0.0
Cleidocranial dysplasia,641.0,641.0,1.0,1.0,641.0,641.0,1,1.0,0.0,0.0
Chanarin-Dorfman syndrome,76.0,76.0,1.0,1.0,76.0,76.0,1,1.0,0.0,0.0
Cerebral folate receptor alpha deficiency,171.0,171.0,1.0,1.0,171.0,171.0,1,1.0,0.0,0.0
Bronchiectasis,183.5,183.5,2.0,1.0,183.5,183.5,2,1.0,0.0,0.0
Canavan disease,55.0,55.0,1.0,1.0,55.0,55.0,1,1.0,0.0,0.0
Brugada syndrome,77.0,141.46153846153845,16.0,1.0,77.0,141.46153846153845,16,1.0,0.0,0.0
Brunner Syndrome,651.0,651.0,1.0,1.0,651.0,651.0,1,1.0,0.0,0.0
Burn-McKeown syndrome,55.0,55.0,1.0,1.0,55.0,55.0,1,1.0,0.0,0.0
Buschke-Ollendorff syndrome,180.0,180.0,2.0,1.0,180.0,180.0,2,1.0,0.0,0.0
CADASIL,508.0,508.0,1.0,1.0,508.0,508.0,1,1.0,0.0,0.0
CAKUT,87.0,119.76470588235294,17.0,1.0,87.0,119.76470588235294,17,1.0,0.0,0.0
CHARGE syndrome,209.0,209.0,1.0,1.0,209.0,209.0,1,1.0,0.0,0.0
CHILD syndrome,113.0,113.0,1.0,1.0,113.0,113.0,1,1.0,0.0,0.0
CINCA Syndrome,304.0,551.6666666666666,3.0,1.0,304.0,551.6666666666666,3,1.0,0.0,0.0
CST3-related cerebral amyloid angiopathy,646.0,940.4,4.0,1.0,646.0,940.4,4,1.0,0.0,0.0
Caffey disease,856.0,856.0,1.0,1.0,856.0,856.0,1,1.0,0.0,0.0
Calcifying Epithelial Odontogenic Tumor,27.0,27.0,1.0,1.0,27.0,27.0,1,1.0,0.0,0.0
Campomelic dysplasia,567.0,567.0,1.0,1.0,567.0,567.0,1,1.0,0.0,0.0
Camurati-Engelmann disease,5005.0,5005.0,1.0,1.0,5005.0,5005.0,1,1.0,0.0,0.0
Carbamoyl phosphate synthetase I deficiency disease,167.0,167.0,1.0,1.0,167.0,167.0,1,1.0,0.0,0.0
Cerebral creatine deficiency syndrome 1,113.0,113.0,1.0,1.0,113.0,113.0,1,1.0,0.0,0.0
Cardiofaciocutaneous syndrome,1633.0,1644.0,4.0,1.0,1633.0,1644.0,4,1.0,0.0,0.0
Carney complex,343.0,343.0,1.0,1.0,343.0,343.0,1,1.0,0.0,0.0
Carnitine palmitoyltransferase I deficiency,221.0,221.0,1.0,1.0,221.0,221.0,1,1.0,0.0,0.0
Carnitine palmitoyltransferase II deficiency,128.0,128.0,1.0,1.0,128.0,128.0,1,1.0,0.0,0.0
Carpal tunnel syndrome,355.5,608.375,8.0,1.0,355.5,608.375,8,1.0,0.0,0.0
Carpenter syndrome,49.5,49.5,2.0,1.0,49.5,49.5,2,1.0,0.0,0.0
Castleman disease,183.5,183.5,2.0,1.0,183.5,183.5,2,1.0,0.0,0.0
Cataract,78.0,150.85416666666666,96.0,0.9696969696969697,78.0,150.85416666666666,96,0.9696969696969697,0.0,0.0
Catecholaminergic polymorphic ventricular tachycardia,241.0,251.33333333333334,6.0,1.0,241.0,251.33333333333334,6,1.0,0.0,0.0
Celiac disease,1197.0,1197.0,2.0,1.0,1197.0,1197.0,2,1.0,0.0,0.0
Central diabetes insipidus,333.0,333.0,1.0,1.0,333.0,333.0,1,1.0,0.0,0.0
Central precocious puberty,131.0,172.66666666666666,3.0,1.0,131.0,172.66666666666666,3,1.0,0.0,0.0
Centronuclear myopathy X-linked,99.0,99.0,1.0,1.0,99.0,99.0,1,1.0,0.0,0.0
Cerebral cavernous malformation,137.0,122.66666666666667,3.0,1.0,137.0,122.66666666666667,3,1.0,0.0,0.0
Clouston syndrome,166.0,166.0,1.0,1.0,166.0,166.0,1,1.0,0.0,0.0
Cockayne syndrome,273.0,312.125,6.0,1.0,273.0,312.125,6,1.0,0.0,0.0
Coenzyme Q10 deficiency disease,42.0,48.55555555555556,9.0,1.0,42.0,48.55555555555556,9,1.0,0.0,0.0
Creutzfeldt-Jakob disease,475.0,1017.625,8.0,1.0,475.0,1017.625,8,1.0,0.0,0.0
Congenital myopathy 5,467.0,467.0,1.0,1.0,467.0,467.0,1,1.0,0.0,0.0
Congenital nystagmus 1,63.0,63.0,1.0,1.0,63.0,63.0,1,1.0,0.0,0.0
Congenital stationary night blindness 1B,26.0,28.333333333333332,6.0,1.0,26.0,28.333333333333332,6,1.0,0.0,0.0
Congenital stromal corneal dystrophy,265.0,265.0,1.0,1.0,265.0,265.0,1,1.0,0.0,0.0
Congenital sucrase-isomaltase deficiency,49.0,49.0,1.0,1.0,49.0,49.0,1,1.0,0.0,0.0
Core binding factor acute myeloid leukemia,442.0,747.0,10.0,1.0,442.0,747.0,10,1.0,0.0,0.0
Corneal disease,247.0,304.4,5.0,1.0,247.0,529.6382978723404,36,0.972972972972973,0.0,225.23829787234047
Cornelia de Lange syndrome,223.0,255.71428571428572,7.0,1.0,223.0,255.71428571428572,7,1.0,0.0,0.0
Corticosterone methyloxidase deficiency 1,369.0,369.0,1.0,1.0,369.0,369.0,1,1.0,0.0,0.0
Costello syndrome,823.0,823.0,1.0,1.0,823.0,823.0,1,1.0,0.0,0.0
Cranioectodermal dysplasia,40.5,38.5,4.0,1.0,40.5,38.5,4,1.0,0.0,0.0
"Craniofacial dysmorphism, skeletal anomalies, and mental retardation syndrome",114.0,114.0,1.0,1.0,114.0,114.0,1,1.0,0.0,0.0
Craniofrontonasal syndrome,132.0,132.0,1.0,1.0,132.0,132.0,1,1.0,0.0,0.0
Craniometaphyseal dysplasia,424.5,424.5,2.0,1.0,424.5,424.5,2,1.0,0.0,0.0
Cri-Du-Chat syndrome,98.0,98.0,1.0,1.0,98.0,98.0,1,1.0,0.0,0.0
Coffin-Lowry syndrome,240.0,240.0,1.0,1.0,240.0,240.0,1,1.0,0.0,0.0
Crigler-Najjar syndrome,750.0,750.0,1.0,1.0,750.0,750.0,1,1.0,0.0,0.0
Crohn's disease,506.5,1156.7142857142858,14.0,1.0,506.5,1156.7142857142858,14,1.0,0.0,0.0
Crouzon syndrome,711.0,711.0,1.0,1.0,711.0,711.0,1,1.0,0.0,0.0
Crouzon syndrome-acanthosis nigricans syndrome,615.0,615.0,1.0,1.0,615.0,615.0,1,1.0,0.0,0.0
Cutis laxa,146.5,148.91666666666666,12.0,1.0,146.5,148.91666666666666,12,1.0,0.0,0.0
Cyclic hematopoiesis,336.0,336.0,1.0,1.0,336.0,336.0,1,1.0,0.0,0.0
Cystic fibrosis,304.0,770.3333333333334,3.0,1.0,304.0,770.3333333333334,3,1.0,0.0,0.0
Cystinosis,86.0,86.0,1.0,1.0,86.0,86.0,1,1.0,0.0,0.0
Cystinuria,73.5,73.5,2.0,1.0,73.5,73.5,2,1.0,0.0,0.0
Cytochrome P450 oxidoreductase deficiency,258.0,258.0,1.0,1.0,258.0,258.0,1,1.0,0.0,0.0
Kindler syndrome,94.0,94.0,1.0,1.0,94.0,94.0,1,1.0,0.0,0.0
DICER1 syndrome,648.0,648.0,1.0,1.0,648.0,648.0,1,1.0,0.0,0.0
DOID:0050747,304.0,279.3333333333333,3.0,1.0,304.0,279.3333333333333,3,1.0,0.0,0.0
DOID:12252,451.5,413.0,9.0,1.0,451.5,413.0,9,1.0,0.0,0.0
Congenital myopathy 4A,324.0,277.5,6.0,1.0,324.0,277.5,6,1.0,0.0,0.0
Congenital myopathy 1B,198.0,198.0,2.0,1.0,198.0,198.0,2,1.0,0.0,0.0
Congenital myopathy 1A,345.0,345.0,1.0,1.0,345.0,345.0,1,1.0,0.0,0.0
Congenital myasthenic syndrome,59.5,88.60526315789474,26.0,1.0,59.5,88.60526315789474,26,1.0,0.0,0.0
Coffin-Siris syndrome,232.0,311.0,10.0,1.0,232.0,311.0,10,1.0,0.0,0.0
Cohen syndrome,81.0,81.0,1.0,1.0,81.0,81.0,1,1.0,0.0,0.0
Coloboma,83.0,175.24418604651163,86.0,1.0,83.0,175.24418604651163,86,1.0,0.0,0.0
Combined malonic and methylmalonic acidemia,41.0,41.0,1.0,1.0,41.0,41.0,1,1.0,0.0,0.0
Combined oxidative phosphorylation deficiency 1,86.0,86.0,1.0,1.0,86.0,86.0,1,1.0,0.0,0.0
Combined oxidative phosphorylation deficiency 12,57.0,57.0,1.0,1.0,57.0,57.0,1,1.0,0.0,0.0
Common variable immunodeficiency,189.0,510.6923076923077,13.0,1.0,189.0,510.6923076923077,13,1.0,0.0,0.0
Complement component 2 deficiency,140.0,140.0,1.0,1.0,140.0,140.0,1,1.0,0.0,0.0
Complement factor I deficiency,143.0,143.0,1.0,1.0,143.0,143.0,1,1.0,0.0,0.0
Congenital afibrinogenemia,422.0,412.6666666666667,3.0,1.0,422.0,412.6666666666667,3,1.0,0.0,0.0
Congenital bilateral absence of vas deferens,1944.0,1944.0,1.0,1.0,1944.0,1944.0,1,1.0,0.0,0.0
Congenital bile acid synthesis defect 2,45.0,45.0,1.0,1.0,45.0,45.0,1,1.0,0.0,0.0
Congenital central hypoventilation syndrome,158.0,158.0,1.0,1.0,158.0,158.0,1,1.0,0.0,0.0
Congenital contractural arachnodactyly,118.0,118.0,1.0,1.0,118.0,118.0,1,1.0,0.0,0.0
Congenital diaphragmatic hernia,200.5,200.5,2.0,1.0,200.5,200.5,2,1.0,0.0,0.0
Congenital disorder of glycosylation Ia,113.0,113.0,1.0,1.0,113.0,113.0,1,1.0,0.0,0.0
Congenital disorder of glycosylation Ig,30.0,30.0,1.0,1.0,30.0,30.0,1,1.0,0.0,0.0
Congenital disorder of glycosylation Im,25.0,25.0,1.0,1.0,25.0,25.0,1,1.0,0.0,0.0
Congenital disorder of glycosylation type IIi,55.0,55.0,1.0,1.0,55.0,55.0,1,1.0,0.0,0.0
Congenital disorder of glycosylation type IIm,62.0,62.0,1.0,1.0,62.0,62.0,1,1.0,0.0,0.0
Congenital dyserythropoietic anemia,149.0,191.53846153846155,8.0,0.8888888888888888,149.0,191.53846153846155,8,0.8888888888888888,0.0,0.0
Congenital fibrosis of the extraocular muscles,126.5,166.5,4.0,1.0,126.5,166.5,4,1.0,0.0,0.0
Congenital generalized lipodystrophy,134.0,328.6,6.0,1.0,134.0,328.6,6,1.0,0.0,0.0
Congenital hypothyroidism,182.5,170.28125,20.0,1.0,182.5,170.28125,20,1.0,0.0,0.0
Congenital leptin deficiency,1911.0,1911.0,1.0,1.0,1911.0,1911.0,1,1.0,0.0,0.0
Congenital merosin-deficient muscular dystrophy 1A,134.0,134.0,1.0,1.0,134.0,134.0,1,1.0,0.0,0.0
Congenital mirror movement disorder,202.0,404.6666666666667,3.0,1.0,202.0,404.6666666666667,3,1.0,0.0,0.0
Congenital muscular dystrophy,59.0,104.3225806451613,31.0,1.0,59.0,112.08510638297872,31,1.0,0.0,7.762525737817427
Congenital muscular dystrophy due to LMNA mutation,1073.0,1073.0,1.0,1.0,1073.0,1073.0,1,1.0,0.0,0.0
Brooke-Spiegler syndrome,345.0,345.0,1.0,1.0,345.0,345.0,1,1.0,0.0,0.0
Brody myopathy,97.0,97.0,1.0,1.0,97.0,97.0,1,1.0,0.0,0.0
Dandy-Walker syndrome,53.0,108.0,3.0,1.0,53.0,108.0,3,1.0,0.0,0.0
Alternating hemiplegia of childhood,160.5,160.5,2.0,1.0,160.5,160.5,2,1.0,0.0,0.0
Age related macular degeneration,196.0,410.8775510204082,35.0,1.0,196.0,402.52941176470586,35,1.0,0.0,-8.348139255702336
Agenesis of the corpus callosum with peripheral neuropathy,69.0,69.0,1.0,1.0,69.0,69.0,1,1.0,0.0,0.0
Aicardi-Goutieres syndrome,103.5,193.5,8.0,0.8888888888888888,103.5,193.5,8,0.8888888888888888,0.0,0.0
Alagille syndrome,358.0,269.3333333333333,3.0,1.0,358.0,269.3333333333333,3,1.0,0.0,0.0
Alcohol use disorder,424.0,690.8,15.0,1.0,424.0,690.8,15,1.0,0.0,0.0
Alexander disease,380.0,380.0,1.0,1.0,380.0,380.0,1,1.0,0.0,0.0
Alkaptonuria,51.0,51.0,1.0,1.0,51.0,51.0,1,1.0,0.0,0.0
Allan-Herndon-Dudley syndrome,95.0,95.0,1.0,1.0,95.0,95.0,1,1.0,0.0,0.0
Alopecia areata,459.0,905.5777777777778,45.0,1.0,459.0,905.5777777777778,45,1.0,0.0,0.0
Alpers-Huttenlocher syndrome,349.0,349.0,1.0,1.0,349.0,349.0,1,1.0,0.0,0.0
Alpha 1-antitrypsin deficiency,760.0,760.0,1.0,1.0,760.0,760.0,1,1.0,0.0,0.0
Alpha thalassemia-X-linked intellectual disability syndrome,364.0,364.0,1.0,1.0,364.0,364.0,1,1.0,0.0,0.0
Alport syndrome,178.0,193.5,7.0,1.0,178.0,193.5,7,1.0,0.0,0.0
Alstrom syndrome,149.0,149.0,1.0,1.0,149.0,149.0,1,1.0,0.0,0.0
Alzheimer's disease,423.5,1367.1764705882354,26.0,0.9285714285714286,423.5,1367.1764705882354,26,0.9285714285714286,0.0,0.0
Adrenoleukodystrophy,173.0,173.0,1.0,1.0,173.0,173.0,1,1.0,0.0,0.0
Amelogenesis imperfecta,49.0,65.06122448979592,31.0,1.0,49.0,65.06122448979592,31,1.0,0.0,0.0
Amyotrophic lateral sclerosis,248.0,355.2957746478873,42.0,0.9767441860465116,248.0,352.2916666666667,42,0.9767441860465116,0.0,-3.0041079812206135
Amyotrophic neuralgia,283.0,283.0,1.0,1.0,283.0,283.0,1,1.0,0.0,0.0
Anauxetic dysplasia,106.0,106.0,2.0,1.0,106.0,106.0,2,1.0,0.0,0.0
Andersen-Tawil syndrome,165.5,165.5,2.0,1.0,165.5,165.5,2,1.0,0.0,0.0
Androgen insensitivity syndrome,2708.0,2708.0,1.0,1.0,2708.0,2708.0,1,1.0,0.0,0.0
Androgenic alopecia,2708.0,2708.0,1.0,1.0,2708.0,2708.0,1,1.0,0.0,0.0
Anencephaly,3862.0,3862.0,1.0,1.0,3862.0,3862.0,1,1.0,0.0,0.0
Angelman syndrome,132.0,199.33333333333334,3.0,1.0,132.0,199.33333333333334,3,1.0,0.0,0.0
Aniridia,420.0,420.0,1.0,1.0,420.0,420.0,1,1.0,0.0,0.0
Ankylosing spondylitis,328.0,718.1764705882352,17.0,1.0,328.0,718.1764705882352,17,1.0,0.0,0.0
Antithrombin III deficiency,303.0,303.0,1.0,1.0,303.0,303.0,1,1.0,0.0,0.0
Apolipoprotein A-I associated Amyloidosis,603.0,514.1666666666666,12.0,1.0,603.0,514.1666666666666,12,1.0,0.0,0.0
Apolipoprotein A-II associated Amyloidosis,226.0,1306.6,5.0,1.0,226.0,1306.6,5,1.0,0.0,0.0
African iron overload,208.0,208.0,1.0,1.0,208.0,208.0,1,1.0,0.0,0.0
Adermatoglyphia,87.0,87.0,1.0,1.0,87.0,87.0,1,1.0,0.0,0.0
Breast cancer,644.0,1373.3461538461538,26.0,1.0,644.0,1373.3461538461538,26,1.0,0.0,0.0
AH Amyloidosis,2668.5,2668.5,2.0,1.0,2668.5,2668.5,2,1.0,0.0,0.0
3-M syndrome,88.0,92.66666666666667,3.0,1.0,88.0,92.66666666666667,3,1.0,0.0,0.0
3-methylcrotonyl-CoA carboxylase deficiency,133.5,133.5,2.0,1.0,133.5,133.5,2,1.0,0.0,0.0
3-methylglutaconic aciduria type 1,40.0,40.0,1.0,1.0,40.0,40.0,1,1.0,0.0,0.0
3-methylglutaconic aciduria type 3,48.0,48.0,1.0,1.0,48.0,48.0,1,1.0,0.0,0.0
3-methylglutaconic aciduria type 5,53.0,53.0,1.0,1.0,53.0,53.0,1,1.0,0.0,0.0
"3-methylglutaconic aciduria with cataracts, neurologic involvement and neutropenia",106.0,106.0,1.0,1.0,106.0,106.0,1,1.0,0.0,0.0
"3-methylglutaconic aciduria with deafness, encephalopathy, and Leigh-like syndrome",35.0,35.0,1.0,1.0,35.0,35.0,1,1.0,0.0,0.0
3MC syndrome,38.0,72.0,3.0,1.0,38.0,72.0,3,1.0,0.0,0.0
"46,XX sex reversal",289.0,376.0,5.0,1.0,289.0,376.0,5,1.0,0.0,0.0
"46,XY sex reversal",104.0,162.72727272727272,11.0,1.0,104.0,162.72727272727272,11,1.0,0.0,0.0
7q11.23 duplication syndrome,325.5,325.5,2.0,1.0,325.5,325.5,2,1.0,0.0,0.0
AA Amyloidosis,187.0,1013.0,6.0,1.0,187.0,1013.0,6,1.0,0.0,0.0
ACTH-independent macronodular adrenal hyperplasia,205.0,358.7142857142857,7.0,1.0,205.0,358.7142857142857,7,1.0,0.0,0.0
AGAT deficiency,63.0,63.0,1.0,1.0,63.0,63.0,1,1.0,0.0,0.0
AHL Amyloidosis,2668.5,2668.5,2.0,1.0,2668.5,2668.5,2,1.0,0.0,0.0
Adenosine deaminase deficiency,268.0,268.0,1.0,1.0,268.0,268.0,1,1.0,0.0,0.0
APP-related cerebral amyloid angiopathy,646.0,1881.6,5.0,1.0,646.0,1881.6,5,1.0,0.0,0.0
Abetalipoproteinemia,477.0,516.5,4.0,1.0,477.0,516.5,4,1.0,0.0,0.0
Acatalasia,482.0,482.0,1.0,1.0,482.0,482.0,1,1.0,0.0,0.0
Aceruloplasminemia,234.0,234.0,1.0,1.0,234.0,234.0,1,1.0,0.0,0.0
Achondrogenesis,99.0,187.33333333333334,3.0,1.0,99.0,187.33333333333334,3,1.0,0.0,0.0
Achondroplasia,615.0,615.0,1.0,1.0,615.0,615.0,1,1.0,0.0,0.0
Achromatopsia,51.5,80.5,6.0,1.0,51.5,80.5,6,1.0,0.0,0.0
Acrocallosal syndrome,144.5,144.5,2.0,1.0,144.5,144.5,2,1.0,0.0,0.0
Acrocephalosyndactylia,711.0,711.0,1.0,1.0,711.0,463.42857142857144,6,1.0,0.0,-247.57142857142856
Acromicric dysplasia,526.0,526.0,1.0,1.0,526.0,526.0,1,1.0,0.0,0.0
Acute necrotizing encephalitis,366.0,366.0,1.0,1.0,366.0,366.0,1,1.0,0.0,0.0
Acute promyelocytic leukemia,338.0,459.42857142857144,7.0,1.0,338.0,459.42857142857144,7,1.0,0.0,0.0
Adams-Oliver syndrome,109.5,352.1666666666667,6.0,1.0,109.5,352.1666666666667,6,1.0,0.0,0.0
Adenine phosphoribosyltransferase deficiency,127.0,127.0,1.0,1.0,127.0,127.0,1,1.0,0.0,0.0
Apolipoprotein A-IV associated Amyloidosis,226.0,1854.3333333333333,3.0,1.0,226.0,1854.3333333333333,3,1.0,0.0,0.0
Apolipoprotein C-II associated Amyloidosis,187.0,1427.75,4.0,1.0,187.0,1427.75,4,1.0,0.0,0.0
Apolipoprotein C-III associated Amyloidosis,467.0,1431.2,5.0,1.0,467.0,1431.2,5,1.0,0.0,0.0
Bietti crystalline corneoretinal dystrophy,76.0,76.0,1.0,1.0,76.0,76.0,1,1.0,0.0,0.0
Baller-Gerold syndrome,137.0,137.0,1.0,1.0,137.0,137.0,1,1.0,0.0,0.0
Bannayan-Riley-Ruvalcaba syndrome,2819.0,2819.0,1.0,1.0,2819.0,2819.0,1,1.0,0.0,0.0
Baraitser-Winter syndrome,581.0,581.0,2.0,1.0,581.0,581.0,2,1.0,0.0,0.0
Bardet-Biedl syndrome,50.5,63.63157894736842,24.0,0.96,50.5,63.63157894736842,24,0.96,0.0,0.0
Bart-Pumphrey syndrome,860.0,860.0,1.0,1.0,860.0,860.0,1,1.0,0.0,0.0
Bartter disease,62.0,66.9090909090909,6.0,1.0,62.0,66.9090909090909,6,1.0,0.0,0.0
Basal cell carcinoma,289.5,353.1666666666667,6.0,1.0,289.5,353.1666666666667,6,1.0,0.0,0.0
Beare-Stevenson cutis gyrata syndrome,711.0,711.0,1.0,1.0,711.0,711.0,1,1.0,0.0,0.0
Beckwith-Wiedemann syndrome,410.5,433.5,4.0,1.0,410.5,433.5,4,1.0,0.0,0.0
Behcet's disease,304.0,860.6666666666666,3.0,1.0,304.0,860.6666666666666,3,1.0,0.0,0.0
Benign neonatal seizures,143.0,143.0,2.0,1.0,143.0,143.0,2,1.0,0.0,0.0
Benign recurrent intrahepatic cholestasis,131.0,131.0,2.0,1.0,131.0,131.0,2,1.0,0.0,0.0
Bernard-Soulier syndrome,88.0,172.66666666666666,3.0,1.0,88.0,172.66666666666666,3,1.0,0.0,0.0
Beta thalassemia,871.0,871.0,1.0,1.0,871.0,871.0,1,1.0,0.0,0.0
Biotinidase deficiency,66.0,66.0,1.0,1.0,66.0,66.0,1,1.0,0.0,0.0
Argininosuccinic aciduria,62.0,62.0,1.0,1.0,62.0,62.0,1,1.0,0.0,0.0
Birk-Barel syndrome,91.0,91.0,1.0,1.0,91.0,91.0,1,1.0,0.0,0.0
Bjornstad syndrome,78.0,78.0,1.0,1.0,78.0,78.0,1,1.0,0.0,0.0
Blau syndrome,1001.0,1001.0,1.0,1.0,1001.0,1001.0,1,1.0,0.0,0.0
Blepharocheilodontic syndrome,1341.5,1341.5,2.0,1.0,1341.5,1341.5,2,1.0,0.0,0.0
Bloch-Sulzberger syndrome,559.0,559.0,1.0,1.0,559.0,559.0,1,1.0,0.0,0.0
Bloom syndrome,385.0,385.0,1.0,1.0,385.0,385.0,1,1.0,0.0,0.0
Boomerang dysplasia,259.0,259.0,1.0,1.0,259.0,259.0,1,1.0,0.0,0.0
Borst-Jadassohn intraepidermal carcinoma,316.0,398.2,5.0,1.0,316.0,398.2,5,1.0,0.0,0.0
Boucher-Neuhauser syndrome,115.0,115.0,1.0,1.0,115.0,115.0,1,1.0,0.0,0.0
Bowen-Conradi syndrome,101.0,101.0,1.0,1.0,101.0,101.0,1,1.0,0.0,0.0
Bradyopsia,26.0,26.0,2.0,1.0,26.0,26.0,2,1.0,0.0,0.0
Brain small vessel disease 1,261.0,261.0,1.0,1.0,261.0,261.0,1,1.0,0.0,0.0
Branchiooculofacial syndrome,295.0,295.0,1.0,1.0,295.0,295.0,1,1.0,0.0,0.0
Branchiootic syndrome,109.0,109.66666666666667,3.0,1.0,109.0,109.66666666666667,3,1.0,0.0,0.0
Axenfeld-Rieger syndrome,236.5,236.5,2.0,1.0,236.5,236.5,2,1.0,0.0,0.0
Autosomal recessive spinocerebellar ataxia 8,163.0,163.0,1.0,1.0,163.0,163.0,1,1.0,0.0,0.0
Autosomal recessive distal hereditary motor neuronopathy 1,77.0,77.0,1.0,1.0,77.0,77.0,1,1.0,0.0,0.0
Autosomal recessive congenital ichthyosis 4B,62.0,62.0,1.0,1.0,62.0,62.0,1,1.0,0.0,0.0
Aromatase excess syndrome,833.0,833.0,1.0,1.0,833.0,833.0,1,1.0,0.0,0.0
Aromatic L-amino acid decarboxylase deficiency,138.0,138.0,1.0,1.0,138.0,138.0,1,1.0,0.0,0.0
Arrhythmogenic right ventricular cardiomyopathy,263.0,314.53846153846155,13.0,1.0,263.0,314.53846153846155,13,1.0,0.0,0.0
Arterial calcification of infancy,214.5,214.5,2.0,1.0,214.5,214.5,2,1.0,0.0,0.0
Arterial tortuosity syndrome,49.0,49.0,1.0,1.0,49.0,49.0,1,1.0,0.0,0.0
Arts syndrome,179.0,179.0,1.0,1.0,179.0,179.0,1,1.0,0.0,0.0
Aspartylglucosaminuria,69.0,69.0,1.0,1.0,69.0,69.0,1,1.0,0.0,0.0
Asphyxiating thoracic dystrophy,42.0,47.55555555555556,9.0,0.8181818181818182,42.0,47.0,9,0.8181818181818182,0.0,-0.5555555555555571
Asthma,98.5,157.91666666666666,12.0,1.0,98.5,157.91666666666666,12,1.0,0.0,0.0
Ataxia telangiectasia,1572.0,1572.0,1.0,1.0,1572.0,1572.0,1,1.0,0.0,0.0
Atherosclerosis,610.0,539.0,8.0,1.0,610.0,539.0,8,1.0,0.0,0.0
Atopic dermatitis,298.0,298.0,2.0,1.0,298.0,298.0,2,1.0,0.0,0.0
Atrial heart septal defect,153.5,164.5,8.0,1.0,153.5,164.5,8,1.0,0.0,0.0
Atypical hemolytic-uremic syndrome,253.0,381.14285714285717,7.0,1.0,253.0,381.14285714285717,7,1.0,0.0,0.0
Atypical teratoid rhabdoid tumor,641.5,641.5,2.0,1.0,641.5,641.5,2,1.0,0.0,0.0
Autism spectrum disorder,133.0,223.9,40.0,1.0,133.0,223.9,40,1.0,0.0,0.0
Autoimmune lymphoproliferative syndrome,703.0,1246.111111111111,9.0,1.0,703.0,1246.111111111111,9,1.0,0.0,0.0
Autoimmune polyendocrine syndrome type 1,225.0,225.0,1.0,1.0,225.0,225.0,1,1.0,0.0,0.0
Autoimmune thyroiditis,879.0,1083.8333333333333,6.0,1.0,879.0,1083.8333333333333,6,1.0,0.0,0.0
Autosomal dominant distal hereditary motor neuronopathy 2,96.5,255.0,4.0,1.0,96.5,255.0,4,1.0,0.0,0.0
Autosomal dominant distal hereditary motor neuronopathy 5,134.0,121.66666666666667,3.0,1.0,134.0,121.66666666666667,3,1.0,0.0,0.0
Autosomal dominant familial periodic fever,304.0,398.0,3.0,1.0,304.0,398.0,3,1.0,0.0,0.0
Autosomal dominant hypocalcemia,360.0,360.0,2.0,1.0,360.0,360.0,2,1.0,0.0,0.0
Autosomal dominant intellectual developmental disorder 29,86.0,86.0,1.0,1.0,86.0,86.0,1,1.0,0.0,0.0
Autosomal dominant intellectual developmental disorder 35,123.0,123.0,1.0,1.0,123.0,123.0,1,1.0,0.0,0.0
Autosomal dominant intellectual developmental disorder 43,48.0,48.0,1.0,1.0,48.0,48.0,1,1.0,0.0,0.0
Autosomal dominant intellectual developmental disorder 5,83.0,83.0,1.0,1.0,83.0,83.0,1,1.0,0.0,0.0
Autosomal dominant nocturnal frontal lobe epilepsy,77.0,103.0,9.0,1.0,77.0,103.0,9,1.0,0.0,0.0
Autosomal dominant vitreoretinochoroidopathy,196.0,196.0,1.0,1.0,196.0,196.0,1,1.0,0.0,0.0
DOORS syndrome,61.0,61.0,1.0,1.0,61.0,61.0,1,1.0,0.0,0.0
D-bifunctional protein deficiency,203.0,203.0,1.0,1.0,203.0,203.0,1,1.0,0.0,0.0
Danon disease,277.0,277.0,1.0,1.0,277.0,277.0,1,1.0,0.0,0.0
Hereditary hemorrhagic telangiectasia,363.5,445.25,4.0,1.0,363.5,445.25,4,1.0,0.0,0.0
Hereditary sensory and autonomic neuropathy type 2,160.5,154.75,4.0,1.0,160.5,154.75,4,1.0,0.0,0.0
Hereditary sensory and autonomic neuropathy type 1A,160.0,160.0,1.0,1.0,160.0,160.0,1,1.0,0.0,0.0
Hereditary neuropathy with liability to pressure palsies,231.0,231.0,1.0,1.0,231.0,231.0,1,1.0,0.0,0.0
Hereditary multiple exostoses,144.5,144.5,2.0,1.0,144.5,144.5,2,1.0,0.0,0.0
Hereditary lysozyme Amyloidosis,194.0,194.0,1.0,1.0,194.0,194.0,1,1.0,0.0,0.0
Hereditary lymphedema I,286.0,286.0,1.0,1.0,286.0,286.0,1,1.0,0.0,0.0
Hereditary folate malabsorption,94.0,94.0,1.0,1.0,94.0,94.0,1,1.0,0.0,0.0
Glaucoma,176.0,211.4,15.0,1.0,176.0,211.4,15,1.0,0.0,0.0
Hereditary fibrinogen A alpha-chain Amyloidosis,422.0,422.0,1.0,1.0,422.0,422.0,1,1.0,0.0,0.0
Hereditary elliptocytosis,149.0,147.625,8.0,1.0,149.0,147.625,8,1.0,0.0,0.0
Hereditary diffuse gastric cancer,1267.0,1267.0,2.0,1.0,1267.0,1267.0,2,1.0,0.0,0.0
Hereditary beta-2-microglobulin-related Amyloidosis,471.0,471.0,1.0,1.0,471.0,471.0,1,1.0,0.0,0.0
Hereditary angioedema,228.0,226.57142857142858,7.0,1.0,228.0,226.57142857142858,7,1.0,0.0,0.0
Hepatic venoocclusive disease with immunodeficiency,73.0,73.0,1.0,1.0,73.0,73.0,1,1.0,0.0,0.0
Hereditary sensory and autonomic neuropathy type 5,412.0,412.0,1.0,1.0,412.0,412.0,1,1.0,0.0,0.0
Hereditary sensory neuropathy type 1E,877.0,877.0,1.0,1.0,877.0,877.0,1,1.0,0.0,0.0
Hereditary spastic paraplegia 11,111.0,111.0,1.0,1.0,111.0,111.0,1,1.0,0.0,0.0
Hereditary spastic paraplegia 15,42.0,42.0,1.0,1.0,42.0,42.0,1,1.0,0.0,0.0
Hereditary spastic paraplegia 17,134.0,134.0,1.0,1.0,134.0,134.0,1,1.0,0.0,0.0
Hereditary spastic paraplegia 2,192.0,192.0,1.0,1.0,192.0,192.0,1,1.0,0.0,0.0
Hereditary spastic paraplegia 31,47.0,47.0,1.0,1.0,47.0,47.0,1,1.0,0.0,0.0
Hereditary spastic paraplegia 35,53.0,53.0,1.0,1.0,53.0,53.0,1,1.0,0.0,0.0
Hereditary spastic paraplegia 3A,132.0,132.0,1.0,1.0,132.0,132.0,1,1.0,0.0,0.0
Hereditary spastic paraplegia 49,29.0,29.0,1.0,1.0,29.0,29.0,1,1.0,0.0,0.0
Hereditary spastic paraplegia 5A,68.0,68.0,1.0,1.0,68.0,68.0,1,1.0,0.0,0.0
Hereditary spastic paraplegia 7,98.0,98.0,1.0,1.0,98.0,98.0,1,1.0,0.0,0.0
Hereditary spastic paraplegia 8,84.0,84.0,1.0,1.0,84.0,84.0,1,1.0,0.0,0.0
Hereditary spherocytosis,134.0,158.2,5.0,1.0,134.0,158.2,5,1.0,0.0,0.0
Hermansky-Pudlak syndrome,50.0,79.35,11.0,1.0,50.0,79.35,11,1.0,0.0,0.0
Herpes zoster,1667.0,1770.4285714285713,7.0,1.0,1667.0,1770.4285714285713,7,1.0,0.0,0.0
Hidradenitis suppurativa,201.0,392.0,3.0,1.0,201.0,392.0,3,1.0,0.0,0.0
Hennekam syndrome,52.0,52.0,2.0,1.0,52.0,52.0,2,1.0,0.0,0.0
Hemophagocytic lymphohistiocytosis,93.0,128.66666666666666,3.0,1.0,93.0,128.66666666666666,3,1.0,0.0,0.0
Hemochromatosis,208.0,380.8,5.0,1.0,208.0,352.0,5,1.0,0.0,-28.80000000000001
Gordon Holmes syndrome,91.5,91.5,2.0,1.0,91.5,91.5,2,1.0,0.0,0.0
Glutamate formiminotransferase deficiency,30.0,30.0,1.0,1.0,30.0,30.0,1,1.0,0.0,0.0
Degenerative disc disease,176.0,710.4615384615385,13.0,1.0,176.0,710.4615384615385,13,1.0,0.0,0.0
Glutaric acidemia I,116.0,116.0,1.0,1.0,116.0,116.0,1,1.0,0.0,0.0
Glutathione synthetase deficiency,74.0,74.0,1.0,1.0,74.0,74.0,1,1.0,0.0,0.0
Glycine encephalopathy,55.0,55.0,2.0,1.0,55.0,55.0,2,1.0,0.0,0.0
Glycogen storage disease I,77.0,77.0,1.0,0.5,77.0,77.0,1,0.5,0.0,0.0
Glycogen storage disease II,207.0,207.0,1.0,1.0,207.0,207.0,1,1.0,0.0,0.0
Glycogen storage disease III,109.0,109.0,1.0,1.0,109.0,109.0,1,1.0,0.0,0.0
Glycogen storage disease IV,87.0,87.0,1.0,1.0,87.0,87.0,1,1.0,0.0,0.0
Glycogen storage disease V,103.0,103.0,1.0,1.0,103.0,103.0,1,1.0,0.0,0.0
Glycogen storage disease VI,113.0,113.0,1.0,1.0,113.0,113.0,1,1.0,0.0,0.0
Glycogen storage disease VII,166.0,166.0,1.0,1.0,166.0,166.0,1,1.0,0.0,0.0
Glycoproteinosis,107.0,105.5,4.0,1.0,107.0,105.5,4,1.0,0.0,0.0
Gnathodiaphyseal dysplasia,68.0,68.0,1.0,1.0,68.0,68.0,1,1.0,0.0,0.0
Gout,219.0,320.1666666666667,6.0,1.0,219.0,320.1666666666667,6,1.0,0.0,0.0
Helsmoortel-Van Der Aa Syndrome,158.0,158.0,1.0,1.0,158.0,158.0,1,1.0,0.0,0.0
Granular corneal dystrophy 2,319.0,319.0,1.0,1.0,319.0,319.0,1,1.0,0.0,0.0
Granulomatosis with polyangiitis,428.0,428.0,1.0,1.0,428.0,428.0,1,1.0,0.0,0.0
Graves' disease,581.5,827.75,8.0,1.0,581.5,827.75,8,1.0,0.0,0.0
Gray platelet syndrome,59.0,59.0,2.0,1.0,59.0,59.0,2,1.0,0.0,0.0
Greenberg dysplasia,229.0,229.0,1.0,1.0,229.0,229.0,1,1.0,0.0,0.0
Greig cephalopolysyndactyly syndrome,217.0,217.0,1.0,1.0,217.0,217.0,1,1.0,0.0,0.0
Griscelli syndrome,178.0,138.0,3.0,1.0,178.0,138.0,3,1.0,0.0,0.0
Guanidinoacetate methyltransferase deficiency,47.0,47.0,1.0,1.0,47.0,47.0,1,1.0,0.0,0.0
Guillain-Barre syndrome,6439.0,6439.0,1.0,1.0,6439.0,6439.0,1,1.0,0.0,0.0
Gyrate atrophy,160.0,160.0,1.0,1.0,160.0,160.0,1,1.0,0.0,0.0
Hailey-Hailey disease,155.0,155.0,1.0,1.0,155.0,155.0,1,1.0,0.0,0.0
Hajdu-Cheney syndrome,383.0,383.0,1.0,1.0,383.0,383.0,1,1.0,0.0,0.0
Hartnup disease,32.0,32.0,1.0,1.0,32.0,32.0,1,1.0,0.0,0.0
Head and neck squamous cell carcinoma,1717.0,3055.4285714285716,7.0,1.0,1717.0,3055.4285714285716,7,1.0,0.0,0.0
High myopia-sensorineural deafness syndrome,27.0,27.0,1.0,1.0,27.0,27.0,1,1.0,0.0,0.0
Hirschsprung's disease,230.0,267.95,14.0,1.0,230.0,267.95,14,1.0,0.0,0.0
Histidinemia,41.0,41.0,1.0,1.0,41.0,41.0,1,1.0,0.0,0.0
Jackson-Weiss syndrome,711.0,711.0,1.0,1.0,711.0,711.0,1,1.0,0.0,0.0
Immunodeficiency 23,85.0,85.0,1.0,1.0,85.0,85.0,1,1.0,0.0,0.0
Immunodeficiency 48,384.0,384.0,1.0,1.0,384.0,384.0,1,1.0,0.0,0.0
Immunoglobulin Light-chain Amyloidosis,211.0,1305.4,5.0,1.0,211.0,1305.4,5,1.0,0.0,0.0
Inclusion body myopathy with Paget disease of bone and frontotemporal dementia,587.0,650.6666666666666,3.0,1.0,587.0,650.6666666666666,3,1.0,0.0,0.0
Interstitial lung disease 1,139.0,647.32,25.0,1.0,139.0,647.32,25,1.0,0.0,0.0
Intestinal pseudo-obstruction,151.0,238.0,5.0,1.0,151.0,238.0,5,1.0,0.0,0.0
Intrahepatic cholestasis of pregnancy,174.0,223.4,5.0,1.0,174.0,223.4,5,1.0,0.0,0.0
Isolated Atrial Amyloidosis,301.0,301.0,1.0,1.0,301.0,301.0,1,1.0,0.0,0.0
Isolated ectopia lentis,289.5,289.5,2.0,1.0,289.5,289.5,2,1.0,0.0,0.0
Isolated elevated serum creatine phosphokinase levels,149.0,149.0,1.0,1.0,149.0,149.0,1,1.0,0.0,0.0
Isolated growth hormone deficiency,373.0,318.6666666666667,3.0,1.0,373.0,318.6666666666667,3,1.0,0.0,0.0
Isolated hyperchlorhidrosis,73.0,73.0,1.0,1.0,73.0,73.0,1,1.0,0.0,0.0
Isolated sulfite oxidase deficiency,59.0,59.0,1.0,1.0,59.0,59.0,1,1.0,0.0,0.0
Isovaleric acidemia,67.0,67.0,1.0,1.0,67.0,67.0,1,1.0,0.0,0.0
Jacobsen Syndrome,75.0,166.8,5.0,1.0,75.0,166.8,5,1.0,0.0,0.0
Immune dysregulation-polyendocrinopathy-enteropathy-X-linked syndrome,1169.0,1169.0,1.0,1.0,1169.0,1169.0,1,1.0,0.0,0.0
Jervell-Lange Nielsen syndrome,437.0,437.0,2.0,1.0,437.0,437.0,2,1.0,0.0,0.0
Joubert syndrome,43.0,50.27272727272727,33.0,0.9705882352941176,43.0,50.27272727272727,33,0.9705882352941176,0.0,0.0
Junctional epidermolysis bullosa with pyloric atresia,335.0,339.3333333333333,3.0,1.0,335.0,339.3333333333333,3,1.0,0.0,0.0
Juvenile myoclonic epilepsy,56.0,73.4,5.0,1.0,56.0,73.4,5,1.0,0.0,0.0
Juvenile polyposis syndrome,558.0,558.0,2.0,1.0,558.0,558.0,2,1.0,0.0,0.0
Juvenile rheumatoid arthritis,555.5,1102.5357142857142,28.0,1.0,555.5,1102.5357142857142,28,1.0,0.0,0.0
KBG syndrome,93.0,93.0,1.0,1.0,93.0,93.0,1,1.0,0.0,0.0
Kabuki syndrome,248.5,248.5,2.0,1.0,248.5,248.5,2,1.0,0.0,0.0
2-hydroxyglutaric aciduria,134.0,204.0,4.0,1.0,134.0,204.0,4,1.0,0.0,0.0
Kaufman oculocerebrofacial syndrome,43.0,43.0,1.0,1.0,43.0,43.0,1,1.0,0.0,0.0
Kawasaki disease,41.0,41.0,1.0,1.0,41.0,41.0,1,1.0,0.0,0.0
Kennedy's disease,2708.0,2708.0,1.0,1.0,2708.0,2708.0,1,1.0,0.0,0.0
Keratoconus,167.5,339.6666666666667,18.0,0.9473684210526315,167.5,339.6666666666667,18,0.9473684210526315,0.0,0.0
Keratosis follicularis,444.0,444.0,1.0,1.0,444.0,444.0,1,1.0,0.0,0.0
Immunodeficiency 14,551.5,551.5,2.0,1.0,551.5,551.5,2,1.0,0.0,0.0
Idiopathic juvenile osteoporosis,325.0,325.0,1.0,1.0,325.0,325.0,1,1.0,0.0,0.0
Holocarboxylase synthetase deficiency,71.0,71.0,1.0,1.0,71.0,71.0,1,1.0,0.0,0.0
Hyperphosphatasia with impaired intellectual development syndrome,23.0,25.333333333333332,3.0,1.0,23.0,25.333333333333332,3,1.0,0.0,0.0
Holoprosencephaly,118.0,207.28571428571428,15.0,0.9375,118.0,207.28571428571428,15,0.9375,0.0,0.0
Holt-Oram syndrome,160.0,160.0,1.0,1.0,160.0,160.0,1,1.0,0.0,0.0
Homocystinuria,458.0,1046.2,5.0,1.0,458.0,1046.2,5,1.0,0.0,0.0
Huntington's disease,793.0,793.0,1.0,1.0,793.0,793.0,1,1.0,0.0,0.0
Hyaline body myopathy,349.0,349.0,1.0,1.0,349.0,349.0,1,1.0,0.0,0.0
Hyaline fibromatosis syndrome,88.0,88.0,1.0,1.0,88.0,88.0,1,1.0,0.0,0.0
Hyper IgE recurrent infection syndrome 1,1857.0,1857.0,2.0,1.0,1857.0,1857.0,2,1.0,0.0,0.0
Hyperargininemia,275.0,275.0,1.0,1.0,275.0,275.0,1,1.0,0.0,0.0
Hyperekplexia,55.0,80.33333333333333,3.0,1.0,55.0,80.33333333333333,3,1.0,0.0,0.0
Hyperinsulinemic hypoglycemia,353.0,366.6666666666667,9.0,1.0,353.0,366.6666666666667,9,1.0,0.0,0.0
Hyperkalemic periodic paralysis,164.0,164.0,1.0,1.0,164.0,164.0,1,1.0,0.0,0.0
Hyperlysinemia,59.0,59.0,1.0,1.0,59.0,59.0,1,1.0,0.0,0.0
Hypermanganesemia with dystonia,76.0,76.0,2.0,1.0,76.0,76.0,2,1.0,0.0,0.0
Hypermethioninemia,80.0,126.0,3.0,1.0,80.0,126.0,3,1.0,0.0,0.0
Hyperphosphatemic familial tumoral calcinosis,529.0,423.3333333333333,3.0,1.0,529.0,423.3333333333333,3,1.0,0.0,0.0
ITM2B-related cerebral amyloid angiopathy 2,211.0,868.6923076923077,13.0,1.0,211.0,868.6923076923077,13,1.0,0.0,0.0
Hyperprolinemia,73.5,73.5,2.0,1.0,73.5,73.5,2,1.0,0.0,0.0
Hypertrichotic osteochondrodysplasia Cantu type,86.0,86.0,1.0,1.0,86.0,86.0,1,1.0,0.0,0.0
Hypochondroplasia,615.0,615.0,1.0,1.0,615.0,615.0,1,1.0,0.0,0.0
Hypohidrotic ectodermal dysplasia,77.0,81.75,4.0,1.0,77.0,81.75,4,1.0,0.0,0.0
Hypokalemic periodic paralysis,135.0,135.0,2.0,1.0,135.0,135.0,2,1.0,0.0,0.0
Hypomyelinating leukodystrophy 2,42.0,42.0,1.0,1.0,42.0,42.0,1,1.0,0.0,0.0
Hypomyelinating leukodystrophy 7,113.5,113.5,2.0,1.0,113.5,113.5,2,1.0,0.0,0.0
Hypophosphatasia,299.0,299.0,1.0,1.0,299.0,299.0,1,1.0,0.0,0.0
Hypophosphatemia,124.0,213.83333333333334,6.0,1.0,124.0,213.83333333333334,6,1.0,0.0,0.0
Hypotrichosis,81.0,126.5813953488372,43.0,1.0,81.0,174.0408163265306,45,1.0,0.0,47.4594209776934
Hypotrichosis 2,115.0,115.0,2.0,1.0,115.0,115.0,2,1.0,0.0,0.0
Hypotrichosis 6,54.0,49.0,3.0,1.0,54.0,49.0,3,1.0,0.0,0.0
IMAGe syndrome,252.0,252.0,1.0,1.0,252.0,252.0,1,1.0,0.0,0.0
ITM2B-related cerebral amyloid angiopathy 1,195.5,675.5,12.0,1.0,195.5,675.5,12,1.0,0.0,0.0
Glucosephosphate dehydrogenase deficiency,552.0,552.0,1.0,1.0,552.0,552.0,1,1.0,0.0,0.0
triple-A syndrome,63.0,84.0,3.0,1.0,63.0,84.0,3,1.0,0.0,0.0
Glanzmann's thrombasthenia,830.5,830.5,2.0,1.0,830.5,830.5,2,1.0,0.0,0.0
Familial atrial fibrillation,135.0,230.65714285714284,21.0,1.0,135.0,230.65714285714284,21,1.0,0.0,0.0
Dystonia 16,205.0,205.0,1.0,1.0,205.0,205.0,1,1.0,0.0,0.0
Ectodermal dysplasia and immune deficiency,638.5,638.5,2.0,1.0,638.5,638.5,2,1.0,0.0,0.0
Edwards syndrome,58.0,58.0,1.0,1.0,58.0,58.0,1,1.0,0.0,0.0
Ehlers-Danlos syndrome,79.5,147.92105263157896,21.0,1.0,79.5,147.92105263157896,21,1.0,0.0,0.0
Ellis-Van Creveld syndrome,38.5,38.5,2.0,1.0,38.5,38.5,2,1.0,0.0,0.0
Emery-Dreifuss muscular dystrophy,171.0,343.5,6.0,1.0,171.0,343.5,6,1.0,0.0,0.0
Enfuvirtide-induced Amyloidosis,676.0,1672.25,4.0,1.0,676.0,1672.25,4,1.0,0.0,0.0
Epidermal nevus,767.0,1264.5,6.0,1.0,767.0,1264.5,6,1.0,0.0,0.0
Epidermolysis bullosa dystrophica,208.0,208.0,1.0,1.0,208.0,208.0,1,1.0,0.0,0.0
Epidermolysis bullosa simplex,316.0,300.3333333333333,3.0,1.0,316.0,300.3333333333333,3,1.0,0.0,0.0
Epidermolytic hyperkeratosis,247.0,247.0,2.0,1.0,247.0,247.0,2,1.0,0.0,0.0
Episodic ataxia,153.0,149.8,5.0,1.0,153.0,149.8,5,1.0,0.0,0.0
Episodic kinesigenic dyskinesia 1,120.0,236.66666666666666,6.0,1.0,120.0,236.66666666666666,6,1.0,0.0,0.0
Erdheim-Chester disease,2743.0,2743.0,1.0,1.0,2743.0,2743.0,1,1.0,0.0,0.0
Erythrokeratodermia variabilis,53.5,226.25,4.0,1.0,53.5,226.25,4,1.0,0.0,0.0
Erythromelalgia,203.0,203.0,1.0,1.0,203.0,203.0,1,1.0,0.0,0.0
Essential thrombocythemia,471.0,675.8,5.0,1.0,471.0,675.8,5,1.0,0.0,0.0
Ethylmalonic encephalopathy,53.0,53.0,1.0,1.0,53.0,53.0,1,1.0,0.0,0.0
Ewing sarcoma,181.0,292.375,8.0,1.0,181.0,292.375,8,1.0,0.0,0.0
Exudative vitreoretinopathy,118.0,617.4285714285714,7.0,1.0,118.0,617.4285714285714,7,1.0,0.0,0.0
FG syndrome,227.5,322.5,4.0,1.0,227.5,322.5,4,1.0,0.0,0.0
Fabry disease,295.0,295.0,1.0,1.0,295.0,295.0,1,1.0,0.0,0.0
Facioscapulohumeral muscular dystrophy,160.5,160.5,2.0,1.0,160.5,160.5,2,1.0,0.0,0.0
Factor V deficiency,1343.0,1343.0,1.0,1.0,1343.0,1343.0,1,1.0,0.0,0.0
Factor VII deficiency,483.0,483.0,1.0,1.0,483.0,483.0,1,1.0,0.0,0.0
Factor X deficiency,320.0,320.0,1.0,1.0,320.0,320.0,1,1.0,0.0,0.0
Gitelman syndrome,116.5,116.5,2.0,1.0,116.5,116.5,2,1.0,0.0,0.0
Factor XIII deficiency,220.0,220.0,2.0,1.0,220.0,220.0,2,1.0,0.0,0.0
Familial Mediterranean fever,304.0,284.0,3.0,1.0,304.0,284.0,3,1.0,0.0,0.0
Dystonia 12,154.0,154.0,1.0,1.0,154.0,154.0,1,1.0,0.0,0.0
Dyskeratosis congenita,117.0,325.3636363636364,15.0,1.0,117.0,325.3636363636364,15,1.0,0.0,0.0
Dubin-Johnson syndrome,361.0,361.0,1.0,1.0,361.0,361.0,1,1.0,0.0,0.0
Diamond-Blackfan anemia,231.0,230.82926829268294,25.0,1.0,231.0,230.82926829268294,25,1.0,0.0,0.0
Dent disease,142.5,142.5,2.0,1.0,142.5,142.5,2,1.0,0.0,0.0
Dentinogenesis imperfecta,87.0,87.0,1.0,1.0,87.0,87.0,1,1.0,0.0,0.0
Denys-Drash syndrome,758.0,758.0,1.0,1.0,758.0,758.0,1,1.0,0.0,0.0
Dermatofibrosarcoma protuberans,373.0,444.0,3.0,1.0,373.0,444.0,3,1.0,0.0,0.0
Dermatopathia pigmentosa reticularis,250.0,250.0,1.0,1.0,250.0,250.0,1,1.0,0.0,0.0
Desmoid tumor,2186.5,2186.5,2.0,1.0,2186.5,2186.5,2,1.0,0.0,0.0
Developmental and epileptic encephalopathy 1,103.0,103.0,1.0,1.0,103.0,103.0,1,1.0,0.0,0.0
Developmental and epileptic encephalopathy 13,109.0,109.0,1.0,1.0,109.0,109.0,1,1.0,0.0,0.0
Developmental and epileptic encephalopathy 14,141.0,151.52,25.0,1.0,141.0,151.52,25,1.0,0.0,0.0
Developmental and epileptic encephalopathy 2,141.0,141.0,1.0,1.0,141.0,141.0,1,1.0,0.0,0.0
Developmental and epileptic encephalopathy 26,94.0,94.0,1.0,1.0,94.0,94.0,1,1.0,0.0,0.0
Developmental and epileptic encephalopathy 4,171.0,171.0,1.0,1.0,171.0,171.0,1,1.0,0.0,0.0
DiGeorge syndrome,103.0,753.6666666666666,3.0,1.0,103.0,753.6666666666666,3,1.0,0.0,0.0
Diastrophic dysplasia,82.0,82.0,1.0,1.0,82.0,82.0,1,1.0,0.0,0.0
Duane-radial ray syndrome,204.0,204.0,1.0,1.0,204.0,204.0,1,1.0,0.0,0.0
Dihydropyrimidinase deficiency,29.0,29.0,1.0,1.0,29.0,29.0,1,1.0,0.0,0.0
Dihydropyrimidine dehydrogenase deficiency,268.0,268.0,1.0,1.0,268.0,268.0,1,1.0,0.0,0.0
Distal 10q deletion syndrome,744.0,744.0,1.0,1.0,744.0,744.0,1,1.0,0.0,0.0
Distal arthrogryposis type 1,109.5,109.5,2.0,1.0,109.5,109.5,2,1.0,0.0,0.0
Distal arthrogryposis type 2B,56.0,80.25,4.0,1.0,56.0,80.25,4,1.0,0.0,0.0
Distal myopathy 1,349.0,349.0,1.0,1.0,349.0,349.0,1,1.0,0.0,0.0
Donnai-Barrow syndrome,197.0,197.0,1.0,1.0,197.0,197.0,1,1.0,0.0,0.0
Donohue syndrome,747.0,747.0,1.0,1.0,747.0,747.0,1,1.0,0.0,0.0
Dopamine beta-hydroxylase deficiency,231.0,231.0,1.0,1.0,231.0,231.0,1,1.0,0.0,0.0
Dopamine transporter deficiency syndrome,868.0,868.0,1.0,1.0,868.0,868.0,1,1.0,0.0,0.0
Dowling-Degos disease,86.0,133.25,4.0,1.0,86.0,133.25,4,1.0,0.0,0.0
Down syndrome,203.0,1369.5714285714287,7.0,1.0,203.0,1369.5714285714287,7,1.0,0.0,0.0
Duane retraction syndrome,90.0,90.0,2.0,1.0,90.0,90.0,2,1.0,0.0,0.0
Familial adenomatous polyposis 2,320.0,320.0,1.0,1.0,320.0,320.0,1,1.0,0.0,0.0
Factor XI deficiency,238.0,238.0,1.0,1.0,238.0,238.0,1,1.0,0.0,0.0
Familial cold autoinflammatory syndrome 3,187.0,187.0,1.0,1.0,187.0,187.0,1,1.0,0.0,0.0
Fuchs' endothelial dystrophy,122.0,186.875,8.0,1.0,122.0,186.875,8,1.0,0.0,0.0
GM1 gangliosidosis,175.0,175.0,1.0,1.0,175.0,175.0,1,1.0,0.0,0.0
GABA aminotransferase deficiency,58.0,58.0,1.0,1.0,58.0,58.0,1,1.0,0.0,0.0
Fundus albipunctatus,61.0,84.0,3.0,1.0,61.0,84.0,3,1.0,0.0,0.0
Fumarase deficiency,205.0,205.0,1.0,1.0,205.0,205.0,1,1.0,0.0,0.0
Fukuyama congenital muscular dystrophy,65.0,65.0,1.0,1.0,65.0,65.0,1,1.0,0.0,0.0
Fucosidosis,94.0,94.0,1.0,1.0,94.0,94.0,1,1.0,0.0,0.0
Frontotemporal dementia and/or amyotrophic lateral sclerosis 7,139.0,139.0,1.0,1.0,139.0,139.0,1,1.0,0.0,0.0
GNE myopathy,147.0,147.0,1.0,1.0,147.0,147.0,1,1.0,0.0,0.0
Frontotemporal dementia,1413.5,1413.5,2.0,1.0,1413.5,1296.25,3,1.0,0.0,-117.25
Frontonasal dysplasia,34.0,34.0,3.0,1.0,34.0,34.0,3,1.0,0.0,0.0
Frontometaphyseal dysplasia,535.0,496.0,3.0,1.0,535.0,496.0,3,1.0,0.0,0.0
Friedreich ataxia,231.0,231.0,1.0,1.0,231.0,231.0,1,1.0,0.0,0.0
Familial encephalopathy with neuroserpin inclusion bodies,66.0,66.0,1.0,1.0,66.0,66.0,1,1.0,0.0,0.0
Frasier syndrome,758.0,758.0,1.0,1.0,758.0,758.0,1,1.0,0.0,0.0
"GM2 gangliosidosis, AB variant",67.0,67.0,1.0,1.0,67.0,67.0,1,1.0,0.0,0.0
GRACILE syndrome,78.0,78.0,1.0,1.0,78.0,78.0,1,1.0,0.0,0.0
Fragile X-associated tremor/ataxia syndrome,914.0,914.0,1.0,1.0,914.0,914.0,1,1.0,0.0,0.0
Generalized epilepsy with febrile seizures plus,153.0,155.0,7.0,1.0,153.0,155.0,7,1.0,0.0,0.0
Gillespie syndrome,264.0,264.0,1.0,1.0,264.0,264.0,1,1.0,0.0,0.0
Gilles de la Tourette syndrome,45.0,45.0,1.0,1.0,45.0,45.0,1,1.0,0.0,0.0
Gilbert syndrome,750.0,750.0,1.0,1.0,750.0,750.0,1,1.0,0.0,0.0
Ghosal hematodiaphyseal syndrome,94.0,94.0,1.0,1.0,94.0,94.0,1,1.0,0.0,0.0
Gestational diabetes,424.0,481.0,8.0,1.0,424.0,481.0,8,1.0,0.0,0.0
Gerstmann-Straussler-Scheinker syndrome,863.0,1550.0,3.0,1.0,863.0,1550.0,3,1.0,0.0,0.0
Geleophysic dysplasia,275.0,275.0,2.0,1.0,275.0,275.0,2,1.0,0.0,0.0
Galactosemia,117.0,105.33333333333333,3.0,1.0,117.0,105.33333333333333,3,1.0,0.0,0.0
Gelatinous drop-like corneal dystrophy,652.0,2095.6666666666665,3.0,1.0,652.0,2095.6666666666665,3,1.0,0.0,0.0
Gaucher's disease,187.0,187.0,1.0,0.5,187.0,187.0,1,0.5,0.0,0.0
Gastrointestinal stromal tumor,328.0,761.8571428571429,7.0,1.0,328.0,761.8571428571429,7,1.0,0.0,0.0
Gangliosidosis,160.0,145.4,5.0,1.0,160.0,140.77777777777777,5,1.0,0.0,-4.622222222222234
Gamstorp-Wohlfart syndrome,146.0,146.0,1.0,1.0,146.0,146.0,1,1.0,0.0,0.0
Galactosialidosis,112.0,112.0,1.0,1.0,112.0,112.0,1,1.0,0.0,0.0
Fraser syndrome,56.0,65.66666666666667,3.0,1.0,56.0,65.66666666666667,3,1.0,0.0,0.0
Freeman-Sheldon syndrome,61.0,61.0,1.0,1.0,61.0,61.0,1,1.0,0.0,0.0
Fragile X syndrome,914.0,914.0,1.0,1.0,914.0,914.0,1,1.0,0.0,0.0
Farber lipogranulomatosis,120.0,120.0,1.0,1.0,120.0,120.0,1,1.0,0.0,0.0
Familial focal epilepsy with variable foci,77.0,77.33333333333333,3.0,1.0,77.0,77.33333333333333,3,1.0,0.0,0.0
Familial glucocorticoid deficiency,97.0,118.6,5.0,1.0,97.0,118.6,5,1.0,0.0,0.0
Familial hemiplegic migraine,220.5,246.25,4.0,1.0,220.5,246.25,4,1.0,0.0,0.0
Familial hypercholesterolemia,830.5,670.5,4.0,1.0,830.5,670.5,4,1.0,0.0,0.0
Familial hypertrophic cardiomyopathy,161.0,199.26315789473685,19.0,1.0,161.0,199.26315789473685,19,1.0,0.0,0.0
Familial isolated deficiency of vitamin E,51.0,51.0,1.0,1.0,51.0,51.0,1,1.0,0.0,0.0
Familial lipoprotein lipase deficiency,784.0,784.0,1.0,1.0,784.0,784.0,1,1.0,0.0,0.0
Familial male-limited precocious puberty,260.0,260.0,1.0,1.0,260.0,260.0,1,1.0,0.0,0.0
Familial nephrotic syndrome,166.0,277.6,5.0,1.0,166.0,277.6,5,1.0,0.0,0.0
Familial partial lipodystrophy,242.0,608.2857142857143,7.0,1.0,242.0,608.2857142857143,7,1.0,0.0,0.0
Familial temporal lobe epilepsy 1,90.5,127.0,4.0,1.0,90.5,127.0,4,1.0,0.0,0.0
Fanconi anemia,157.0,431.9318181818182,23.0,1.0,157.0,431.9318181818182,23,1.0,0.0,0.0
Fatal familial insomnia,863.0,863.0,1.0,1.0,863.0,863.0,1,1.0,0.0,0.0
Fibrochondrogenesis,121.5,121.5,2.0,1.0,121.5,121.5,2,1.0,0.0,0.0
Fibrodysplasia ossificans progressiva,189.0,189.0,1.0,1.0,189.0,189.0,1,1.0,0.0,0.0
Focal dermal hypoplasia,58.0,58.0,1.0,1.0,58.0,58.0,1,1.0,0.0,0.0
Fazio-Londe disease,48.0,48.0,2.0,1.0,48.0,48.0,2,1.0,0.0,0.0
Feingold syndrome,132.0,225.66666666666666,3.0,1.0,132.0,225.66666666666666,3,1.0,0.0,0.0
Floating-Harbor syndrome,101.0,101.0,1.0,1.0,101.0,101.0,1,1.0,0.0,0.0
Finnish type amyloidosis,370.0,959.7777777777778,8.0,1.0,370.0,959.7777777777778,8,1.0,0.0,0.0
Fibromyalgia,1126.0,1277.0,5.0,1.0,1126.0,1277.0,5,1.0,0.0,0.0
Congenital disorder of glycosylation,56.5,78.5,54.0,0.9473684210526315,56.0,76.67796610169492,54,0.9473684210526315,-0.5,-1.8220338983050794
Palmoplantar keratosis,89.0,156.64102564102564,39.0,0.975,88.0,154.1,39,0.975,-1.0,-2.541025641025641
Severe combined immunodeficiency,158.0,253.64705882352942,17.0,1.0,157.0,208.06060606060606,24,1.0,-1.0,-45.58645276292336
Macular degeneration,198.0,271.5,4.0,1.0,196.0,384.7719298245614,38,1.0,-2.0,113.27192982456143
Congenital hemolytic anemia,173.0,222.14634146341464,41.0,0.9761904761904762,164.0,208.86666666666667,41,0.9761904761904762,-9.0,-13.279674796747969
Congenital stationary night blindness,52.0,89.21428571428571,14.0,1.0,41.5,70.95,15,1.0,-10.5,-18.264285714285705
Myopathy,121.5,161.21428571428572,14.0,1.0,104.0,157.018779342723,113,0.8828125,-17.5,-4.195506371562715
Amyloidosis,311.5,622.15625,32.0,0.9411764705882353,282.0,972.45625,70,0.9722222222222222,-29.5,350.29999999999995
Amino acid metabolic disorder,108.0,92.4,5.0,1.0,78.0,168.7325581395349,78,0.9873417721518988,-30.0,76.33255813953488
Diabetes insipidus,230.0,240.25,4.0,1.0,199.0,237.28571428571428,4,1.0,-31.0,-2.9642857142857224
Centronuclear myopathy,293.0,242.16666666666666,6.0,1.0,248.0,221.71428571428572,7,1.0,-45.0,-20.452380952380935
Alpha thalassemia,507.5,507.5,2.0,1.0,364.0,459.6666666666667,3,1.0,-143.5,-47.833333333333314
Pseudohermaphroditism,419.0,810.5714285714286,7.0,1.0,272.0,666.5555555555555,8,1.0,-147.0,-144.015873015873
Spinal muscular atrophy,383.0,383.0,2.0,1.0,141.0,391.1333333333333,15,1.0,-242.0,8.133333333333326
Hypertension,657.0,775.5,8.0,1.0,409.5,669.6,10,1.0,-247.5,-105.89999999999998
Familial adenomatous polyposis,1019.0,1019.0,1.0,1.0,669.5,669.5,2,1.0,-349.5,-349.5
Multiple endocrine neoplasia,994.0,828.6666666666666,3.0,1.0,387.0,511.6666666666667,9,1.0,-607.0,-316.99999999999994
3-methylglutaconic aciduria,,,,,48.0,56.4,5,0.8333333333333334,,
Aarskog syndrome,,,,,65.0,65.0,1,1.0,,
Absence epilepsy,,,,,124.5,127.83333333333333,16,1.0,,
Acanthoma,,,,,289.5,353.1666666666667,6,1.0,,
Acquired metabolic disease,,,,,84.0,260.37333333333333,73,0.9864864864864865,,
Acrofacial dysostosis,,,,,39.0,92.0,3,1.0,,
Acute myeloid leukemia,,,,,338.0,628.5882352941177,17,1.0,,
Adenocarcinoma,,,,,606.0,1406.0882352941176,34,1.0,,
Adenoma,,,,,344.0,344.0,1,1.0,,
Adrenal cortex disease,,,,,167.0,167.0,1,1.0,,
Adrenal cortical hypofunction,,,,,167.0,167.0,1,1.0,,
Adrenal gland disease,,,,,108.0,249.86666666666667,14,1.0,,
Adrenal gland hyperfunction,,,,,205.0,358.7142857142857,7,1.0,,
Agammaglobulinemia,,,,,246.5,461.1875,16,1.0,,
Agranulocytosis,,,,,128.0,173.1,9,1.0,,
Allergic contact dermatitis,,,,,298.0,298.0,2,1.0,,
Allergic disease,,,,,298.0,298.0,2,1.0,,
Alopecia,,,,,2708.0,2708.0,1,1.0,,
Anemia,,,,,206.0,286.527397260274,94,0.9894736842105263,,
Angioedema,,,,,228.0,226.57142857142858,7,1.0,,
Anxiety disorder,,,,,1567.5,1567.5,2,1.0,,
Aortic disease,,,,,307.0,356.14814814814815,18,1.0,,
Aortic valve disease,,,,,311.0,311.0,1,1.0,,
Aortic valve stenosis,,,,,311.0,311.0,1,1.0,,
Aplastic anemia,,,,,213.0,334.9294117647059,48,1.0,,
Arteriosclerosis,,,,,610.0,539.0,8,1.0,,
Arteriosclerotic cardiovascular disease,,,,,610.0,539.0,8,1.0,,
Artery disease,,,,,309.0,443.3333333333333,39,1.0,,
Arthritis,,,,,406.0,866.0566037735849,48,1.0,,
Atrial fibrillation,,,,,135.0,230.65714285714284,21,1.0,,
Atrophic muscular disease,,,,,97.0,97.0,1,1.0,,
Auditory system disease,,,,,61.5,124.12727272727273,138,0.9583333333333334,,
Autoimmune disease,,,,,358.0,815.7453703703703,136,1.0,,
Autoimmune disease of blood,,,,,428.0,428.0,1,1.0,,
Autoimmune disease of cardiovascular system,,,,,402.5,770.75,4,1.0,,
Autoimmune disease of endocrine system,,,,,589.0,1081.8275862068965,20,1.0,,
Autoimmune disease of exocrine system,,,,,663.0,663.0,1,1.0,,
Autoimmune disease of gastrointestinal tract,,,,,349.0,770.75,8,1.0,,
Autoimmune disease of musculoskeletal system,,,,,309.0,774.8827586206896,104,1.0,,
Autoimmune disease of peripheral nervous system,,,,,6439.0,6439.0,1,1.0,,
Autoimmune disease of skin and connective tissue,,,,,510.5,889.3928571428571,52,1.0,,
Autoimmune disease of the nervous system,,,,,574.0,1647.2857142857142,7,1.0,,
Autoimmune polyendocrine syndrome,,,,,225.0,225.0,1,1.0,,
Autonomic nervous system disease,,,,,180.5,180.5,2,1.0,,
Autonomic nervous system neoplasm,,,,,315.0,764.0,7,1.0,,
Autosomal dominant disease,,,,,203.5,467.6,472,0.9915966386554622,,
Autosomal dominant distal hereditary motor neuronopathy,,,,,134.0,197.85714285714286,7,1.0,,
Autosomal dominant intellectual developmental disorder,,,,,144.5,216.05555555555554,18,1.0,,
Autosomal genetic disease,,,,,135.5,327.6082644628099,927,0.9925053533190579,,
Autosomal recessive cerebellar ataxia,,,,,140.0,423.77777777777777,9,1.0,,
Autosomal recessive disease,,,,,88.0,197.73639455782313,496,0.9959839357429718,,
Autosomal recessive distal hereditary motor neuronopathy,,,,,77.0,77.0,1,1.0,,
Autosomal recessive intellectual developmental disorder,,,,,23.0,25.333333333333332,3,1.0,,
B cell deficiency,,,,,304.0,612.6842105263158,19,1.0,,
B-cell lymphoma,,,,,1396.0,1396.0,2,1.0,,
Bacterial infectious disease,,,,,265.0,715.9,9,1.0,,
Barth syndrome,,,0.0,0.0,,,0,0.0,,
Basal ganglia disease,,,,,61.0,61.0,1,1.0,,
Benign neoplasm,,,,,328.0,735.2105263157895,17,1.0,,
Bile duct adenocarcinoma,,,,,606.0,1406.0882352941176,34,1.0,,
Bile duct cancer,,,,,606.0,1406.0882352941176,34,1.0,,
Bile duct carcinoma,,,,,606.0,1406.0882352941176,34,1.0,,
Bile duct disease,,,,,174.0,819.1904761904761,54,1.0,,
Biliary tract cancer,,,,,606.0,1406.0882352941176,34,1.0,,
Biliary tract disease,,,,,174.0,819.1904761904761,54,1.0,,
Bilirubin metabolic disorder,,,,,750.0,620.3333333333334,2,1.0,,
Bladder disease,,,,,615.0,1253.7096774193549,29,1.0,,
Blindness,,,,,44.0,68.77777777777777,9,1.0,,
Blood coagulation disease,,,,,353.0,500.9189189189189,29,1.0,,
Blood platelet disease,,,,,441.0,462.7142857142857,7,1.0,,
Blood protein disease,,,,,871.0,871.0,1,1.0,,
Bone benign neoplasm,,,,,27.0,27.0,1,1.0,,
Bone cancer,,,,,92.0,92.0,1,1.0,,
Bone deterioration disease,,,,,176.0,710.4615384615385,13,1.0,,
Bone development disease,,,,,106.0,231.59477124183007,106,0.9814814814814815,,
Bone disease,,,,,172.5,427.99295774647885,201,0.9901477832512315,,
Bone inflammation disease,,,,,328.0,812.7808219178082,60,1.0,,
Bone marrow cancer,,,,,471.0,690.3846153846154,20,1.0,,
Bone marrow disease,,,,,471.0,626.8888888888889,26,1.0,,
Bone remodeling disease,,,,,270.0,455.48571428571427,24,1.0,,
Bone resorption disease,,,,,325.0,325.0,1,1.0,,
Bone structure disease,,,,,176.0,710.4615384615385,13,1.0,,
Brachial plexus neuropathy,,,,,283.0,283.0,1,1.0,,
Brain cancer,,,,,641.5,641.5,2,1.0,,
Brain disease,,,,,94.0,175.09021406727828,533,0.9815837937384899,,
Brain small vessel disease,,,,,261.0,261.0,1,1.0,,
Breast disease,,,,,644.0,1373.3461538461538,26,1.0,,
Bronchial disease,,,,,98.5,161.57142857142858,14,1.0,,
Bullous skin disease,,,,,208.0,234.58620689655172,17,1.0,,
Calcinosis,,,,,529.0,423.3333333333333,3,1.0,,
Calcium metabolism disease,,,,,529.0,423.3333333333333,3,1.0,,
Carbohydrate metabolic disorder,,,,,120.5,333.8467741935484,198,0.9753694581280788,,
Carcinoma,,,,,474.0,1313.9344262295083,53,1.0,,
Cardiovascular organ benign neoplasm,,,,,916.0,916.0,1,1.0,,
Cardiovascular system disease,,,,,161.0,289.1675675675676,216,0.9818181818181818,,
Cell type benign neoplasm,,,,,330.0,422.375,8,1.0,,
Cell type cancer,,,,,379.0,1115.3131313131314,85,1.0,,
Central nervous system cancer,,,,,641.5,641.5,2,1.0,,
Central nervous system disease,,,,,103.0,233.21099290780143,884,0.9811320754716981,,
Cerebellar ataxia,,,,,132.5,206.48214285714286,51,0.9807692307692307,,
Cerebellar disease,,,,,129.0,201.47457627118644,54,0.9818181818181818,,
Cerebral amyloid angiopathy,,,,,238.0,957.4,13,1.0,,
Cerebral arterial disease,,,,,227.0,227.0,1,1.0,,
Cerebral creatine deficiency syndrome,,,,,63.0,74.33333333333333,3,1.0,,
Cerebral degeneration,,,,,94.5,135.8125,52,0.9811320754716981,,
Cerebrovascular disease,,,,,140.5,148.75,4,1.0,,
Childhood electroclinical syndrome,,,,,141.0,148.76923076923077,12,1.0,,
Cholestasis,,,,,93.0,131.10344827586206,20,1.0,,
Chondrodysplasia punctata,,,,,77.0,81.11111111111111,6,1.0,,
Choroid disease,,,,,137.5,137.5,2,1.0,,
Chromosomal deletion syndrome,,,,,103.0,253.94565217391303,86,0.9662921348314607,,
Chromosomal disease,,,,,102.0,273.72340425531917,129,0.9772727272727273,,
Chromosomal duplication syndrome,,,,,99.0,326.5217391304348,46,1.0,,
Chronic pulmonary heart disease,,,,,139.5,289.5,10,1.0,,
Ciliopathy,,,,,34.0,52.656488549618324,82,0.8817204301075269,,
Cognitive disorder,,,,,143.0,825.8205128205128,36,0.9230769230769231,,
Colitis,,,,,266.5,628.6666666666666,6,1.0,,
Collagen disease,,,,,79.5,147.92105263157896,21,1.0,,
Colonic disease,,,,,179.0,261.96,19,1.0,,
Combined T cell and B cell immunodeficiency,,,,,129.0,289.2,5,1.0,,
Combined immunodeficiency,,,,,157.0,218.73684210526315,29,1.0,,
Combined oxidative phosphorylation deficiency,,,,,71.5,71.5,2,1.0,,
Communication disorder,,,,,184.0,184.0,1,1.0,,
Complement deficiency,,,,,231.0,327.8888888888889,8,1.0,,
Complete generalized lipodystrophy,,,,,134.0,328.6,6,1.0,,
Congenital diarrhea,,,,,101.5,101.5,2,1.0,,
Congenital disorder of glycosylation type I,,,,,30.0,56.0,3,1.0,,
Congenital disorder of glycosylation type II,,,,,58.5,58.5,2,1.0,,
Congenital heart disease,,,,,110.0,158.44444444444446,9,1.0,,
Congenital hypoplastic anemia,,,,,213.0,334.9294117647059,48,1.0,,
Congenital muscular dystrophy-dystroglycanopathy type A,,,,,65.0,65.0,1,1.0,,
Congenital myopathy,,,,,116.0,193.58536585365854,21,1.0,,
Congenital nervous system abnormality,,,,,109.0,190.56637168141592,92,0.968421052631579,,
Congenital nonspherocytic hemolytic anemia,,,,,143.0,143.0,1,1.0,,
Congenital nystagmus,,,,,63.0,63.0,1,1.0,,
Congenital structural myopathy,,,,,248.0,221.71428571428572,7,1.0,,
Congestive heart failure,,,,,139.5,289.5,10,1.0,,
Connective tissue benign neoplasm,,,,,1019.0,1466.6666666666667,3,1.0,,
Connective tissue cancer,,,,,181.0,313.5833333333333,11,1.0,,
Connective tissue disease,,,,,175.0,458.8270042194093,324,0.9938650306748467,,
Contact dermatitis,,,,,298.0,298.0,2,1.0,,
Cor pulmonale,,,,,139.5,289.5,10,1.0,,
Corneal dystrophy,,,,,311.0,787.2631578947369,15,1.0,,
Corneal endothelial dystrophy,,,,,122.0,186.875,8,1.0,,
Cranial nerve disease,,,,,63.0,107.0909090909091,11,0.5238095238095238,,
Cystic kidney disease,,,,,274.0,245.33333333333334,3,1.0,,
Degeneration of macula and posterior pole,,,,,196.0,402.52941176470586,35,1.0,,
Dementia,,,,,2219.0,2019.7777777777778,7,0.875,,
Demyelinating disease,,,,,574.0,968.8,5,1.0,,
Dental enamel hypoplasia,,,,,49.0,65.06122448979592,31,1.0,,
Depressive disorder,,,,,169.5,254.83333333333334,6,0.8571428571428571,,
Dermatitis,,,,,208.0,238.67741935483872,19,1.0,,
Developmental and epileptic encephalopathy,,,,,141.0,145.90322580645162,29,1.0,,
Developmental disorder of mental health,,,,,129.0,222.85333333333332,68,1.0,,
Diaphragm disease,,,,,200.5,200.5,2,1.0,,
Diarrhea,,,,,101.5,101.5,2,1.0,,
Diffuse gastric cancer,,,,,1267.0,1267.0,2,1.0,,
Digenic disease,,,,,124.0,300.25714285714287,28,1.0,,
Disease,,,,,119.0,332.3886775224471,3739,0.9790521078816444,,
Disease by infectious agent,,,,,824.0,1081.5,26,1.0,,
Disease of anatomical entity,,,,,120.0,325.52275225324246,2723,0.9812612612612612,,
Disease of cellular proliferation,,,,,263.0,765.8980509745128,485,0.9979423868312757,,
Disease of mental health,,,,,147.5,540.474358974359,135,0.9782608695652174,,
Disease of metabolism,,,,,113.0,342.55403987408187,667,0.9624819624819625,,
Disorder of sexual development,,,,,193.0,451.42857142857144,23,1.0,,
Distal arthrogryposis,,,,,61.0,89.875,6,1.0,,
Distal myopathy,,,,,261.0,264.25,4,1.0,,
Drug dependence,,,,,286.0,664.5263157894736,19,1.0,,
Dysostosis,,,,,125.0,250.82978723404256,37,1.0,,
Ectodermal dysplasia,,,,,113.5,265.1666666666667,12,1.0,,
Electroclinical syndrome,,,,,124.5,135.98214285714286,45,1.0,,
Encephalitis,,,,,366.0,366.0,1,1.0,,
Endocrine gland cancer,,,,,226.0,925.4285714285714,7,1.0,,
Endocrine organ benign neoplasm,,,,,294.0,397.5,8,1.0,,
Endocrine system disease,,,,,172.0,472.734126984127,192,0.9948186528497409,,
Epithelial and subepithelial dystrophy,,,,,411.0,1273.0,5,1.0,,
Exostosis,,,,,144.5,144.5,2,1.0,,
Eye degenerative disease,,,,,69.0,154.43129770992365,169,0.9712643678160919,,
Eye disease,,,,,80.0,196.4763948497854,449,0.980349344978166,,
Familial chylomicronemia syndrome,,,,,784.0,784.0,1,1.0,,
Familial cold autoinflammatory syndrome,,,,,187.0,187.0,1,1.0,,
Familial periodic paralysis,,,,,164.0,144.66666666666666,2,1.0,,
Familial visceral amyloidosis,,,,,324.0,1001.5625,21,1.0,,
Female reproductive organ cancer,,,,,599.0,1750.0526315789473,19,1.0,,
Female reproductive system disease,,,,,181.0,724.9076923076923,63,0.984375,,
Fibrosarcoma,,,,,373.0,444.0,3,1.0,,
Focal dystonia,,,,,243.0,243.0,1,1.0,,
Focal epilepsy,,,,,82.0,104.1875,12,1.0,,
Frontal lobe epilepsy,,,,,77.0,103.0,9,1.0,,
Functioning pituitary adenoma,,,,,344.0,344.0,1,1.0,,
Fundus dystrophy,,,,,98.0,112.0,4,1.0,,
Fungal infectious disease,,,,,183.5,183.5,2,1.0,,
GM2 gangliosidosis,,,,,138.0,121.66666666666667,3,1.0,,
Gastrointestinal system cancer,,,,,558.0,1294.7441860465117,42,1.0,,
Gastrointestinal system disease,,,,,154.0,517.6984126984127,152,1.0,,
Generalized dystonia,,,,,105.0,105.0,1,1.0,,
Genetic disease,,,,,108.0,278.97083685545226,1675,0.9721416134648868,,
Glucose metabolism disease,,,,,261.0,503.67832167832165,105,0.9905660377358491,,
Glycogen metabolism disorder,,,,,102.0,130.0,21,0.9545454545454546,,
Gonadal disease,,,,,125.0,486.8880597014925,107,0.9907407407407407,,
Gonadal dysgenesis,,,,,167.0,224.0,14,1.0,,
Granular corneal dystrophy,,,,,319.0,319.0,1,1.0,,
Hair disease,,,,,77.0,164.1509433962264,48,1.0,,
Hair follicle neoplasm,,,,,3354.0,3354.0,1,1.0,,
Head and neck cancer,,,,,1717.0,3055.4285714285716,7,1.0,,
Head and neck carcinoma,,,,,1717.0,3055.4285714285716,7,1.0,,
Heart conduction disease,,,,,102.0,219.26315789473685,39,1.0,,
Heart disease,,,,,149.0,249.39261744966444,159,0.9754601226993865,,
Heart septal defect,,,,,153.5,164.5,8,1.0,,
Heart valve disease,,,,,504.0,504.0,2,1.0,,
Hemangioblastoma,,,,,916.0,916.0,1,1.0,,
Hemangioma,,,,,916.0,916.0,1,1.0,,
Hematologic cancer,,,,,466.0,641.9818181818182,49,1.0,,
Hematopoietic system disease,,,,,242.0,386.6408163265306,170,0.9941520467836257,,
Hemiplegia,,,,,160.5,160.5,2,1.0,,
Hemoglobinuria,,,,,73.5,73.5,2,1.0,,
Hemolytic anemia,,,,,164.0,206.6153846153846,41,0.9761904761904762,,
Hepatobiliary disease,,,,,174.0,748.9027777777778,63,1.0,,
Hepatobiliary system cancer,,,,,606.0,1406.0882352941176,34,1.0,,
Hereditary ataxia,,,,,138.0,213.32258064516128,55,0.9821428571428571,,
Hereditary lymphedema,,,,,286.0,286.0,1,1.0,,
Hereditary night blindness,,,,,41.5,70.95,15,1.0,,
Hereditary retinal dystrophy,,,,,196.0,196.0,1,1.0,,
Hereditary sensory and autonomic neuropathy type 1,,,,,160.0,160.0,1,1.0,,
Hereditary sensory neuropathy,,,,,190.0,280.625,8,1.0,,
Hidradenitis,,,,,201.0,392.0,3,1.0,,
Histidine metabolism disease,,,,,41.0,41.0,1,1.0,,
Histiocytosis,,,,,1633.0,1553.0,3,1.0,,
Hyper IgE syndrome,,,,,1857.0,1857.0,2,1.0,,
Hyper IgM syndrome,,,,,548.0,548.0,1,1.0,,
Hyperimmunoglobulin syndrome,,,,,548.0,1420.6666666666667,3,1.0,,
Hyperostosis,,,,,219.5,347.9,8,1.0,,
Hypersensitivity reaction disease,,,,,677.0,1052.909090909091,11,1.0,,
Hypersensitivity reaction type IV disease,,,,,677.0,1052.909090909091,11,1.0,,
Hypertrophic cardiomyopathy,,,,,161.0,199.26315789473685,19,1.0,,
Hypoglycemia,,,,,353.0,366.6666666666667,9,1.0,,
Hypogonadism,,,,,88.0,133.7560975609756,24,1.0,,
Hypogonadotropic hypogonadism,,,,,88.0,133.7560975609756,24,1.0,,
Hypolipoproteinemia,,,,,810.0,635.25,7,1.0,,
Hypomyelinating leukodystrophy,,,,,113.5,115.25,4,1.0,,
Hypopituitarism,,,,,109.0,190.53333333333333,30,1.0,,
Hypothyroidism,,,,,182.5,170.28125,20,1.0,,
ICD10:A,,,,,824.0,1098.5714285714287,10,1.0,,
ICD10:A8,,,,,824.0,1098.5714285714287,10,1.0,,
ICD10:A81,,,,,824.0,1098.5714285714287,10,1.0,,
ICD10:C,,,,,263.0,767.9417177914111,483,0.9979338842975206,,
ICD10:C1,,,,,1267.0,1267.0,2,1.0,,
ICD10:C16,,,,,1267.0,1267.0,2,1.0,,
ICD10:C2,,,,,606.0,1406.0882352941176,34,1.0,,
ICD10:C22,,,,,606.0,1406.0882352941176,34,1.0,,
ICD10:C221,,,,,606.0,1406.0882352941176,34,1.0,,
ICD10:C24,,,,,606.0,1406.0882352941176,34,1.0,,
ICD10:C4,,,,,315.0,574.3846153846154,13,1.0,,
ICD10:C44,,,,,289.5,353.1666666666667,6,1.0,,
ICD10:C47,,,,,315.0,764.0,7,1.0,,
ICD10:C470,,,,,315.0,764.0,7,1.0,,
ICD10:C5,,,,,599.0,1532.4,33,1.0,,
ICD10:C50,,,,,644.0,1373.3461538461538,26,1.0,,
ICD10:C56,,,,,599.0,1750.0526315789473,19,1.0,,
ICD10:C57,,,,,599.0,1750.0526315789473,19,1.0,,
ICD10:C6,,,,,431.5,1115.8461538461538,72,1.0,,
ICD10:C61,,,,,270.0,786.9444444444445,36,1.0,,
ICD10:C63,,,,,270.0,786.9444444444445,36,1.0,,
ICD10:C64,,,,,288.5,1514.3333333333333,12,1.0,,
ICD10:C67,,,,,716.0,1428.5555555555557,27,1.0,,
ICD10:C68,,,,,615.0,1454.948717948718,38,1.0,,
ICD10:C69,,,,,511.0,654.3333333333334,3,1.0,,
ICD10:C692,,,,,511.0,654.3333333333334,3,1.0,,
ICD10:C7,,,,,303.0,810.5,10,1.0,,
ICD10:C71,,,,,641.5,641.5,2,1.0,,
ICD10:C72,,,,,641.5,641.5,2,1.0,,
ICD10:C729,,,,,641.5,641.5,2,1.0,,
ICD10:C73,,,,,169.5,1036.0,6,1.0,,
ICD10:C75,,,,,244.0,852.75,8,1.0,,
ICD10:C750,,,,,262.0,262.0,1,1.0,,
ICD10:C759,,,,,226.0,925.4285714285714,7,1.0,,
ICD10:C8,,,,,263.0,766.7978395061729,482,0.9979296066252588,,
ICD10:C80,,,,,263.0,766.7978395061729,482,0.9979296066252588,,
ICD10:C84,,,,,316.0,398.2,5,1.0,,
ICD10:C840,,,,,316.0,398.2,5,1.0,,
ICD10:C844,,,,,316.0,398.2,5,1.0,,
ICD10:C85,,,,,316.0,572.2222222222222,9,1.0,,
ICD10:C88,,,,,1396.0,1396.0,2,1.0,,
ICD10:C880,,,,,1396.0,1396.0,2,1.0,,
ICD10:C9,,,,,402.0,701.4411764705883,33,1.0,,
ICD10:C90,,,,,214.0,655.1111111111111,9,1.0,,
ICD10:C900,,,,,214.0,655.1111111111111,9,1.0,,
ICD10:C92,,,,,402.0,610.45,20,1.0,,
ICD10:C920,,,,,338.0,628.5882352941177,17,1.0,,
ICD10:C94,,,,,1137.5,1137.5,2,1.0,,
ICD10:C941,,,,,1137.5,1137.5,2,1.0,,
ICD10:C95,,,,,402.0,610.45,20,1.0,,
ICD10:C96,,,,,523.0,1156.3333333333333,3,1.0,,
ICD10:C960,,,,,523.0,1156.3333333333333,3,1.0,,
ICD10:D,,,,,229.0,634.6579520697168,650,0.9969325153374233,,
ICD10:D0,,,,,169.5,1036.0,6,1.0,,
ICD10:D09,,,,,169.5,1036.0,6,1.0,,
ICD10:D1,,,,,471.5,471.5,2,1.0,,
ICD10:D16,,,,,27.0,27.0,1,1.0,,
ICD10:D18,,,,,916.0,916.0,1,1.0,,
ICD10:D180,,,,,916.0,916.0,1,1.0,,
ICD10:D3,,,,,328.0,735.2105263157895,17,1.0,,
ICD10:D35,,,,,294.0,397.5,8,1.0,,
ICD10:D36,,,,,328.0,735.2105263157895,17,1.0,,
ICD10:D4,,,,,263.0,764.1569506726457,485,0.9979423868312757,,
ICD10:D45,,,,,1137.5,1137.5,2,1.0,,
ICD10:D47,,,,,471.0,633.7272727272727,9,1.0,,
ICD10:D470,,,,,471.0,733.7777777777778,7,1.0,,
ICD10:D471,,,,,471.0,733.7777777777778,7,1.0,,
ICD10:D473,,,,,471.0,675.8,5,1.0,,
ICD10:D48,,,,,263.0,765.8980509745128,485,0.9979423868312757,,
ICD10:D5,,,,,146.0,241.09677419354838,27,1.0,,
ICD10:D51,,,,,146.0,146.0,1,1.0,,
ICD10:D512,,,,,146.0,146.0,1,1.0,,
ICD10:D53,,,,,64.0,64.0,2,1.0,,
ICD10:D531,,,,,64.0,64.0,2,1.0,,
ICD10:D56,,,,,519.5,562.5,4,1.0,,
ICD10:D560,,,,,364.0,459.6666666666667,3,1.0,,
ICD10:D561,,,,,871.0,871.0,1,1.0,,
ICD10:D569,,,,,519.5,562.5,4,1.0,,
ICD10:D58,,,,,134.0,151.69230769230768,9,1.0,,
ICD10:D580,,,,,134.0,158.2,5,1.0,,
ICD10:D581,,,,,149.0,147.625,8,1.0,,
ICD10:D59,,,,,143.0,270.72727272727275,11,1.0,,
ICD10:D593,,,,,143.0,270.72727272727275,11,1.0,,
ICD10:D6,,,,,209.0,298.62745098039215,101,0.9901960784313726,,
ICD10:D61,,,,,213.0,334.9294117647059,48,1.0,,
ICD10:D610,,,,,213.0,334.9294117647059,48,1.0,,
ICD10:D64,,,,,206.0,286.527397260274,94,0.9894736842105263,,
ICD10:D643,,,,,76.0,80.66666666666667,3,1.0,,
ICD10:D644,,,,,149.0,191.53846153846155,8,0.8888888888888888,,
ICD10:D649,,,,,206.0,286.527397260274,94,0.9894736842105263,,
ICD10:D68,,,,,361.0,551.0,7,1.0,,
ICD10:D680,,,,,1033.0,1033.0,1,1.0,,
ICD10:D681,,,,,238.0,238.0,1,1.0,,
ICD10:D682,,,,,361.0,517.2,5,1.0,,
ICD10:D7,,,,,238.5,268.20588235294116,24,1.0,,
ICD10:D70,,,,,128.0,173.1,9,1.0,,
ICD10:D71,,,,,199.0,216.72727272727272,6,1.0,,
ICD10:D75,,,,,367.0,461.8,6,1.0,,
ICD10:D750,,,,,367.0,461.8,6,1.0,,
ICD10:D76,,,,,93.0,128.66666666666666,3,1.0,,
ICD10:D761,,,,,93.0,128.66666666666666,3,1.0,,
ICD10:D8,,,,,160.0,368.23214285714283,47,1.0,,
ICD10:D80,,,,,304.0,246.66666666666666,3,1.0,,
ICD10:D800,,,,,304.0,246.66666666666666,3,1.0,,
ICD10:D81,,,,,157.0,205.73529411764707,25,1.0,,
ICD10:D813,,,,,268.0,268.0,1,1.0,,
ICD10:D815,,,,,129.0,129.0,1,1.0,,
ICD10:D816,,,,,236.0,218.66666666666666,3,1.0,,
ICD10:D817,,,,,55.0,92.75,4,1.0,,
ICD10:D819,,,,,157.0,208.06060606060606,24,1.0,,
ICD10:D82,,,,,187.5,1041.1666666666667,6,1.0,,
ICD10:D820,,,,,272.0,272.0,1,1.0,,
ICD10:D821,,,,,103.0,753.6666666666666,3,1.0,,
ICD10:D824,,,,,1857.0,1857.0,2,1.0,,
ICD10:D83,,,,,189.0,510.6923076923077,13,1.0,,
ICD10:E,,,,,115.0,357.7012345679012,849,0.9691780821917808,,
ICD10:E0,,,,,182.5,170.28125,20,1.0,,
ICD10:E03,,,,,182.5,170.28125,20,1.0,,
ICD10:E031,,,,,182.5,170.28125,20,1.0,,
ICD10:E039,,,,,182.5,170.28125,20,1.0,,
ICD10:E1,,,,,261.0,506.8510638297872,103,0.9903846153846154,,
ICD10:E10,,,,,934.5,1287.357142857143,14,1.0,,
ICD10:E11,,,,,284.0,1476.25,4,1.0,,
ICD10:E14,,,,,222.0,516.4090909090909,99,0.99,,
ICD10:E16,,,,,353.0,366.6666666666667,9,1.0,,
ICD10:E162,,,,,353.0,366.6666666666667,9,1.0,,
ICD10:E2,,,,,167.5,287.75,68,1.0,,
ICD10:E21,,,,,262.0,262.0,1,1.0,,
ICD10:E215,,,,,262.0,262.0,1,1.0,,
ICD10:E23,,,,,152.5,203.18421052631578,35,1.0,,
ICD10:E230,,,,,109.0,190.53333333333333,30,1.0,,
ICD10:E232,,,,,199.0,237.28571428571428,4,1.0,,
ICD10:E237,,,,,115.0,195.48387096774192,31,1.0,,
ICD10:E26,,,,,205.0,358.7142857142857,7,1.0,,
ICD10:E27,,,,,108.0,249.86666666666667,14,1.0,,
ICD10:E279,,,,,108.0,249.86666666666667,14,1.0,,
ICD10:E28,,,,,292.5,499.27777777777777,18,1.0,,
ICD10:E3,,,,,179.5,469.95348837209303,198,0.9949748743718593,,
ICD10:E31,,,,,263.0,334.85714285714283,7,1.0,,
ICD10:E310,,,,,225.0,225.0,1,1.0,,
ICD10:E35,,,,,172.0,472.734126984127,192,0.9948186528497409,,
ICD10:E5,,,,,146.0,146.0,1,1.0,,
ICD10:E53,,,,,146.0,146.0,1,1.0,,
ICD10:E538,,,,,146.0,146.0,1,1.0,,
ICD10:E6,,,,,79.0,257.55384615384617,65,0.9848484848484849,,
ICD10:E66,,,,,79.0,257.55384615384617,65,0.9848484848484849,,
ICD10:E7,,,,,104.5,193.8153846153846,209,0.9858490566037735,,
ICD10:E70,,,,,84.5,140.6875,15,1.0,,
ICD10:E700,,,,,226.0,207.4,4,1.0,,
ICD10:E702,,,,,51.0,51.0,1,1.0,,
ICD10:E703,,,,,82.0,124.66666666666667,9,1.0,,
ICD10:E708,,,,,41.0,41.0,1,1.0,,
ICD10:E71,,,,,108.0,93.82352941176471,14,1.0,,
ICD10:E710,,,,,108.0,102.625,5,1.0,,
ICD10:E711,,,,,70.0,75.125,8,1.0,,
ICD10:E713,,,,,173.0,173.0,1,1.0,,
ICD10:E72,,,,,78.0,167.7816091954023,79,0.9875,,
ICD10:E720,,,,,73.5,68.66666666666667,4,1.0,,
ICD10:E721,,,,,458.0,1046.2,5,1.0,,
ICD10:E722,,,,,167.0,161.0,7,1.0,,
ICD10:E729,,,,,78.0,168.7325581395349,78,0.9873417721518988,,
ICD10:E73,,,,,223.5,223.5,2,1.0,,
ICD10:E74,,,,,103.0,130.10526315789474,31,0.96875,,
ICD10:E740,,,,,102.0,130.0,21,0.9545454545454546,,
ICD10:E741,,,,,80.0,80.0,1,1.0,,
ICD10:E742,,,,,117.0,105.33333333333333,3,1.0,,
ICD10:E744,,,,,167.0,151.33333333333334,6,1.0,,
ICD10:E75,,,,,122.5,152.453125,41,0.9761904761904762,,
ICD10:E750,,,,,138.0,121.66666666666667,3,1.0,,
ICD10:E751,,,,,160.0,140.77777777777777,5,1.0,,
ICD10:E753,,,,,149.0,149.65217391304347,13,0.9285714285714286,,
ICD10:E754,,,,,92.0,156.8695652173913,14,1.0,,
ICD10:E756,,,,,122.5,152.453125,41,0.9761904761904762,,
ICD10:E76,,,,,84.5,76.95454545454545,14,1.0,,
ICD10:E77,,,,,87.5,97.5,6,1.0,,
ICD10:E771,,,,,87.5,97.5,6,1.0,,
ICD10:E78,,,,,192.0,514.060606060606,28,1.0,,
ICD10:E783,,,,,784.0,784.0,1,1.0,,
ICD10:E786,,,,,849.0,849.0,1,1.0,,
ICD10:E789,,,,,192.0,514.060606060606,28,1.0,,
ICD10:E79,,,,,165.0,169.8,5,1.0,,
ICD10:E8,,,,,113.0,343.8964435146444,668,0.962536023054755,,
ICD10:E80,,,,,149.0,320.7692307692308,12,1.0,,
ICD10:E802,,,,,86.0,203.0,9,1.0,,
ICD10:E803,,,,,482.0,482.0,1,1.0,,
ICD10:E804,,,,,750.0,750.0,1,1.0,,
ICD10:E805,,,,,750.0,750.0,1,1.0,,
ICD10:E806,,,,,361.0,361.0,1,1.0,,
ICD10:E807,,,,,750.0,620.3333333333334,2,1.0,,
ICD10:E83,,,,,164.0,258.15,18,1.0,,
ICD10:E84,,,,,304.0,770.3333333333334,3,1.0,,
ICD10:E85,,,,,282.0,972.45625,70,0.9722222222222222,,
ICD10:E88,,,,,113.0,342.55403987408187,667,0.9624819624819625,,
ICD10:E9,,,,,113.0,342.55403987408187,667,0.9624819624819625,,
ICD10:E90,,,,,113.0,342.55403987408187,667,0.9624819624819625,,
ICD10:F,,,,,170.0,819.780487804878,104,0.9541284403669725,,
ICD10:F0,,,,,608.0,1503.7674418604652,29,0.90625,,
ICD10:F00,,,,,423.5,1367.1764705882354,26,0.9285714285714286,,
ICD10:F02,,,,,2250.0,2598.6,4,0.8,,
ICD10:F03,,,,,2219.0,2019.7777777777778,7,0.875,,
ICD10:F2,,,,,93.5,425.6818181818182,22,0.9565217391304348,,
ICD10:F20,,,,,123.0,562.3125,16,0.9411764705882353,,
ICD10:F25,,,,,54.5,61.333333333333336,6,1.0,,
ICD10:F3,,,,,169.5,254.83333333333334,6,0.8571428571428571,,
ICD10:F32,,,,,169.5,254.83333333333334,6,0.8571428571428571,,
ICD10:F33,,,,,169.5,254.83333333333334,6,0.8571428571428571,,
ICD10:F39,,,,,169.5,254.83333333333334,6,0.8571428571428571,,
ICD10:F4,,,,,1567.5,1567.5,2,1.0,,
ICD10:F41,,,,,1567.5,1567.5,2,1.0,,
ICD10:F419,,,,,1567.5,1567.5,2,1.0,,
ICD10:F42,,,,,1567.5,1567.5,2,1.0,,
ICD10:F5,,,,,691.5,1550.625,8,1.0,,
ICD10:F51,,,,,691.5,1550.625,8,1.0,,
ICD10:F8,,,,,137.0,236.390243902439,40,1.0,,
ICD10:F84,,,,,137.0,236.390243902439,40,1.0,,
ICD10:F9,,,,,45.0,45.0,1,1.0,,
ICD10:F95,,,,,45.0,45.0,1,1.0,,
ICD10:G,,,,,99.0,231.911434236616,1085,0.9722222222222222,,
ICD10:G1,,,,,110.0,197.40972222222223,286,0.9565217391304348,,
ICD10:G10,,,,,793.0,793.0,1,1.0,,
ICD10:G11,,,,,67.5,123.3953488372093,73,0.9864864864864865,,
ICD10:G113,,,,,1572.0,1572.0,1,1.0,,
ICD10:G114,,,,,67.0,106.3529411764706,72,0.9863013698630136,,
ICD10:G12,,,,,240.0,352.0,58,0.9830508474576272,,
ICD10:G122,,,,,240.0,352.0,58,0.9830508474576272,,
ICD10:G129,,,,,141.0,391.1333333333333,15,1.0,,
ICD10:G13,,,,,101.5,164.38686131386862,184,0.9435897435897436,,
ICD10:G130,,,,,101.5,164.38686131386862,184,0.9435897435897436,,
ICD10:G2,,,,,127.5,310.0344827586207,94,0.9690721649484536,,
ICD10:G20,,,,,222.0,423.2950819672131,51,0.9807692307692307,,
ICD10:G23,,,,,1160.0,1160.0,2,1.0,,
ICD10:G230,,,,,101.0,101.0,1,1.0,,
ICD10:G231,,,,,2219.0,2219.0,1,1.0,,
ICD10:G24,,,,,105.0,166.41666666666666,49,0.9607843137254902,,
ICD10:G241,,,,,105.0,105.0,1,1.0,,
ICD10:G249,,,,,105.0,166.41666666666666,49,0.9607843137254902,,
ICD10:G25,,,,,98.0,89.16666666666667,6,1.0,,
ICD10:G258,,,,,98.0,89.16666666666667,6,1.0,,
ICD10:G3,,,,,119.0,619.352,98,0.8672566371681416,,
ICD10:G30,,,,,423.5,1367.1764705882354,26,0.9285714285714286,,
ICD10:G31,,,,,82.0,304.91764705882355,70,0.8235294117647058,,
ICD10:G310,,,,,1413.5,1296.25,3,1.0,,
ICD10:G318,,,,,69.0,255.96296296296296,67,0.8170731707317073,,
ICD10:G35,,,,,574.0,968.8,5,1.0,,
ICD10:G37,,,,,461.5,836.1666666666666,6,1.0,,
ICD10:G370,,,,,173.0,173.0,1,1.0,,
ICD10:G379,,,,,574.0,968.8,5,1.0,,
ICD10:G4,,,,,89.0,159.4820143884892,340,0.9855072463768116,,
ICD10:G40,,,,,88.0,128.82776349614397,317,0.9875389408099688,,
ICD10:G43,,,,,98.0,199.25,20,0.9523809523809523,,
ICD10:G47,,,,,691.5,1550.625,8,1.0,,
ICD10:G5,,,,,154.5,316.4,20,0.6666666666666666,,
ICD10:G52,,,,,63.0,107.0909090909091,11,0.5238095238095238,,
ICD10:G529,,,,,63.0,107.0909090909091,11,0.5238095238095238,,
ICD10:G54,,,,,283.0,283.0,1,1.0,,
ICD10:G540,,,,,283.0,283.0,1,1.0,,
ICD10:G545,,,,,283.0,283.0,1,1.0,,
ICD10:G56,,,,,355.5,608.375,8,1.0,,
ICD10:G560,,,,,355.5,608.375,8,1.0,,
ICD10:G6,,,,,113.0,1504.0,5,1.0,,
ICD10:G60,,,,,84.0,270.25,4,1.0,,
ICD10:G601,,,,,52.5,52.5,2,1.0,,
ICD10:G61,,,,,6439.0,6439.0,1,1.0,,
ICD10:G610,,,,,6439.0,6439.0,1,1.0,,
ICD10:G7,,,,,77.5,139.32258064516128,68,0.9855072463768116,,
ICD10:G71,,,,,77.5,139.32258064516128,68,0.9855072463768116,,
ICD10:G710,,,,,77.5,139.32258064516128,68,0.9855072463768116,,
ICD10:G711,,,,,165.0,165.0,2,1.0,,
ICD10:G712,,,,,59.0,112.08510638297872,31,1.0,,
ICD10:G8,,,,,68.0,107.59770114942529,74,0.9866666666666667,,
ICD10:G81,,,,,160.5,160.5,2,1.0,,
ICD10:G82,,,,,67.0,106.3529411764706,72,0.9863013698630136,,
ICD10:G822,,,,,67.0,106.3529411764706,72,0.9863013698630136,,
ICD10:G9,,,,,103.0,233.11769911504425,885,0.9811529933481153,,
ICD10:G90,,,,,180.5,180.5,2,1.0,,
ICD10:G93,,,,,94.0,175.09021406727828,533,0.9815837937384899,,
ICD10:G939,,,,,94.0,175.09021406727828,533,0.9815837937384899,,
ICD10:G96,,,,,103.0,233.21099290780143,884,0.9811320754716981,,
ICD10:G969,,,,,103.0,233.21099290780143,884,0.9811320754716981,,
ICD10:H,,,,,69.5,165.80769230769232,498,0.9669902912621359,,
ICD10:H1,,,,,206.0,569.5135135135135,30,0.967741935483871,,
ICD10:H18,,,,,206.0,569.5135135135135,30,0.967741935483871,,
ICD10:H185,,,,,311.0,787.2631578947369,15,1.0,,
ICD10:H186,,,,,167.5,339.6666666666667,18,0.9473684210526315,,
ICD10:H2,,,,,78.0,156.37373737373738,99,0.9705882352941176,,
ICD10:H21,,,,,420.0,420.0,1,1.0,,
ICD10:H219,,,,,420.0,420.0,1,1.0,,
ICD10:H26,,,,,78.0,150.85416666666666,96,0.9696969696969697,,
ICD10:H269,,,,,78.0,150.85416666666666,96,0.9696969696969697,,
ICD10:H27,,,,,78.0,153.68367346938774,98,0.9702970297029703,,
ICD10:H279,,,,,78.0,153.68367346938774,98,0.9702970297029703,,
ICD10:H3,,,,,68.0,155.03939393939393,205,0.9761904761904762,,
ICD10:H31,,,,,137.5,137.5,2,1.0,,
ICD10:H312,,,,,115.0,115.0,1,1.0,,
ICD10:H319,,,,,137.5,137.5,2,1.0,,
ICD10:H35,,,,,67.0,155.14634146341464,203,0.9759615384615384,,
ICD10:H353,,,,,196.0,402.52941176470586,35,1.0,,
ICD10:H355,,,,,196.0,196.0,1,1.0,,
ICD10:H359,,,,,66.0,155.02140672782875,203,0.9759615384615384,,
ICD10:H4,,,,,111.5,166.925,32,0.9411764705882353,,
ICD10:H40,,,,,176.0,211.4,15,1.0,,
ICD10:H42,,,,,176.0,211.4,15,1.0,,
ICD10:H47,,,,,48.0,48.0,1,1.0,,
ICD10:H472,,,,,48.0,48.0,1,1.0,,
ICD10:H49,,,,,104.0,144.08333333333334,16,0.8888888888888888,,
ICD10:H494,,,,,104.0,144.08333333333334,16,0.8888888888888888,,
ICD10:H5,,,,,52.0,71.48780487804878,36,1.0,,
ICD10:H52,,,,,63.0,75.45454545454545,11,1.0,,
ICD10:H520,,,,,53.5,62.0,4,1.0,,
ICD10:H521,,,,,68.0,83.14285714285714,7,1.0,,
ICD10:H527,,,,,63.0,75.45454545454545,11,1.0,,
ICD10:H53,,,,,44.0,70.27586206896552,24,1.0,,
ICD10:H535,,,,,44.0,68.77777777777777,9,1.0,,
ICD10:H536,,,,,41.5,70.95,15,1.0,,
ICD10:H54,,,,,44.0,68.77777777777777,9,1.0,,
ICD10:H55,,,,,63.0,63.0,1,1.0,,
ICD10:H7,,,,,61.5,124.12727272727273,138,0.9583333333333334,,
ICD10:H70,,,,,61.5,124.12727272727273,138,0.9583333333333334,,
ICD10:H9,,,,,61.5,124.12727272727273,138,0.9583333333333334,,
ICD10:H93,,,,,61.5,124.12727272727273,138,0.9583333333333334,,
ICD10:H939,,,,,61.5,124.12727272727273,138,0.9583333333333334,,
ICD10:I,,,,,160.5,327.68279569892474,203,0.9806763285024155,,
ICD10:I0,,,,,311.0,311.0,1,1.0,,
ICD10:I06,,,,,311.0,311.0,1,1.0,,
ICD10:I060,,,,,311.0,311.0,1,1.0,,
ICD10:I2,,,,,139.5,289.5,10,1.0,,
ICD10:I27,,,,,139.5,289.5,10,1.0,,
ICD10:I270,,,,,139.5,289.5,10,1.0,,
ICD10:I279,,,,,139.5,289.5,10,1.0,,
ICD10:I3,,,,,311.0,311.0,1,1.0,,
ICD10:I35,,,,,311.0,311.0,1,1.0,,
ICD10:I350,,,,,311.0,311.0,1,1.0,,
ICD10:I359,,,,,311.0,311.0,1,1.0,,
ICD10:I4,,,,,149.0,245.5611510791367,143,0.9727891156462585,,
ICD10:I42,,,,,158.0,256.25,123,0.968503937007874,,
ICD10:I43,,,,,158.0,256.25,123,0.968503937007874,,
ICD10:I45,,,,,149.0,240.66336633663366,45,1.0,,
ICD10:I456,,,,,149.0,149.0,1,1.0,,
ICD10:I458,,,,,229.0,313.4516129032258,16,1.0,,
ICD10:I459,,,,,102.0,219.26315789473685,39,1.0,,
ICD10:I49,,,,,100.0,306.0,3,1.0,,
ICD10:I495,,,,,100.0,306.0,3,1.0,,
ICD10:I5,,,,,149.0,249.39261744966444,159,0.9754601226993865,,
ICD10:I50,,,,,139.5,289.5,10,1.0,,
ICD10:I500,,,,,139.5,289.5,10,1.0,,
ICD10:I51,,,,,149.0,249.39261744966444,159,0.9754601226993865,,
ICD10:I519,,,,,149.0,249.39261744966444,159,0.9754601226993865,,
ICD10:I6,,,,,211.0,874.4615384615385,17,1.0,,
ICD10:I67,,,,,140.5,148.75,4,1.0,,
ICD10:I675,,,,,227.0,227.0,1,1.0,,
ICD10:I679,,,,,140.5,148.75,4,1.0,,
ICD10:I68,,,,,238.0,957.4,13,1.0,,
ICD10:I680,,,,,238.0,957.4,13,1.0,,
ICD10:I7,,,,,307.0,397.90909090909093,25,1.0,,
ICD10:I70,,,,,610.0,539.0,8,1.0,,
ICD10:I71,,,,,282.5,359.0,16,1.0,,
ICD10:I711,,,,,282.5,359.0,16,1.0,,
ICD10:I712,,,,,419.5,453.0,8,1.0,,
ICD10:I713,,,,,282.5,359.0,16,1.0,,
ICD10:I718,,,,,282.5,359.0,16,1.0,,
ICD10:I73,,,,,203.0,203.0,1,1.0,,
ICD10:I738,,,,,203.0,203.0,1,1.0,,
ICD10:I8,,,,,172.0,172.0,2,1.0,,
ICD10:I87,,,,,303.0,303.0,1,1.0,,
ICD10:I879,,,,,303.0,303.0,1,1.0,,
ICD10:I88,,,,,41.0,41.0,1,1.0,,
ICD10:J,,,,,262.0,920.9583333333334,72,1.0,,
ICD10:J4,,,,,98.5,161.57142857142858,14,1.0,,
ICD10:J45,,,,,98.5,157.91666666666666,12,1.0,,
ICD10:J47,,,,,183.5,183.5,2,1.0,,
ICD10:J8,,,,,428.0,1120.6666666666667,57,1.0,,
ICD10:J85,,,,,428.0,1120.6666666666667,57,1.0,,
ICD10:J9,,,,,413.5,1104.2586206896551,58,1.0,,
ICD10:J93,,,,,169.0,169.0,1,1.0,,
ICD10:J98,,,,,428.0,1120.6666666666667,57,1.0,,
ICD10:J984,,,,,428.0,1120.6666666666667,57,1.0,,
ICD10:K,,,,,148.0,506.44198895027625,147,1.0,,
ICD10:K0,,,,,49.0,65.5,32,1.0,,
ICD10:K00,,,,,49.0,65.5,32,1.0,,
ICD10:K004,,,,,49.0,65.06122448979592,31,1.0,,
ICD10:K005,,,,,49.0,65.5,32,1.0,,
ICD10:K03,,,,,49.0,65.06122448979592,31,1.0,,
ICD10:K039,,,,,49.0,65.06122448979592,31,1.0,,
ICD10:K1,,,,,72.0,72.0,1,1.0,,
ICD10:K10,,,,,72.0,72.0,1,1.0,,
ICD10:K108,,,,,72.0,72.0,1,1.0,,
ICD10:K3,,,,,1267.0,1267.0,2,1.0,,
ICD10:K31,,,,,1267.0,1267.0,2,1.0,,
ICD10:K319,,,,,1267.0,1267.0,2,1.0,,
ICD10:K4,,,,,200.5,200.5,2,1.0,,
ICD10:K44,,,,,200.5,200.5,2,1.0,,
ICD10:K5,,,,,255.5,559.0192307692307,45,1.0,,
ICD10:K50,,,,,306.0,924.2272727272727,21,1.0,,
ICD10:K51,,,,,306.0,924.2272727272727,21,1.0,,
ICD10:K52,,,,,306.0,924.2272727272727,21,1.0,,
ICD10:K59,,,,,255.5,559.0192307692307,45,1.0,,
ICD10:K599,,,,,255.5,559.0192307692307,45,1.0,,
ICD10:K7,,,,,232.0,256.8888888888889,9,1.0,,
ICD10:K70,,,,,181.5,250.66666666666666,6,1.0,,
ICD10:K700,,,,,181.5,250.66666666666666,6,1.0,,
ICD10:K76,,,,,232.0,256.8888888888889,9,1.0,,
ICD10:K769,,,,,232.0,256.8888888888889,9,1.0,,
ICD10:K8,,,,,174.0,819.1904761904761,54,1.0,,
ICD10:K83,,,,,174.0,819.1904761904761,54,1.0,,
ICD10:K831,,,,,93.0,131.10344827586206,20,1.0,,
ICD10:K839,,,,,174.0,819.1904761904761,54,1.0,,
ICD10:K9,,,,,1197.0,1197.0,2,1.0,,
ICD10:K90,,,,,1197.0,1197.0,2,1.0,,
ICD10:K900,,,,,1197.0,1197.0,2,1.0,,
ICD10:L,,,,,208.0,489.1751592356688,230,0.9956709956709957,,
ICD10:L0,,,,,41.0,41.0,1,1.0,,
ICD10:L04,,,,,41.0,41.0,1,1.0,,
ICD10:L1,,,,,155.0,155.0,1,1.0,,
ICD10:L10,,,,,155.0,155.0,1,1.0,,
ICD10:L2,,,,,201.0,503.56716417910445,200,0.9950248756218906,,
ICD10:L20,,,,,298.0,298.0,2,1.0,,
ICD10:L200,,,,,298.0,298.0,2,1.0,,
ICD10:L23,,,,,298.0,298.0,2,1.0,,
ICD10:L25,,,,,298.0,298.0,2,1.0,,
ICD10:L27,,,,,201.0,503.56716417910445,200,0.9950248756218906,,
ICD10:L279,,,,,201.0,503.56716417910445,200,0.9950248756218906,,
ICD10:L3,,,,,208.0,238.67741935483872,19,1.0,,
ICD10:L30,,,,,208.0,238.67741935483872,19,1.0,,
ICD10:L309,,,,,208.0,238.67741935483872,19,1.0,,
ICD10:L4,,,,,667.5,1013.875,8,1.0,,
ICD10:L40,,,,,667.5,1013.875,8,1.0,,
ICD10:L405,,,,,667.5,1013.875,8,1.0,,
ICD10:L5,,,,,54.0,54.0,1,1.0,,
ICD10:L50,,,,,54.0,54.0,1,1.0,,
ICD10:L6,,,,,388.5,875.62,50,1.0,,
ICD10:L60,,,,,46.0,46.0,2,1.0,,
ICD10:L63,,,,,459.0,905.5777777777778,45,1.0,,
ICD10:L64,,,,,2708.0,2708.0,1,1.0,,
ICD10:L65,,,,,115.0,115.0,2,1.0,,
ICD10:L7,,,,,878.0,1244.0,7,1.0,,
ICD10:L71,,,,,1913.0,1883.0,4,1.0,,
ICD10:L73,,,,,201.0,392.0,3,1.0,,
ICD10:L732,,,,,201.0,392.0,3,1.0,,
ICD10:L8,,,,,263.0,307.6923076923077,12,1.0,,
ICD10:L80,,,,,394.5,394.5,2,1.0,,
ICD10:L81,,,,,97.0,218.4,5,1.0,,
ICD10:L819,,,,,97.0,218.4,5,1.0,,
ICD10:L82,,,,,289.5,353.1666666666667,6,1.0,,
ICD10:L9,,,,,245.0,389.35,27,1.0,,
ICD10:L93,,,,,245.0,389.35,27,1.0,,
ICD10:M,,,,,297.5,634.4240506329114,110,1.0,,
ICD10:M0,,,,,555.5,1086.53125,31,1.0,,
ICD10:M05,,,,,555.5,1086.53125,31,1.0,,
ICD10:M06,,,,,555.5,1086.53125,31,1.0,,
ICD10:M069,,,,,555.5,1086.53125,31,1.0,,
ICD10:M08,,,,,555.5,1102.5357142857142,28,1.0,,
ICD10:M084,,,,,555.5,1102.5357142857142,28,1.0,,
ICD10:M1,,,,,406.0,866.0566037735849,48,1.0,,
ICD10:M10,,,,,219.0,320.1666666666667,6,1.0,,
ICD10:M13,,,,,406.0,866.0566037735849,48,1.0,,
ICD10:M139,,,,,406.0,866.0566037735849,48,1.0,,
ICD10:M2,,,,,144.5,144.5,2,1.0,,
ICD10:M25,,,,,144.5,144.5,2,1.0,,
ICD10:M257,,,,,144.5,144.5,2,1.0,,
ICD10:M3,,,,,259.0,395.76363636363635,33,1.0,,
ICD10:M30,,,,,83.0,150.0,3,1.0,,
ICD10:M31,,,,,483.5,483.5,2,1.0,,
ICD10:M311,,,,,539.0,539.0,1,1.0,,
ICD10:M313,,,,,428.0,428.0,1,1.0,,
ICD10:M32,,,,,245.0,389.35,27,1.0,,
ICD10:M34,,,,,225.0,255.16666666666666,6,1.0,,
ICD10:M340,,,,,225.0,255.16666666666666,6,1.0,,
ICD10:M35,,,,,483.5,811.25,4,1.0,,
ICD10:M350,,,,,663.0,663.0,1,1.0,,
ICD10:M352,,,,,304.0,860.6666666666666,3,1.0,,
ICD10:M4,,,,,328.0,718.1764705882352,17,1.0,,
ICD10:M45,,,,,328.0,718.1764705882352,17,1.0,,
ICD10:M5,,,,,176.0,710.4615384615385,13,1.0,,
ICD10:M50,,,,,176.0,710.4615384615385,13,1.0,,
ICD10:M6,,,,,189.0,189.0,1,1.0,,
ICD10:M61,,,,,189.0,189.0,1,1.0,,
ICD10:M611,,,,,189.0,189.0,1,1.0,,
ICD10:M7,,,,,1126.0,1277.0,5,1.0,,
ICD10:M79,,,,,1126.0,1277.0,5,1.0,,
ICD10:M797,,,,,1126.0,1277.0,5,1.0,,
ICD10:M8,,,,,201.0,515.6538461538462,24,1.0,,
ICD10:M81,,,,,325.0,325.0,1,1.0,,
ICD10:M815,,,,,325.0,325.0,1,1.0,,
ICD10:M819,,,,,325.0,325.0,1,1.0,,
ICD10:M85,,,,,176.0,710.4615384615385,13,1.0,,
ICD10:M859,,,,,176.0,710.4615384615385,13,1.0,,
ICD10:M86,,,,,183.5,183.5,2,1.0,,
ICD10:M89,,,,,219.5,347.9,8,1.0,,
ICD10:M893,,,,,219.5,347.9,8,1.0,,
ICD10:M9,,,,,381.0,381.0,1,1.0,,
ICD10:M91,,,,,381.0,381.0,1,1.0,,
ICD10:M912,,,,,381.0,381.0,1,1.0,,
ICD10:M913,,,,,381.0,381.0,1,1.0,,
ICD10:N,,,,,162.0,556.042328042328,158,1.0,,
ICD10:N0,,,,,166.0,277.6,5,1.0,,
ICD10:N04,,,,,166.0,277.6,5,1.0,,
ICD10:N2,,,,,405.0,457.54545454545456,11,1.0,,
ICD10:N20,,,,,529.0,518.4444444444445,9,1.0,,
ICD10:N25,,,,,183.5,183.5,2,1.0,,
ICD10:N251,,,,,183.5,183.5,2,1.0,,
ICD10:N3,,,,,113.5,498.08,124,1.0,,
ICD10:N32,,,,,615.0,1253.7096774193549,29,1.0,,
ICD10:N329,,,,,615.0,1253.7096774193549,29,1.0,,
ICD10:N39,,,,,113.5,498.08,124,1.0,,
ICD10:N399,,,,,113.5,498.08,124,1.0,,
ICD10:N4,,,,,268.0,778.974358974359,39,1.0,,
ICD10:N42,,,,,270.0,786.9444444444445,36,1.0,,
ICD10:N429,,,,,270.0,786.9444444444445,36,1.0,,
ICD10:N46,,,,,80.0,683.3333333333334,3,1.0,,
ICD10:O,,,,,361.0,497.3777777777778,37,1.0,,
ICD10:O2,,,,,424.0,481.0,8,1.0,,
ICD10:O24,,,,,424.0,481.0,8,1.0,,
ICD10:O7,,,,,353.0,500.9189189189189,29,1.0,,
ICD10:O72,,,,,353.0,500.9189189189189,29,1.0,,
ICD10:O723,,,,,353.0,500.9189189189189,29,1.0,,
ICD10:Q,,,,,110.0,244.63636363636363,462,0.9892933618843683,,
ICD10:Q0,,,,,117.0,210.08955223880596,54,0.9473684210526315,,
ICD10:Q02,,,,,111.5,131.83333333333334,35,0.9459459459459459,,
ICD10:Q03,,,,,53.0,108.0,3,1.0,,
ICD10:Q031,,,,,53.0,108.0,3,1.0,,
ICD10:Q04,,,,,118.0,207.28571428571428,15,0.9375,,
ICD10:Q042,,,,,118.0,207.28571428571428,15,0.9375,,
ICD10:Q05,,,,,3862.0,3862.0,1,1.0,,
ICD10:Q1,,,,,91.0,177.97894736842105,66,1.0,,
ICD10:Q11,,,,,91.0,177.97894736842105,66,1.0,,
ICD10:Q112,,,,,91.0,177.97894736842105,66,1.0,,
ICD10:Q2,,,,,163.0,173.7,10,1.0,,
ICD10:Q21,,,,,153.5,164.5,8,1.0,,
ICD10:Q211,,,,,153.5,164.5,8,1.0,,
ICD10:Q24,,,,,110.0,158.44444444444446,9,1.0,,
ICD10:Q249,,,,,110.0,158.44444444444446,9,1.0,,
ICD10:Q25,,,,,210.5,210.5,2,1.0,,
ICD10:Q250,,,,,110.0,110.0,1,1.0,,
ICD10:Q253,,,,,311.0,311.0,1,1.0,,
ICD10:Q4,,,,,230.0,268.1304347826087,17,1.0,,
ICD10:Q43,,,,,230.0,267.95,14,1.0,,
ICD10:Q431,,,,,230.0,267.95,14,1.0,,
ICD10:Q44,,,,,358.0,269.3333333333333,3,1.0,,
ICD10:Q447,,,,,358.0,269.3333333333333,3,1.0,,
ICD10:Q5,,,,,272.0,666.5555555555555,8,1.0,,
ICD10:Q56,,,,,272.0,666.5555555555555,8,1.0,,
ICD10:Q6,,,,,53.0,73.78947368421052,25,1.0,,
ICD10:Q61,,,,,53.0,73.78947368421052,25,1.0,,
ICD10:Q615,,,,,52.0,59.08571428571429,22,1.0,,
ICD10:Q7,,,,,98.0,222.9402985074627,139,0.9858156028368794,,
ICD10:Q74,,,,,61.0,151.11111111111111,7,1.0,,
ICD10:Q740,,,,,641.0,641.0,1,1.0,,
ICD10:Q743,,,,,61.0,89.875,6,1.0,,
ICD10:Q75,,,,,145.0,267.5483870967742,29,1.0,,
ICD10:Q750,,,,,141.0,279.5357142857143,26,1.0,,
ICD10:Q751,,,,,711.0,711.0,1,1.0,,
ICD10:Q754,,,,,151.0,155.66666666666666,3,1.0,,
ICD10:Q76,,,,,41.5,40.75,4,1.0,,
ICD10:Q761,,,,,41.5,40.75,4,1.0,,
ICD10:Q77,,,,,46.0,157.8421052631579,16,0.8888888888888888,,
ICD10:Q770,,,,,99.0,187.33333333333334,3,1.0,,
ICD10:Q771,,,,,615.0,615.0,1,1.0,,
ICD10:Q772,,,,,42.0,47.0,9,0.8181818181818182,,
ICD10:Q774,,,,,615.0,615.0,1,1.0,,
ICD10:Q776,,,,,38.5,38.5,2,1.0,,
ICD10:Q777,,,,,45.0,45.0,1,1.0,,
ICD10:Q78,,,,,115.0,279.5272727272727,72,1.0,,
ICD10:Q780,,,,,99.0,188.11363636363637,27,1.0,,
ICD10:Q781,,,,,691.0,691.0,1,1.0,,
ICD10:Q782,,,,,192.0,288.05,13,1.0,,
ICD10:Q783,,,,,5005.0,5005.0,1,1.0,,
ICD10:Q784,,,,,743.5,743.5,2,1.0,,
ICD10:Q785,,,,,110.0,110.0,1,1.0,,
ICD10:Q786,,,,,144.5,144.5,2,1.0,,
ICD10:Q789,,,,,101.0,211.4578313253012,54,1.0,,
ICD10:Q79,,,,,79.5,150.55,23,1.0,,
ICD10:Q790,,,,,200.5,200.5,2,1.0,,
ICD10:Q796,,,,,79.5,147.92105263157896,21,1.0,,
ICD10:Q8,,,,,213.0,353.2631578947368,106,1.0,,
ICD10:Q81,,,,,229.0,237.42857142857142,16,1.0,,
ICD10:Q810,,,,,316.0,300.3333333333333,3,1.0,,
ICD10:Q82,,,,,271.0,374.8695652173913,21,1.0,,
ICD10:Q820,,,,,286.0,286.0,1,1.0,,
ICD10:Q821,,,,,271.0,373.09090909090907,9,1.0,,
ICD10:Q822,,,,,541.5,625.0,6,1.0,,
ICD10:Q824,,,,,77.0,81.75,4,1.0,,
ICD10:Q828,,,,,155.0,155.0,1,1.0,,
ICD10:Q85,,,,,586.0,606.6,5,1.0,,
ICD10:Q850,,,,,638.0,638.0,1,1.0,,
ICD10:Q851,,,,,446.5,446.5,2,1.0,,
ICD10:Q858,,,,,751.0,751.0,2,1.0,,
ICD10:Q87,,,,,164.0,372.4805194805195,68,1.0,,
ICD10:Q870,,,,,711.0,463.42857142857144,6,1.0,,
ICD10:Q871,,,,,226.0,439.0,30,1.0,,
ICD10:Q872,,,,,1007.0,871.8,5,1.0,,
ICD10:Q873,,,,,410.5,572.5,6,1.0,,
ICD10:Q874,,,,,526.0,526.0,1,1.0,,
ICD10:Q878,,,,,74.5,118.03846153846153,20,1.0,,
ICD10:Q9,,,,,105.5,285.54411764705884,65,1.0,,
ICD10:Q90,,,,,203.0,1369.5714285714287,7,1.0,,
ICD10:Q91,,,,,46.0,46.0,2,1.0,,
ICD10:Q913,,,,,58.0,58.0,1,1.0,,
ICD10:Q917,,,,,34.0,34.0,1,1.0,,
ICD10:Q93,,,,,128.0,153.75,8,1.0,,
ICD10:Q933,,,,,146.5,133.5,4,1.0,,
ICD10:Q934,,,,,98.0,98.0,1,1.0,,
ICD10:Q935,,,,,132.0,199.33333333333334,3,1.0,,
ICD10:Q96,,,,,138.0,138.0,1,1.0,,
ICD10:Q960,,,,,138.0,138.0,1,1.0,,
ICD10:Q98,,,,,85.0,114.72727272727273,33,1.0,,
ICD10:Q980,,,,,85.0,114.72727272727273,33,1.0,,
ICD10:Q984,,,,,85.0,114.72727272727273,33,1.0,,
ICD10:Q99,,,,,180.0,262.3333333333333,15,1.0,,
ICD10:Q991,,,,,167.0,224.0,14,1.0,,
ICD10:Q992,,,,,914.0,914.0,1,1.0,,
ICD10:root,,,,,120.0,339.11153289949385,3336,0.9823321554770318,,
Ichthyosis,,,,,51.5,79.625,12,1.0,,
Idiopathic generalized epilepsy,,,,,153.0,155.0,7,1.0,,
Immune system cancer,,,,,316.0,572.2222222222222,9,1.0,,
Immune system disease,,,,,304.0,722.6084337349398,210,1.0,,
Inherited metabolic disorder,,,,,112.0,303.375,589,0.9592833876221498,,
Integumentary system benign neoplasm,,,,,316.0,781.8571428571429,7,1.0,,
Integumentary system cancer,,,,,316.0,373.6363636363636,6,1.0,,
Integumentary system disease,,,,,157.0,446.28395061728395,247,0.9959677419354839,,
Intellectual disability,,,,,122.5,212.28125,31,1.0,,
Interstitial lung disease,,,,,139.0,647.32,25,1.0,,
Intestinal disease,,,,,255.5,559.0192307692307,45,1.0,,
Intracranial arterial disease,,,,,227.0,227.0,1,1.0,,
Intrinsic cardiomyopathy,,,,,209.0,273.07272727272726,67,0.9852941176470589,,
Iris disease,,,,,420.0,420.0,1,1.0,,
Iron metabolism disease,,,,,234.0,234.0,1,1.0,,
Ischemic bone disease,,,,,278.5,278.5,2,1.0,,
Keratosis,,,,,114.0,185.68085106382978,44,0.9777777777777777,,
Kidney cancer,,,,,288.5,1514.3333333333333,12,1.0,,
Kidney disease,,,,,78.5,321.74528301886795,81,1.0,,
Lens disease,,,,,78.0,153.68367346938774,98,0.9702970297029703,,
Leukemia,,,,,402.0,610.45,20,1.0,,
Leukocyte disease,,,,,253.0,455.08,24,1.0,,
Leukopenia,,,,,128.0,173.1,9,1.0,,
Lipid metabolism disorder,,,,,192.0,514.060606060606,28,1.0,,
Lipid storage disease,,,,,122.5,152.453125,41,0.9761904761904762,,
Lipodystrophy,,,,,134.0,443.7647058823529,13,1.0,,
Liver disease,,,,,232.0,256.8888888888889,9,1.0,,
Lower respiratory tract disease,,,,,262.0,920.9583333333334,72,1.0,,
Lung disease,,,,,428.0,1120.6666666666667,57,1.0,,
Lupus erythematosus,,,,,245.0,389.35,27,1.0,,
Lymph node disease,,,,,41.0,41.0,1,1.0,,
Lymphadenitis,,,,,41.0,41.0,1,1.0,,
Lymphatic system cancer,,,,,316.0,572.2222222222222,9,1.0,,
Lymphatic system disease,,,,,274.5,608.95,19,1.0,,
Lymphedema,,,,,286.0,286.0,1,1.0,,
Lymphoma,,,,,316.0,572.2222222222222,9,1.0,,
Lymphoproliferative syndrome,,,,,183.5,183.5,2,1.0,,
Lysosomal storage disease,,,,,95.5,131.52173913043478,61,0.9838709677419355,,
MELAS syndrome,,,0.0,0.0,,,0,0.0,,
MERRF syndrome,,,0.0,0.0,,,0,0.0,,
MLS syndrome,,,,,66.0,66.0,1,1.0,,
Macrocytic anemia,,,,,64.0,64.0,2,1.0,,
Male infertility,,,,,80.0,683.3333333333334,3,1.0,,
Male infertility due to globozoospermia,,,,,26.0,26.0,1,1.0,,
Male reproductive organ cancer,,,,,270.0,786.9444444444445,36,1.0,,
Male reproductive system disease,,,,,266.0,761.875,40,1.0,,
Mastocytosis,,,,,541.5,625.0,6,1.0,,
Mature T-cell and NK-cell lymphoma,,,,,316.0,398.2,5,1.0,,
Megacolon,,,,,230.0,267.95,14,1.0,,
Metal metabolism disorder,,,,,164.0,258.15,18,1.0,,
Microcytic anemia,,,,,340.0,356.0,7,1.0,,
Migraine with aura,,,,,220.5,246.25,4,1.0,,
Mineral metabolism disease,,,,,183.5,278.7,9,1.0,,
Mitochondrial DNA depletion syndrome,,,,,104.0,143.27272727272728,9,1.0,,
Mitochondrial encephalomyopathy,,,,,,,0,0.0,,
Mitochondrial metabolism disease,,,,,64.0,91.58928571428571,113,0.8625954198473282,,
Mitochondrial myopathy,,,,,104.0,144.08333333333334,16,0.5333333333333333,,
Monogenic disease,,,,,113.0,289.15691007845504,1216,0.9814366424535916,,
Mood disorder,,,,,169.5,254.83333333333334,6,0.8571428571428571,,
Motor neuron disease,,,,,240.0,352.0,58,0.9830508474576272,,
Mouth disease,,,,,49.0,65.5,32,1.0,,
Movement disease,,,,,109.0,219.7846153846154,53,0.9636363636363636,,
Mucolipidosis,,,,,81.0,95.875,4,1.0,,
Multifocal dystonia,,,,,205.0,205.0,1,1.0,,
Multiple carboxylase deficiency,,,,,68.5,68.5,2,1.0,,
Muscle tissue disease,,,,,104.0,154.8733031674208,121,0.8897058823529411,,
Muscular disease,,,,,104.0,156.8122270742358,129,0.8958333333333334,,
Muscular dystrophy,,,,,77.5,139.32258064516128,68,0.9855072463768116,,
Muscular dystrophy-dystroglycanopathy,,,,,65.0,65.0,1,1.0,,
Musculoskeletal system benign neoplasm,,,,,1019.0,1466.6666666666667,3,1.0,,
Musculoskeletal system cancer,,,,,181.0,313.5833333333333,11,1.0,,
Musculoskeletal system disease,,,,,136.0,326.8375,555,0.9668989547038328,,
"Myeloid and lymphoid neoplasms with eosinophilia and abnormalities of PDGFRA, PDGFRB, and FGFR1",,,,,368.0,368.0,2,1.0,,
Myeloid leukemia,,,,,402.0,610.45,20,1.0,,
Myeloid neoplasm,,,,,471.0,690.3846153846154,20,1.0,,
Myeloproliferative neoplasm,,,,,471.0,733.7777777777778,7,1.0,,
Myotonic disease,,,,,165.0,165.0,2,1.0,,
NARP syndrome,,,0.0,0.0,,,0,0.0,,
Nail disease,,,,,46.0,46.0,2,1.0,,
Neonatal diabetes,,,,,353.0,460.4,5,1.0,,
Neonatal period electroclinical syndrome,,,,,143.0,143.0,2,1.0,,
Nephrosis,,,,,166.0,277.6,5,1.0,,
Nephrotic syndrome,,,,,166.0,277.6,5,1.0,,
Nerve compression syndrome,,,,,355.5,608.375,8,1.0,,
Nervous system cancer,,,,,511.0,716.1666666666666,11,1.0,,
Nervous system disease,,,,,93.0,216.67147225862823,1554,0.9773584905660377,,
Neural tube defect,,,,,106.0,1338.6666666666667,3,1.0,,
Neuroacanthocytosis,,,,,73.0,73.0,2,1.0,,
Neurodegeneration with brain iron accumulation,,,,,101.0,129.4,5,1.0,,
Neuromuscular disease,,,,,102.0,167.59217877094972,112,0.9824561403508771,,
Neuromuscular junction disease,,,,,59.5,88.60526315789474,26,1.0,,
Neutropenia,,,,,128.0,173.1,9,1.0,,
Night blindness,,,,,41.5,70.95,15,1.0,,
Nonsyndromic congenital nail disorder,,,,,46.0,46.0,2,1.0,,
Normocytic anemia,,,,,206.0,286.22627737226276,88,0.9887640449438202,,
Notochordal cancer,,,,,92.0,92.0,1,1.0,,
Nuclear type mitochondrial complex I deficiency,,,,,96.0,96.0,1,1.0,,
Nutrition disease,,,,,79.0,257.55384615384617,65,0.9848484848484849,,
OMIM:105200,,,,,471.0,483.8,15,1.0,,
Ocular cancer,,,,,511.0,654.3333333333334,3,1.0,,
Ocular motility disease,,,,,101.0,129.85714285714286,7,1.0,,
Ohdo syndrome,,,,,82.0,82.0,1,1.0,,
Optic atrophy,,,,,48.0,48.0,1,1.0,,
Optic nerve disease,,,,,40.0,67.25,4,0.2857142857142857,,
Organ system benign neoplasm,,,,,328.0,735.2105263157895,17,1.0,,
Organ system cancer,,,,,518.0,1137.8237288135592,200,1.0,,
Organic acidemia,,,,,75.0,80.91304347826087,20,0.9523809523809523,,
Osteochondrodysplasia,,,,,101.0,211.4578313253012,54,1.0,,
Osteochondrosis,,,,,381.0,381.0,1,1.0,,
Osteomyelitis,,,,,183.5,183.5,2,1.0,,
Osteoporosis,,,,,325.0,325.0,1,1.0,,
Osteosclerosis,,,,,270.0,505.75,17,1.0,,
Otopalatodigital syndrome spectrum disorder,,,,,697.0,596.5,3,1.0,,
Ovarian disease,,,,,181.0,724.9076923076923,63,0.984375,,
Ovarian dysfunction,,,,,292.5,499.27777777777777,18,1.0,,
Overnutrition,,,,,79.0,257.55384615384617,65,0.9848484848484849,,
PTEN hamartoma tumor syndrome,,,,,328.0,1435.3636363636363,9,1.0,,
Paraplegia,,,,,67.0,106.3529411764706,72,0.9863013698630136,,
Parathyroid gland disease,,,,,262.0,262.0,1,1.0,,
Partial lipodystrophy,,,,,242.0,608.2857142857143,7,1.0,,
Patent ductus arteriosus,,,,,110.0,110.0,1,1.0,,
Pathologic nystagmus,,,,,63.0,63.0,1,1.0,,
Peeling skin syndrome,,,,,41.0,41.0,1,1.0,,
Pemphigus,,,,,155.0,155.0,1,1.0,,
Peripheral T-cell lymphoma,,,,,316.0,398.2,5,1.0,,
Peripheral nervous system disease,,,,,110.0,212.52397260273972,197,0.9471153846153846,,
Peripheral nervous system neoplasm,,,,,315.0,764.0,7,1.0,,
Peroxisomal biogenesis disorder,,,,,60.5,70.875,13,1.0,,
Pervasive developmental disorder,,,,,137.0,236.390243902439,40,1.0,,
Phagocyte bactericidal dysfunction,,,,,199.0,216.72727272727272,6,1.0,,
Pheochromocytoma,,,,,260.0,405.14285714285717,7,1.0,,
Phosphorus metabolism disease,,,,,124.0,213.83333333333334,6,1.0,,
Physical disorder,,,,,102.5,191.86963696369637,440,0.9799554565701559,,
Physical urticaria,,,,,54.0,54.0,1,1.0,,
Pigmentation disease,,,,,97.0,218.4,5,1.0,,
Pituitary adenoma,,,,,344.0,344.0,1,1.0,,
Pituitary gland benign neoplasm,,,,,344.0,344.0,1,1.0,,
Pituitary gland disease,,,,,115.0,195.48387096774192,31,1.0,,
Plasma protein metabolism disease,,,,,760.0,760.0,1,1.0,,
Pleural disease,,,,,169.0,169.0,1,1.0,,
Pneumothorax,,,,,169.0,169.0,1,1.0,,
Polycythemia,,,,,367.0,461.8,6,1.0,,
Polygenic disease,,,,,124.0,300.25714285714287,28,1.0,,
Primary bacterial infectious disease,,,,,409.0,849.0,7,1.0,,
Primary cutaneous T-cell non-Hodgkin lymphoma,,,,,316.0,398.2,5,1.0,,
Primary hyperaldosteronism,,,,,205.0,358.7142857142857,7,1.0,,
Primary immunodeficiency disease,,,,,304.0,686.0173010380623,183,1.0,,
Primary microcephaly,,,,,117.0,117.42857142857143,7,0.875,,
Progeroid syndrome,,,,,372.0,525.0,3,1.0,,
Progressive bulbar palsy,,,,,48.0,48.0,2,1.0,,
Progressive myoclonus epilepsy,,,,,99.0,101.0,5,1.0,,
Prostate disease,,,,,270.0,786.9444444444445,36,1.0,,
Proteinuria,,,,,162.0,219.28571428571428,7,1.0,,
Psychotic disorder,,,,,93.5,425.6818181818182,22,0.9565217391304348,,
Pulmonary hypertension,,,,,246.0,246.0,2,1.0,,
Pure red-cell aplasia,,,,,231.0,230.82926829268294,25,1.0,,
Pyrimidine metabolic disorder,,,,,29.0,29.0,1,1.0,,
RASopathy,,,,,523.0,847.5357142857143,19,1.0,,
Refractive error,,,,,63.0,75.45454545454545,11,1.0,,
Renal carcinoma,,,,,183.5,183.5,2,1.0,,
Renal tubular transport disease,,,,,66.0,92.17647058823529,11,1.0,,
Reproductive organ cancer,,,,,372.0,1119.6545454545455,50,1.0,,
Reproductive system disease,,,,,227.5,739.877358490566,98,0.98989898989899,,
Respiratory system cancer,,,,,716.5,1653.9642857142858,28,1.0,,
Respiratory system disease,,,,,262.0,920.9583333333334,72,1.0,,
Retinal cancer,,,,,511.0,654.3333333333334,3,1.0,,
Retinal cell cancer,,,,,511.0,654.3333333333334,3,1.0,,
Retinal degeneration,,,,,69.0,154.43129770992365,169,0.9712643678160919,,
Retinal disease,,,,,66.0,155.02140672782875,203,0.9759615384615384,,
Retinal vascular disease,,,,,118.0,617.4285714285714,7,1.0,,
Retinoschisis,,,,,101.0,101.0,1,1.0,,
Rheumatic disease,,,,,225.0,255.16666666666666,6,1.0,,
Sarcoma,,,,,181.0,292.375,8,1.0,,
Scleroderma,,,,,225.0,255.16666666666666,6,1.0,,
Sebaceous gland disease,,,,,215.0,215.0,1,1.0,,
Sensory system cancer,,,,,511.0,654.3333333333334,3,1.0,,
Sensory system disease,,,,,74.0,179.56953642384107,572,0.9744463373083475,,
Serine deficiency,,,,,318.0,318.0,1,1.0,,
Sideroblastic anemia,,,,,76.0,80.66666666666667,3,1.0,,
Sinoatrial node disease,,,,,100.0,306.0,3,1.0,,
Skin benign neoplasm,,,,,316.0,781.8571428571429,7,1.0,,
Skin cancer,,,,,316.0,373.6363636363636,6,1.0,,
Skin carcinoma,,,,,316.0,373.6363636363636,6,1.0,,
Skin disease,,,,,201.0,503.56716417910445,200,0.9950248756218906,,
Sleep disorder,,,,,691.5,1550.625,8,1.0,,
Specific developmental disorder,,,,,122.5,206.52941176470588,33,1.0,,
Speech disorder,,,,,184.0,184.0,1,1.0,,
Spermatogenic failure,,,,,53.0,53.0,2,1.0,,
Sphingolipidosis,,,,,149.0,149.65217391304347,13,0.9285714285714286,,
Spinal disease,,,,,114.0,369.3157894736842,35,1.0,,
Spondyloepimetaphyseal dysplasia,,,,,122.0,156.0,4,1.0,,
Spondyloepiphyseal dysplasia,,,,,66.0,164.0,3,1.0,,
Spondyloepiphyseal dysplasia tarda,,,,,66.0,66.0,1,1.0,,
Squamous cell carcinoma,,,,,1717.0,3055.4285714285716,7,1.0,,
Squamous cell neoplasm,,,,,289.5,353.1666666666667,6,1.0,,
Steatotic liver disease,,,,,181.5,250.66666666666666,6,1.0,,
Steroid inherited metabolic disorder,,,,,45.0,109.66666666666667,3,1.0,,
Stomach cancer,,,,,1267.0,1267.0,2,1.0,,
Stomach disease,,,,,1267.0,1267.0,2,1.0,,
Strabismus,,,,,90.0,90.0,2,1.0,,
Stromal dystrophy,,,,,265.0,265.0,1,1.0,,
Substance abuse,,,,,424.0,690.8,15,1.0,,
Substance dependence,,,,,286.0,664.5263157894736,19,1.0,,
Sweat gland disease,,,,,201.0,392.0,3,1.0,,
Syndrome,,,,,102.5,292.43108108108106,552,0.9701230228471002,,
Syndromic X-linked intellectual disability,,,,,122.0,241.44444444444446,8,1.0,,
Syndromic intellectual disability,,,,,122.0,257.09090909090907,10,1.0,,
Syndromic microphthalmia,,,,,506.5,506.5,2,1.0,,
Synostosis,,,,,156.5,311.3333333333333,27,1.0,,
Synucleinopathy,,,,,222.0,446.36507936507934,51,0.9807692307692307,,
T cell deficiency,,,,,384.0,384.0,1,1.0,,
T-cell non-Hodgkin lymphoma,,,,,316.0,398.2,5,1.0,,
Tauopathy,,,,,423.5,1367.1764705882354,26,0.9285714285714286,,
Teeth hard tissue disease,,,,,49.0,65.06122448979592,31,1.0,,
Temporal lobe epilepsy,,,,,90.5,127.0,4,1.0,,
Thalassemia,,,,,519.5,562.5,4,1.0,,
Thoracic cancer,,,,,644.0,1373.3461538461538,26,1.0,,
Thoracic disease,,,,,644.0,1373.3461538461538,26,1.0,,
Thyroid cancer,,,,,169.5,1036.0,6,1.0,,
Thyroid gland carcinoma,,,,,169.5,1036.0,6,1.0,,
Thyroid gland disease,,,,,182.5,306.9736842105263,26,1.0,,
Tic disorder,,,,,45.0,45.0,1,1.0,,
Tooth disease,,,,,49.0,65.5,32,1.0,,
Unverricht-Lundborg syndrome,,,,,105.5,105.5,2,1.0,,
Urea cycle disorder,,,,,172.0,177.5,6,1.0,,
Ureteral disease,,,,,73.5,73.5,2,1.0,,
Urinary system cancer,,,,,615.0,1454.948717948718,38,1.0,,
Urinary system disease,,,,,113.5,498.08,124,1.0,,
Urticaria,,,,,54.0,54.0,1,1.0,,
Uveal disease,,,,,160.0,231.66666666666666,3,1.0,,
Variable age at onset electroclinical syndrome,,,,,99.0,101.0,5,1.0,,
Vascular disease,,,,,290.5,451.15277777777777,61,1.0,,
Vasculitis,,,,,193.5,505.3333333333333,4,1.0,,
Vein disease,,,,,303.0,303.0,1,1.0,,
Vesiculobullous skin disease,,,,,229.0,237.42857142857142,16,1.0,,
Viral infectious disease,,,,,1667.0,1770.4285714285713,7,1.0,,
Vitamin B12 deficiency,,,,,146.0,146.0,1,1.0,,
Vitamin metabolic disorder,,,,,73.0,90.66666666666667,6,1.0,,
X-linked dominant disease,,,,,136.5,260.8125,15,1.0,,
X-linked hereditary ataxia,,,,,914.0,914.0,1,1.0,,
X-linked monogenic disease,,,,,170.0,326.0128205128205,64,0.9846153846153847,,
X-linked recessive disease,,,,,162.5,273.66,46,0.9787234042553191,,
Xanthomatosis,,,,,128.0,128.0,1,1.0,,
adolescence-adult electroclinical syndrome,,,,,56.0,73.4,5,1.0,,
epithelial-stromal TGFBI dystrophy,,,,,319.0,1366.6,3,1.0,,
gamma-amino butyric acid metabolism disorder,,,,,81.0,81.0,2,1.0,,
non-Langerhans-cell histiocytosis,,,,,2743.0,2743.0,1,1.0,,
proteosome-associated autoinflammatory syndrome,,,,,167.0,167.0,1,1.0,,
purine-pyrimidine metabolic disorder,,,,,165.0,169.8,5,1.0,,
substance-related disorder,,,,,394.0,676.1176470588235,30,1.0,,
