Disease,dataset,n_genes_total,n_genes_with_pubmed,coverage_pubmed,median_pubmed,mean_pubmed,p90_pubmed,gini_pubmed,median_rank,frac_in_top500,frac_in_top2000,frac_in_top10000,top_genes
Autoimmune disease of peripheral nervous system,knowledge_full,1,1,1.0,6439.0,6439.0,6439.0,0.0,3.0,1.0,1.0,1.0,TNF(6439)
Guillain-Barre syndrome,knowledge_full,1,1,1.0,6439.0,6439.0,6439.0,0.0,3.0,1.0,1.0,1.0,TNF(6439)
ICD10:G61,knowledge_full,1,1,1.0,6439.0,6439.0,6439.0,0.0,3.0,1.0,1.0,1.0,TNF(6439)
ICD10:G610,knowledge_full,1,1,1.0,6439.0,6439.0,6439.0,0.0,3.0,1.0,1.0,1.0,TNF(6439)
Camurati-Engelmann disease,knowledge_full,1,1,1.0,5005.0,5005.0,5005.0,0.0,7.0,1.0,1.0,1.0,TGFB1(5005)
ICD10:Q783,knowledge_full,1,1,1.0,5005.0,5005.0,5005.0,0.0,7.0,1.0,1.0,1.0,TGFB1(5005)
Anencephaly,knowledge_full,1,1,1.0,3862.0,3862.0,3862.0,0.0,9.0,1.0,1.0,1.0,MTHFR(3862)
Spina bifida,knowledge_full,1,1,1.0,3862.0,3862.0,3862.0,0.0,9.0,1.0,1.0,1.0,MTHFR(3862)
ICD10:Q05,knowledge_full,1,1,1.0,3862.0,3862.0,3862.0,0.0,9.0,1.0,1.0,1.0,MTHFR(3862)
Proteus syndrome,knowledge_full,1,1,1.0,3744.0,3744.0,3744.0,0.0,10.0,1.0,1.0,1.0,AKT1(3744)
Pilomatrixoma,knowledge_full,1,1,1.0,3354.0,3354.0,3354.0,0.0,16.0,1.0,1.0,1.0,CTNNB1(3354)
Hair follicle neoplasm,knowledge_full,1,1,1.0,3354.0,3354.0,3354.0,0.0,16.0,1.0,1.0,1.0,CTNNB1(3354)
Bannayan-Riley-Ruvalcaba syndrome,knowledge_full,1,1,1.0,2819.0,2819.0,2819.0,0.0,23.0,1.0,1.0,1.0,PTEN(2819)
Erdheim-Chester disease,knowledge_full,1,1,1.0,2743.0,2743.0,2743.0,0.0,26.0,1.0,1.0,1.0,BRAF(2743)
non-Langerhans-cell histiocytosis,knowledge_full,1,1,1.0,2743.0,2743.0,2743.0,0.0,26.0,1.0,1.0,1.0,BRAF(2743)
Androgenic alopecia,knowledge_full,1,1,1.0,2708.0,2708.0,2708.0,0.0,27.0,1.0,1.0,1.0,AR(2708)
Kennedy's disease,knowledge_full,1,1,1.0,2708.0,2708.0,2708.0,0.0,27.0,1.0,1.0,1.0,AR(2708)
Androgen insensitivity syndrome,knowledge_full,1,1,1.0,2708.0,2708.0,2708.0,0.0,27.0,1.0,1.0,1.0,AR(2708)
Alopecia,knowledge_full,1,1,1.0,2708.0,2708.0,2708.0,0.0,27.0,1.0,1.0,1.0,AR(2708)
ICD10:L64,knowledge_full,1,1,1.0,2708.0,2708.0,2708.0,0.0,27.0,1.0,1.0,1.0,AR(2708)
AH Amyloidosis,knowledge_full,2,2,1.0,2668.5,2668.5,4712.9,0.4788270563987258,2130.5,0.5,0.5,1.0,APOE(5224); APCS(113)
AHL Amyloidosis,knowledge_full,2,2,1.0,2668.5,2668.5,4712.9,0.4788270563987258,2130.5,0.5,0.5,1.0,APOE(5224); APCS(113)
Lewy body dementia,knowledge_full,5,4,0.8,2250.0,2598.6,4409.2,0.34544754868005845,44.0,0.8,0.8,1.0,APOE(5224); APP(3187); SNCA(2250); SNCA(2250); SNCB(82)
ICD10:F02,knowledge_full,5,4,0.8,2250.0,2598.6,4409.2,0.34544754868005845,44.0,0.8,0.8,1.0,APOE(5224); APP(3187); SNCA(2250); SNCA(2250); SNCB(82)
Dementia,knowledge_full,8,7,0.875,2219.0,2019.7777777777778,3594.4000000000005,0.4037481204386254,47.0,0.7777777777777778,0.7777777777777778,1.0,APOE(5224); APP(3187); SNCA(2250); SNCA(2250); MAPT(2219)
ICD10:F03,knowledge_full,8,7,0.875,2219.0,2019.7777777777778,3594.4000000000005,0.4037481204386254,47.0,0.7777777777777778,0.7777777777777778,1.0,APOE(5224); APP(3187); SNCA(2250); SNCA(2250); MAPT(2219)
Pick's disease,knowledge_full,1,1,1.0,2219.0,2219.0,2219.0,0.0,47.0,1.0,1.0,1.0,MAPT(2219)
Progressive supranuclear palsy,knowledge_full,1,1,1.0,2219.0,2219.0,2219.0,0.0,47.0,1.0,1.0,1.0,MAPT(2219)
ICD10:G231,knowledge_full,1,1,1.0,2219.0,2219.0,2219.0,0.0,47.0,1.0,1.0,1.0,MAPT(2219)
Stevens-Johnson syndrome,knowledge_full,1,1,1.0,2215.0,2215.0,2215.0,0.0,48.0,1.0,1.0,1.0,HLA-B(2215)
Desmoid tumor,knowledge_full,2,2,1.0,2186.5,2186.5,3120.5,0.26697919048707974,85.5,1.0,1.0,1.0,CTNNB1(3354); APC(1019)
Congenital bilateral absence of vas deferens,knowledge_full,1,1,1.0,1944.0,1944.0,1944.0,0.0,59.0,1.0,1.0,1.0,CFTR(1944)
Rosacea,knowledge_full,4,4,1.0,1913.0,1883.0,2688.6,0.22583643122676578,61.5,1.0,1.0,1.0,HLA-DRB1(2868); GSTM1(2270); HLA-DQB1(1556); HLA-DQA1(838)
ICD10:L71,knowledge_full,4,4,1.0,1913.0,1883.0,2688.6,0.22583643122676578,61.5,1.0,1.0,1.0,HLA-DRB1(2868); GSTM1(2270); HLA-DQB1(1556); HLA-DQA1(838)
Congenital leptin deficiency,knowledge_full,1,1,1.0,1911.0,1911.0,1911.0,0.0,60.0,1.0,1.0,1.0,LEP(1911)
Hyper IgE syndrome,knowledge_full,2,2,1.0,1857.0,1857.0,3322.6,0.4932687129779214,6763.0,0.5,0.5,0.5,STAT3(3689); ZNF341(25)
Hyper IgE recurrent infection syndrome 1,knowledge_full,2,2,1.0,1857.0,1857.0,3322.6,0.4932687129779214,6763.0,0.5,0.5,0.5,STAT3(3689); ZNF341(25)
ICD10:D824,knowledge_full,2,2,1.0,1857.0,1857.0,3322.6,0.4932687129779214,6763.0,0.5,0.5,0.5,STAT3(3689); ZNF341(25)
Head and neck cancer,knowledge_full,7,7,1.0,1717.0,3055.4285714285716,6334.600000000003,0.5277592241310215,68.0,0.8571428571428571,0.8571428571428571,1.0,TP53(11608); PTEN(2819); CDKN2A(2695); PIK3CA(1717); NOTCH1(1587)
Head and neck carcinoma,knowledge_full,7,7,1.0,1717.0,3055.4285714285716,6334.600000000003,0.5277592241310215,68.0,0.8571428571428571,0.8571428571428571,1.0,TP53(11608); PTEN(2819); CDKN2A(2695); PIK3CA(1717); NOTCH1(1587)
Squamous cell carcinoma,knowledge_full,7,7,1.0,1717.0,3055.4285714285716,6334.600000000003,0.5277592241310215,68.0,0.8571428571428571,0.8571428571428571,1.0,TP53(11608); PTEN(2819); CDKN2A(2695); PIK3CA(1717); NOTCH1(1587)
Head and neck squamous cell carcinoma,knowledge_full,7,7,1.0,1717.0,3055.4285714285716,6334.600000000003,0.5277592241310215,68.0,0.8571428571428571,0.8571428571428571,1.0,TP53(11608); PTEN(2819); CDKN2A(2695); PIK3CA(1717); NOTCH1(1587)
Klippel-Trenaunay syndrome,knowledge_full,1,1,1.0,1717.0,1717.0,1717.0,0.0,68.0,1.0,1.0,1.0,PIK3CA(1717)
Large congenital melanocytic nevus,knowledge_full,2,2,1.0,1710.0,1710.0,2536.4,0.302046783625731,174.5,1.0,1.0,1.0,BRAF(2743); NRAS(677)
Li-Fraumeni syndrome,knowledge_full,4,4,1.0,1692.0,4592.833333333333,11608.0,0.5531746319749368,171.5,0.8333333333333334,1.0,1.0,TP53(11608); TP53(11608); CDKN2A(2695); CHEK2(689); CHEK2(689)
Herpes zoster,knowledge_full,7,7,1.0,1667.0,1770.4285714285713,3566.6,0.43017371557676565,71.0,0.7142857142857143,0.7142857142857143,1.0,STAT3(3689); IL10(3485); HLA-B(2215); HLA-A(1667); STAT1(1144)
Viral infectious disease,knowledge_full,7,7,1.0,1667.0,1770.4285714285713,3566.6,0.43017371557676565,71.0,0.7142857142857143,0.7142857142857143,1.0,STAT3(3689); IL10(3485); HLA-B(2215); HLA-A(1667); STAT1(1144)
Cardiofaciocutaneous syndrome,knowledge_full,4,4,1.0,1633.0,1644.0,2953.7000000000003,0.4012317518248175,259.0,0.75,1.0,1.0,KRAS(3044); BRAF(2743); MAP2K1(523); MAP2K2(266)
Histiocytosis,knowledge_full,3,3,1.0,1633.0,1553.0,2743.0,0.3960077269800386,259.0,0.75,0.75,1.0,BRAF(2743); BRAF(2743); MAP2K1(523); MAP3K1(203)
Ataxia telangiectasia,knowledge_full,1,1,1.0,1572.0,1572.0,1572.0,0.0,79.0,1.0,1.0,1.0,ATM(1572)
ICD10:G113,knowledge_full,1,1,1.0,1572.0,1572.0,1572.0,0.0,79.0,1.0,1.0,1.0,ATM(1572)
obsessive-compulsive disorder,knowledge_full,2,2,1.0,1567.5,1567.5,2234.3,0.26586921850079737,164.0,1.0,1.0,1.0,SLC6A4(2401); HTR2A(734)
Anxiety disorder,knowledge_full,2,2,1.0,1567.5,1567.5,2234.3,0.26586921850079737,164.0,1.0,1.0,1.0,SLC6A4(2401); HTR2A(734)
ICD10:F4,knowledge_full,2,2,1.0,1567.5,1567.5,2234.3,0.26586921850079737,164.0,1.0,1.0,1.0,SLC6A4(2401); HTR2A(734)
ICD10:F41,knowledge_full,2,2,1.0,1567.5,1567.5,2234.3,0.26586921850079737,164.0,1.0,1.0,1.0,SLC6A4(2401); HTR2A(734)
ICD10:F419,knowledge_full,2,2,1.0,1567.5,1567.5,2234.3,0.26586921850079737,164.0,1.0,1.0,1.0,SLC6A4(2401); HTR2A(734)
ICD10:F42,knowledge_full,2,2,1.0,1567.5,1567.5,2234.3,0.26586921850079737,164.0,1.0,1.0,1.0,SLC6A4(2401); HTR2A(734)
Lyme disease,knowledge_full,2,2,1.0,1546.0,1546.0,2603.6,0.427554980595084,926.0,0.5,1.0,1.0,HLA-DRB1(2868); TLR1(224)
Weaver syndrome,knowledge_full,1,1,1.0,1545.0,1545.0,1545.0,0.0,83.0,1.0,1.0,1.0,EZH2(1545)
Prothrombin thrombophilia,knowledge_full,1,1,1.0,1486.0,1486.0,1486.0,0.0,89.0,1.0,1.0,1.0,F2(1486)
Prothrombin deficiency,knowledge_full,1,1,1.0,1486.0,1486.0,1486.0,0.0,89.0,1.0,1.0,1.0,F2(1486)
Frontotemporal dementia,knowledge_full,3,3,1.0,1413.5,1296.25,2219.0,0.37854387656702027,218.0,0.75,0.75,1.0,MAPT(2219); MAPT(2219); GRN(608); CHMP2B(139)
ICD10:G310,knowledge_full,3,3,1.0,1413.5,1296.25,2219.0,0.37854387656702027,218.0,0.75,0.75,1.0,MAPT(2219); MAPT(2219); GRN(608); CHMP2B(139)
Lymphoplasmacytic lymphoma,knowledge_full,2,2,1.0,1396.0,1396.0,2019.2,0.27901146131805166,214.0,1.0,1.0,1.0,CXCR4(2175); MYD88(617)
B-cell lymphoma,knowledge_full,2,2,1.0,1396.0,1396.0,2019.2,0.27901146131805166,214.0,1.0,1.0,1.0,CXCR4(2175); MYD88(617)
ICD10:C88,knowledge_full,2,2,1.0,1396.0,1396.0,2019.2,0.27901146131805166,214.0,1.0,1.0,1.0,CXCR4(2175); MYD88(617)
ICD10:C880,knowledge_full,2,2,1.0,1396.0,1396.0,2019.2,0.27901146131805166,214.0,1.0,1.0,1.0,CXCR4(2175); MYD88(617)
Factor V deficiency,knowledge_full,1,1,1.0,1343.0,1343.0,1343.0,0.0,100.0,1.0,1.0,1.0,F5(1343)
Blepharocheilodontic syndrome,knowledge_full,2,2,1.0,1341.5,1341.5,2053.9,0.3319045844204249,327.5,0.5,1.0,1.0,CDH1(2232); CTNND1(451)
Diffuse gastric cancer,knowledge_full,2,2,1.0,1267.0,1267.0,2039.0,0.38082083662194166,597.0,0.5,1.0,1.0,CDH1(2232); CTNNA1(302)
Hereditary diffuse gastric cancer,knowledge_full,2,2,1.0,1267.0,1267.0,2039.0,0.38082083662194166,597.0,0.5,1.0,1.0,CDH1(2232); CTNNA1(302)
Stomach cancer,knowledge_full,2,2,1.0,1267.0,1267.0,2039.0,0.38082083662194166,597.0,0.5,1.0,1.0,CDH1(2232); CTNNA1(302)
Stomach disease,knowledge_full,2,2,1.0,1267.0,1267.0,2039.0,0.38082083662194166,597.0,0.5,1.0,1.0,CDH1(2232); CTNNA1(302)
ICD10:C1,knowledge_full,2,2,1.0,1267.0,1267.0,2039.0,0.38082083662194166,597.0,0.5,1.0,1.0,CDH1(2232); CTNNA1(302)
ICD10:C16,knowledge_full,2,2,1.0,1267.0,1267.0,2039.0,0.38082083662194166,597.0,0.5,1.0,1.0,CDH1(2232); CTNNA1(302)
ICD10:K3,knowledge_full,2,2,1.0,1267.0,1267.0,2039.0,0.38082083662194166,597.0,0.5,1.0,1.0,CDH1(2232); CTNNA1(302)
ICD10:K31,knowledge_full,2,2,1.0,1267.0,1267.0,2039.0,0.38082083662194166,597.0,0.5,1.0,1.0,CDH1(2232); CTNNA1(302)
ICD10:K319,knowledge_full,2,2,1.0,1267.0,1267.0,2039.0,0.38082083662194166,597.0,0.5,1.0,1.0,CDH1(2232); CTNNA1(302)
Celiac disease,knowledge_full,2,2,1.0,1197.0,1197.0,1484.2,0.1499582289055974,150.5,1.0,1.0,1.0,HLA-DQB1(1556); HLA-DQA1(838)
ICD10:K9,knowledge_full,2,2,1.0,1197.0,1197.0,1484.2,0.1499582289055974,150.5,1.0,1.0,1.0,HLA-DQB1(1556); HLA-DQA1(838)
ICD10:K90,knowledge_full,2,2,1.0,1197.0,1197.0,1484.2,0.1499582289055974,150.5,1.0,1.0,1.0,HLA-DQB1(1556); HLA-DQA1(838)
ICD10:K900,knowledge_full,2,2,1.0,1197.0,1197.0,1484.2,0.1499582289055974,150.5,1.0,1.0,1.0,HLA-DQB1(1556); HLA-DQA1(838)
Immune dysregulation-polyendocrinopathy-enteropathy-X-linked syndrome,knowledge_full,1,1,1.0,1169.0,1169.0,1169.0,0.0,125.0,1.0,1.0,1.0,FOXP3(1169)
ICD10:G23,knowledge_full,2,2,1.0,1160.0,1160.0,2007.2,0.4564655172413794,2419.0,0.5,0.5,1.0,MAPT(2219); PANK2(101)
Multiple system atrophy,knowledge_full,2,2,1.0,1150.0,1150.0,2030.0,0.4782608695652173,4535.5,0.5,0.5,1.0,SNCA(2250); COQ2(50)
Polycythemia vera,knowledge_full,2,2,1.0,1137.5,1137.5,1670.7,0.29296703296703286,319.0,0.5,1.0,1.0,JAK2(1804); TET2(471)
ICD10:C94,knowledge_full,2,2,1.0,1137.5,1137.5,1670.7,0.29296703296703286,319.0,0.5,1.0,1.0,JAK2(1804); TET2(471)
ICD10:C941,knowledge_full,2,2,1.0,1137.5,1137.5,1670.7,0.29296703296703286,319.0,0.5,1.0,1.0,JAK2(1804); TET2(471)
ICD10:D45,knowledge_full,2,2,1.0,1137.5,1137.5,1670.7,0.29296703296703286,319.0,0.5,1.0,1.0,JAK2(1804); TET2(471)
Fibromyalgia,knowledge_full,5,5,1.0,1126.0,1277.0,2269.8,0.3783241973375098,133.0,0.8,0.8,1.0,SLC6A4(2401); COMT(2073); ADRB2(1126); HTR2A(734); TAAR1(51)
ICD10:M7,knowledge_full,5,5,1.0,1126.0,1277.0,2269.8,0.3783241973375098,133.0,0.8,0.8,1.0,SLC6A4(2401); COMT(2073); ADRB2(1126); HTR2A(734); TAAR1(51)
ICD10:M79,knowledge_full,5,5,1.0,1126.0,1277.0,2269.8,0.3783241973375098,133.0,0.8,0.8,1.0,SLC6A4(2401); COMT(2073); ADRB2(1126); HTR2A(734); TAAR1(51)
ICD10:M797,knowledge_full,5,5,1.0,1126.0,1277.0,2269.8,0.3783241973375098,133.0,0.8,0.8,1.0,SLC6A4(2401); COMT(2073); ADRB2(1126); HTR2A(734); TAAR1(51)
Congenital muscular dystrophy due to LMNA mutation,knowledge_full,1,1,1.0,1073.0,1073.0,1073.0,0.0,145.0,1.0,1.0,1.0,LMNA(1073)
Progeria,knowledge_full,1,1,1.0,1073.0,1073.0,1073.0,0.0,145.0,1.0,1.0,1.0,LMNA(1073)
Von Willebrand's disease,knowledge_full,1,1,1.0,1033.0,1033.0,1033.0,0.0,151.0,1.0,1.0,1.0,VWF(1033)
ICD10:D680,knowledge_full,1,1,1.0,1033.0,1033.0,1033.0,0.0,151.0,1.0,1.0,1.0,VWF(1033)
Localized insulin-derived Amyloidosis,knowledge_full,5,5,1.0,1031.0,1544.0,3584.8,0.5762694300518134,152.0,0.6,0.8,1.0,APOE(5224); APOA1(1126); INS(1031); APOA4(226); APCS(113)
Musculoskeletal system benign neoplasm,knowledge_full,3,3,1.0,1019.0,1466.6666666666667,2887.0,0.504090909090909,155.0,0.6666666666666666,0.6666666666666666,0.6666666666666666,CTNNB1(3354); APC(1019); ODAM(27)
Connective tissue benign neoplasm,knowledge_full,3,3,1.0,1019.0,1466.6666666666667,2887.0,0.504090909090909,155.0,0.6666666666666666,0.6666666666666666,0.6666666666666666,CTNNB1(3354); APC(1019); ODAM(27)
ICD10:Q872,knowledge_full,5,5,1.0,1007.0,871.8,1587.0,0.411745813259922,159.0,0.6,0.6,1.0,PIK3CA(1717); EP300(1392); CREBBP(1007); AARS1(147); LMX1B(96)
Rubinstein-Taybi syndrome,knowledge_full,3,3,1.0,1007.0,848.6666666666666,1315.0,0.3260015710919089,159.0,0.6666666666666666,0.6666666666666666,1.0,EP300(1392); CREBBP(1007); AARS1(147)
Blau syndrome,knowledge_full,1,1,1.0,1001.0,1001.0,1001.0,0.0,160.0,1.0,1.0,1.0,NOD2(1001)
Primary hypoalphalipoproteinemia 1,knowledge_full,2,2,1.0,987.5,987.5,1098.3,0.07012658227848112,175.5,1.0,1.0,1.0,APOA1(1126); ABCA1(849)
ankyloblepharon-ectodermal defects-cleft lip/palate syndrome,knowledge_full,1,1,1.0,963.0,963.0,963.0,0.0,175.0,1.0,1.0,1.0,TP63(963)
Type 1 diabetes mellitus,knowledge_full,14,14,1.0,934.5,1287.357142857143,2500.5000000000014,0.4982561964473966,186.5,0.7857142857142857,0.7857142857142857,1.0,IL6(5459); HLA-DRB1(2868); CCR5(1643); HLA-DQB1(1556); CTLA4(1335)
ICD10:E10,knowledge_full,14,14,1.0,934.5,1287.357142857143,2500.5000000000014,0.4982561964473966,186.5,0.7857142857142857,0.7857142857142857,1.0,IL6(5459); HLA-DRB1(2868); CCR5(1643); HLA-DQB1(1556); CTLA4(1335)
Cardiovascular organ benign neoplasm,knowledge_full,1,1,1.0,916.0,916.0,916.0,0.0,195.0,1.0,1.0,1.0,VHL(916)
Von Hippel-Lindau disease,knowledge_full,1,1,1.0,916.0,916.0,916.0,0.0,195.0,1.0,1.0,1.0,VHL(916)
Hemangioma,knowledge_full,1,1,1.0,916.0,916.0,916.0,0.0,195.0,1.0,1.0,1.0,VHL(916)
Hemangioblastoma,knowledge_full,1,1,1.0,916.0,916.0,916.0,0.0,195.0,1.0,1.0,1.0,VHL(916)
ICD10:D18,knowledge_full,1,1,1.0,916.0,916.0,916.0,0.0,195.0,1.0,1.0,1.0,VHL(916)
ICD10:D180,knowledge_full,1,1,1.0,916.0,916.0,916.0,0.0,195.0,1.0,1.0,1.0,VHL(916)
Fragile X-associated tremor/ataxia syndrome,knowledge_full,1,1,1.0,914.0,914.0,914.0,0.0,197.0,1.0,1.0,1.0,FMR1(914)
X-linked hereditary ataxia,knowledge_full,1,1,1.0,914.0,914.0,914.0,0.0,197.0,1.0,1.0,1.0,FMR1(914)
Primary ovarian insufficiency 1,knowledge_full,1,1,1.0,914.0,914.0,914.0,0.0,197.0,1.0,1.0,1.0,FMR1(914)
Fragile X syndrome,knowledge_full,1,1,1.0,914.0,914.0,914.0,0.0,197.0,1.0,1.0,1.0,FMR1(914)
ICD10:Q992,knowledge_full,1,1,1.0,914.0,914.0,914.0,0.0,197.0,1.0,1.0,1.0,FMR1(914)
Autoimmune thyroiditis,knowledge_full,6,6,1.0,879.0,1083.8333333333333,2101.5,0.4325439540724794,266.0,0.6666666666666666,1.0,1.0,HLA-DRB1(2868); CTLA4(1335); FOXP3(1169); PTPN22(589); SLC26A4(331)
ICD10:L7,knowledge_full,7,7,1.0,878.0,1244.0,2509.2000000000003,0.4320821576218912,204.0,0.7142857142857143,0.7142857142857143,1.0,HLA-DRB1(2868); GSTM1(2270); HLA-DQB1(1556); PSEN1(878); HLA-DQA1(838)
Hereditary sensory neuropathy type 1E,knowledge_full,1,1,1.0,877.0,877.0,877.0,0.0,206.0,1.0,1.0,1.0,DNMT1(877)
SHORT syndrome,knowledge_full,1,1,1.0,872.0,872.0,872.0,0.0,207.0,1.0,1.0,1.0,PIK3R1(872)
Sickle cell disease,knowledge_full,1,1,1.0,871.0,871.0,871.0,0.0,209.0,1.0,1.0,1.0,HBB(871)
Beta thalassemia,knowledge_full,1,1,1.0,871.0,871.0,871.0,0.0,209.0,1.0,1.0,1.0,HBB(871)
Blood protein disease,knowledge_full,1,1,1.0,871.0,871.0,871.0,0.0,209.0,1.0,1.0,1.0,HBB(871)
ICD10:D561,knowledge_full,1,1,1.0,871.0,871.0,871.0,0.0,209.0,1.0,1.0,1.0,HBB(871)
Dopamine transporter deficiency syndrome,knowledge_full,1,1,1.0,868.0,868.0,868.0,0.0,210.0,1.0,1.0,1.0,SLC6A3(868)
Prion disease,knowledge_full,10,10,1.0,863.0,1012.8823529411765,1792.6000000000008,0.5093484283776814,211.0,0.7058823529411765,0.7058823529411765,1.0,APOE(5224); APP(3187); PRNP(863); PRNP(863); PRNP(863)
Gerstmann-Straussler-Scheinker syndrome,knowledge_full,3,3,1.0,863.0,1550.0,2722.2000000000003,0.3708960573476703,211.0,1.0,1.0,1.0,APP(3187); PRNP(863); YWHAE(600)
Variably Protease-Sensitive Prionopathy,knowledge_full,1,1,1.0,863.0,863.0,863.0,0.0,211.0,1.0,1.0,1.0,PRNP(863)
Fatal familial insomnia,knowledge_full,1,1,1.0,863.0,863.0,863.0,0.0,211.0,1.0,1.0,1.0,PRNP(863)
Kuru,knowledge_full,1,1,1.0,863.0,863.0,863.0,0.0,211.0,1.0,1.0,1.0,PRNP(863)
Vohwinkel syndrome,knowledge_full,2,1,0.5,860.0,860.0,860.0,0.0,214.0,1.0,1.0,1.0,GJB2(860)
Bart-Pumphrey syndrome,knowledge_full,1,1,1.0,860.0,860.0,860.0,0.0,214.0,1.0,1.0,1.0,GJB2(860)
Palmoplantar keratoderma-deafness syndrome,knowledge_full,2,1,0.5,860.0,860.0,860.0,0.0,214.0,1.0,1.0,1.0,GJB2(860)
Caffey disease,knowledge_full,1,1,1.0,856.0,856.0,856.0,0.0,216.0,1.0,1.0,1.0,COL1A1(856)
Tangier disease,knowledge_full,1,1,1.0,849.0,849.0,849.0,0.0,219.0,1.0,1.0,1.0,ABCA1(849)
ICD10:E786,knowledge_full,1,1,1.0,849.0,849.0,849.0,0.0,219.0,1.0,1.0,1.0,ABCA1(849)
Aromatase excess syndrome,knowledge_full,1,1,1.0,833.0,833.0,833.0,0.0,227.0,1.0,1.0,1.0,CYP19A1(833)
Familial hypercholesterolemia,knowledge_full,4,4,1.0,830.5,670.5,931.3,0.25633855331841904,231.0,0.75,0.75,1.0,APOB(949); LDLR(890); PCSK9(771); LDLRAP1(72)
Glanzmann's thrombasthenia,knowledge_full,2,2,1.0,830.5,830.5,1142.1,0.23449729078868153,373.0,0.5,1.0,1.0,ITGB3(1220); ITGA2B(441)
Disease by infectious agent,knowledge_full,26,26,1.0,824.0,1081.5,3091.2999999999997,0.5563215577493132,232.0,0.6176470588235294,0.7352941176470589,1.0,APOE(5224); STAT3(3689); IL10(3485); APP(3187); HLA-DRB1(2868)
ICD10:A,knowledge_full,10,10,1.0,824.0,1098.5714285714287,2489.8000000000025,0.527661155489504,232.0,0.7142857142857143,0.7142857142857143,1.0,APOE(5224); APP(3187); PRNP(863); PRNP(863); PRNP(863)
ICD10:A8,knowledge_full,10,10,1.0,824.0,1098.5714285714287,2489.8000000000025,0.527661155489504,232.0,0.7142857142857143,0.7142857142857143,1.0,APOE(5224); APP(3187); PRNP(863); PRNP(863); PRNP(863)
ICD10:A81,knowledge_full,10,10,1.0,824.0,1098.5714285714287,2489.8000000000025,0.527661155489504,232.0,0.7142857142857143,0.7142857142857143,1.0,APOE(5224); APP(3187); PRNP(863); PRNP(863); PRNP(863)
Costello syndrome,knowledge_full,1,1,1.0,823.0,823.0,823.0,0.0,233.0,1.0,1.0,1.0,HRAS(823)
Noonan syndrome with multiple lentigines,knowledge_full,4,4,1.0,820.0,1226.5,2201.2000000000003,0.35130452507134124,242.5,1.0,1.0,1.0,BRAF(2743); PTPN11(937); RAF1(703); MAP2K1(523)
Syndromic microphthalmia 3,knowledge_full,1,1,1.0,815.0,815.0,815.0,0.0,238.0,1.0,1.0,1.0,SOX2(815)
Hypolipoproteinemia,knowledge_full,7,7,1.0,810.0,635.25,1002.0999999999999,0.3104092876820149,240.0,0.625,0.625,1.0,APOA1(1126); APOB(949); ABCA1(849); ABCA1(849); PCSK9(771)
Paget's disease of bone 5,knowledge_full,1,1,1.0,804.0,804.0,804.0,0.0,244.0,1.0,1.0,1.0,TNFRSF11B(804)
Piebaldism,knowledge_full,2,2,1.0,795.5,795.5,1095.9,0.23601508485229417,401.0,0.5,1.0,1.0,KIT(1171); SNAI2(420)
Huntington's disease,knowledge_full,1,1,1.0,793.0,793.0,793.0,0.0,249.0,1.0,1.0,1.0,HTT(793); HTT(793)
ICD10:G10,knowledge_full,1,1,1.0,793.0,793.0,793.0,0.0,249.0,1.0,1.0,1.0,HTT(793); HTT(793)
Familial hyperlipidemia,knowledge_full,7,7,1.0,784.0,1077.111111111111,1804.000000000001,0.5670403227655136,255.0,0.6666666666666666,0.6666666666666666,1.0,APOE(5224); APOB(949); LDLR(890); LPL(784); LPL(784)
Familial chylomicronemia syndrome,knowledge_full,1,1,1.0,784.0,784.0,784.0,0.0,255.0,1.0,1.0,1.0,LPL(784)
Familial lipoprotein lipase deficiency,knowledge_full,1,1,1.0,784.0,784.0,784.0,0.0,255.0,1.0,1.0,1.0,LPL(784)
ICD10:E783,knowledge_full,1,1,1.0,784.0,784.0,784.0,0.0,255.0,1.0,1.0,1.0,LPL(784)
Oculodentodigital dysplasia,knowledge_full,1,1,1.0,769.0,769.0,769.0,0.0,262.0,1.0,1.0,1.0,GJA1(769)
Epidermal nevus,knowledge_full,6,6,1.0,767.0,1264.5,2380.5,0.33779271561003466,267.0,1.0,1.0,1.0,KRAS(3044); PIK3CA(1717); HRAS(823); FGFR2(711); NRAS(677)
Alpha 1-antitrypsin deficiency,knowledge_full,1,1,1.0,760.0,760.0,760.0,0.0,267.0,1.0,1.0,1.0,SERPINA1(760)
Plasma protein metabolism disease,knowledge_full,1,1,1.0,760.0,760.0,760.0,0.0,267.0,1.0,1.0,1.0,SERPINA1(760)
WAGR syndrome,knowledge_full,3,3,1.0,758.0,1245.6666666666667,2198.8,0.38158951030238164,269.0,0.6666666666666666,1.0,1.0,BDNF(2559); WT1(758); PAX6(420)
Frasier syndrome,knowledge_full,1,1,1.0,758.0,758.0,758.0,0.0,269.0,1.0,1.0,1.0,WT1(758)
Denys-Drash syndrome,knowledge_full,1,1,1.0,758.0,758.0,758.0,0.0,269.0,1.0,1.0,1.0,WT1(758)
Osteoglophonic dysplasia,knowledge_full,1,1,1.0,758.0,758.0,758.0,0.0,268.0,1.0,1.0,1.0,FGFR1(758)
ICD10:Q858,knowledge_full,2,2,1.0,751.0,751.0,883.0,0.1098535286284954,302.5,1.0,1.0,1.0,VHL(916); STK11(586)
Bilirubin metabolic disorder,knowledge_full,2,2,1.0,750.0,620.3333333333334,750.0,0.13935160308078087,274.0,0.6666666666666666,1.0,1.0,UGT1A1(750); UGT1A1(750); ABCC2(361)
ICD10:E807,knowledge_full,2,2,1.0,750.0,620.3333333333334,750.0,0.13935160308078087,274.0,0.6666666666666666,1.0,1.0,UGT1A1(750); UGT1A1(750); ABCC2(361)
Gilbert syndrome,knowledge_full,1,1,1.0,750.0,750.0,750.0,0.0,274.0,1.0,1.0,1.0,UGT1A1(750)
Crigler-Najjar syndrome,knowledge_full,1,1,1.0,750.0,750.0,750.0,0.0,274.0,1.0,1.0,1.0,UGT1A1(750)
ICD10:E804,knowledge_full,1,1,1.0,750.0,750.0,750.0,0.0,274.0,1.0,1.0,1.0,UGT1A1(750)
ICD10:E805,knowledge_full,1,1,1.0,750.0,750.0,750.0,0.0,274.0,1.0,1.0,1.0,UGT1A1(750)
Saethre-Chotzen syndrome,knowledge_full,1,1,1.0,748.0,748.0,748.0,0.0,278.0,1.0,1.0,1.0,TWIST1(748)
Donohue syndrome,knowledge_full,1,1,1.0,747.0,747.0,747.0,0.0,279.0,1.0,1.0,1.0,INSR(747)
Distal 10q deletion syndrome,knowledge_full,1,1,1.0,744.0,744.0,744.0,0.0,282.0,1.0,1.0,1.0,NAT2(744)
Maffucci syndrome,knowledge_full,2,2,1.0,743.5,743.5,931.9,0.15837256220578344,345.5,0.5,1.0,1.0,IDH1(979); IDH2(508)
Ollier disease,knowledge_full,2,2,1.0,743.5,743.5,931.9,0.15837256220578344,345.5,0.5,1.0,1.0,IDH1(979); IDH2(508)
ICD10:Q784,knowledge_full,2,2,1.0,743.5,743.5,931.9,0.15837256220578344,345.5,0.5,1.0,1.0,IDH1(979); IDH2(508)
Syndromic X-linked intellectual disability Lubs type,knowledge_full,1,1,1.0,736.0,736.0,736.0,0.0,286.0,1.0,1.0,1.0,MECP2(736)
X-linked intellectual disability-psychosis-macroorchidism syndrome,knowledge_full,1,1,1.0,736.0,736.0,736.0,0.0,286.0,1.0,1.0,1.0,MECP2(736)
Severe congenital encephalopathy due to MECP2 mutation,knowledge_full,1,1,1.0,736.0,736.0,736.0,0.0,286.0,1.0,1.0,1.0,MECP2(736)
Rett syndrome,knowledge_full,1,1,1.0,736.0,736.0,736.0,0.0,286.0,1.0,1.0,1.0,MECP2(736)
Pfeiffer syndrome,knowledge_full,2,2,1.0,734.5,734.5,753.3,0.015997277059224047,284.5,1.0,1.0,1.0,FGFR1(758); FGFR2(711)
Mismatch repair cancer syndrome,knowledge_full,4,4,1.0,732.5,708.0,1056.6000000000001,0.2611228813559322,329.0,0.75,1.0,1.0,MLH1(1110); MSH2(932); MSH6(533); PMS2(257)
Respiratory system cancer,knowledge_full,28,28,1.0,716.5,1653.9642857142858,3135.8,0.6012402175354821,297.5,0.75,0.8214285714285714,0.9642857142857143,TP53(11608); EGFR(6674); ERBB2(3350); KRAS(3044); PTEN(2819)
Lung cancer,knowledge_full,28,28,1.0,716.5,1653.9642857142858,3135.8,0.6012402175354821,297.5,0.75,0.8214285714285714,0.9642857142857143,TP53(11608); EGFR(6674); ERBB2(3350); KRAS(3044); PTEN(2819)
Urinary bladder cancer,knowledge_full,27,27,1.0,716.0,1428.5555555555557,2744.6000000000004,0.5855541056080321,299.0,0.6296296296296297,0.7777777777777778,1.0,TP53(11608); ERBB2(3350); PTEN(2819); CDKN2A(2695); MDM2(2209)
ICD10:C67,knowledge_full,27,27,1.0,716.0,1428.5555555555557,2744.6000000000004,0.5855541056080321,299.0,0.6296296296296297,0.7777777777777778,1.0,TP53(11608); ERBB2(3350); PTEN(2819); CDKN2A(2695); MDM2(2209)
Acrocephalosyndactylia,knowledge_full,6,6,1.0,711.0,463.42857142857144,752.0,0.3551171393341554,301.0,0.5714285714285714,0.7142857142857143,0.8571428571428571,FGFR1(758); TWIST1(748); FGFR2(711); FGFR2(711); GLI3(217)
ICD10:Q870,knowledge_full,6,6,1.0,711.0,463.42857142857144,752.0,0.3551171393341554,301.0,0.5714285714285714,0.7142857142857143,0.8571428571428571,FGFR1(758); TWIST1(748); FGFR2(711); FGFR2(711); GLI3(217)
Beare-Stevenson cutis gyrata syndrome,knowledge_full,1,1,1.0,711.0,711.0,711.0,0.0,301.0,1.0,1.0,1.0,FGFR2(711)
Jackson-Weiss syndrome,knowledge_full,1,1,1.0,711.0,711.0,711.0,0.0,301.0,1.0,1.0,1.0,FGFR2(711)
Crouzon syndrome,knowledge_full,1,1,1.0,711.0,711.0,711.0,0.0,301.0,1.0,1.0,1.0,FGFR2(711)
ICD10:Q751,knowledge_full,1,1,1.0,711.0,711.0,711.0,0.0,301.0,1.0,1.0,1.0,FGFR2(711)
Autoimmune lymphoproliferative syndrome,knowledge_full,9,9,1.0,703.0,1246.111111111111,3173.0,0.5093575073066825,305.0,0.6666666666666666,0.7777777777777778,1.0,STAT3(3689); KRAS(3044); CTLA4(1335); FAS(1256); FASLG(703)
Otopalatodigital syndrome spectrum disorder,knowledge_full,3,3,1.0,697.0,596.5,697.0,0.12531433361274105,308.0,0.8333333333333334,1.0,1.0,FLNA(697); FLNA(697); FLNA(697); FLNA(697); MAP3K7(535)
X-linked cardiac valvular dysplasia,knowledge_full,1,1,1.0,697.0,697.0,697.0,0.0,308.0,1.0,1.0,1.0,FLNA(697)
Otopalatodigital syndrome type 1,knowledge_full,1,1,1.0,697.0,697.0,697.0,0.0,308.0,1.0,1.0,1.0,FLNA(697)
Otopalatodigital syndrome type 2,knowledge_full,1,1,1.0,697.0,697.0,697.0,0.0,308.0,1.0,1.0,1.0,FLNA(697)
Melnick-Needles syndrome,knowledge_full,1,1,1.0,697.0,697.0,697.0,0.0,308.0,1.0,1.0,1.0,FLNA(697)
Terminal osseous dysplasia,knowledge_full,1,1,1.0,697.0,697.0,697.0,0.0,308.0,1.0,1.0,1.0,FLNA(697)
MYH-9 related disease,knowledge_full,1,1,1.0,695.0,695.0,695.0,0.0,310.0,1.0,1.0,1.0,MYH9(695)
Sleep disorder,knowledge_full,8,8,1.0,691.5,1550.625,3939.2999999999993,0.641062071745264,339.0,0.625,0.625,1.0,TNF(6439); HLA-DRB1(2868); HLA-DQB1(1556); HLA-DQA1(838); TNFRSF1B(545)
Narcolepsy,knowledge_full,8,8,1.0,691.5,1550.625,3939.2999999999993,0.641062071745264,339.0,0.625,0.625,1.0,TNF(6439); HLA-DRB1(2868); HLA-DQB1(1556); HLA-DQA1(838); TNFRSF1B(545)
ICD10:F5,knowledge_full,8,8,1.0,691.5,1550.625,3939.2999999999993,0.641062071745264,339.0,0.625,0.625,1.0,TNF(6439); HLA-DRB1(2868); HLA-DQB1(1556); HLA-DQA1(838); TNFRSF1B(545)
ICD10:F51,knowledge_full,8,8,1.0,691.5,1550.625,3939.2999999999993,0.641062071745264,339.0,0.625,0.625,1.0,TNF(6439); HLA-DRB1(2868); HLA-DQB1(1556); HLA-DQA1(838); TNFRSF1B(545)
ICD10:G47,knowledge_full,8,8,1.0,691.5,1550.625,3939.2999999999993,0.641062071745264,339.0,0.625,0.625,1.0,TNF(6439); HLA-DRB1(2868); HLA-DQB1(1556); HLA-DQA1(838); TNFRSF1B(545)
Progressive osseous heteroplasia,knowledge_full,1,1,1.0,691.0,691.0,691.0,0.0,314.0,1.0,1.0,1.0,GNAS(691)
McCune Albright syndrome,knowledge_full,1,1,1.0,691.0,691.0,691.0,0.0,314.0,1.0,1.0,1.0,GNAS(691)
ICD10:Q781,knowledge_full,1,1,1.0,691.0,691.0,691.0,0.0,314.0,1.0,1.0,1.0,GNAS(691)
Hypersensitivity reaction disease,knowledge_full,11,11,1.0,677.0,1052.909090909091,3044.0,0.5618593114707775,323.0,0.5454545454545454,0.7272727272727273,1.0,STAT3(3689); KRAS(3044); CTLA4(1335); FAS(1256); FASLG(703)
Hypersensitivity reaction type IV disease,knowledge_full,11,11,1.0,677.0,1052.909090909091,3044.0,0.5618593114707775,323.0,0.5454545454545454,0.7272727272727273,1.0,STAT3(3689); KRAS(3044); CTLA4(1335); FAS(1256); FASLG(703)
Enfuvirtide-induced Amyloidosis,knowledge_full,4,4,1.0,676.0,1672.25,3994.600000000001,0.6067050381222904,965.5,0.5,0.75,1.0,APOE(5224); APOA1(1126); APOA4(226); APCS(113)
Familial adenomatous polyposis,knowledge_full,2,2,1.0,669.5,669.5,949.1,0.2610156833457804,598.0,0.5,1.0,1.0,APC(1019); MUTYH(320)
Psoriatic arthritis,knowledge_full,8,8,1.0,667.5,1013.875,2410.9,0.4981352484280607,343.0,0.625,0.75,1.0,HLA-DRB1(2868); HLA-B(2215); HLA-C(1105); IL13(735); IL12B(600)
ICD10:L4,knowledge_full,8,8,1.0,667.5,1013.875,2410.9,0.4981352484280607,343.0,0.625,0.75,1.0,HLA-DRB1(2868); HLA-B(2215); HLA-C(1105); IL13(735); IL12B(600)
ICD10:L40,knowledge_full,8,8,1.0,667.5,1013.875,2410.9,0.4981352484280607,343.0,0.625,0.75,1.0,HLA-DRB1(2868); HLA-B(2215); HLA-C(1105); IL13(735); IL12B(600)
ICD10:L405,knowledge_full,8,8,1.0,667.5,1013.875,2410.9,0.4981352484280607,343.0,0.625,0.75,1.0,HLA-DRB1(2868); HLA-B(2215); HLA-C(1105); IL13(735); IL12B(600)
Wild-type transthyretin-related Amyloidosis,knowledge_full,1,1,1.0,663.0,663.0,663.0,0.0,336.0,1.0,1.0,1.0,TTR(663)
Transthyretin amyloidosis,knowledge_full,1,1,1.0,663.0,663.0,663.0,0.0,336.0,1.0,1.0,1.0,TTR(663); TTR(663)
Autoimmune disease of exocrine system,knowledge_full,1,1,1.0,663.0,663.0,663.0,0.0,336.0,1.0,1.0,1.0,TTR(663)
Sjogren's syndrome,knowledge_full,1,1,1.0,663.0,663.0,663.0,0.0,336.0,1.0,1.0,1.0,TTR(663)
ICD10:M350,knowledge_full,1,1,1.0,663.0,663.0,663.0,0.0,336.0,1.0,1.0,1.0,TTR(663)
Gelatinous drop-like corneal dystrophy,knowledge_full,3,3,1.0,652.0,2095.6666666666665,4309.6,0.5103653040665924,344.0,0.6666666666666666,1.0,1.0,APOE(5224); CLU(652); LTF(411)
Brunner Syndrome,knowledge_full,1,1,1.0,651.0,651.0,651.0,0.0,346.0,1.0,1.0,1.0,MAOA(651)
DICER1 syndrome,knowledge_full,1,1,1.0,648.0,648.0,648.0,0.0,349.0,1.0,1.0,1.0,DICER1(648)
APP-related cerebral amyloid angiopathy,knowledge_full,5,5,1.0,646.0,1881.6,4409.2,0.5599914965986394,352.0,0.6,0.8,1.0,APOE(5224); APP(3187); CST3(646); SERPINA3(238); APCS(113)
CST3-related cerebral amyloid angiopathy,knowledge_full,4,4,1.0,646.0,940.4,2170.6000000000004,0.5688643130582731,352.0,0.6,0.6,1.0,APP(3187); CST3(646); CST3(646); APCS(113); ITM2B(110)
Thoracic disease,knowledge_full,26,26,1.0,644.0,1373.3461538461538,2525.5,0.6019149444948307,357.0,0.6923076923076923,0.8076923076923077,1.0,TP53(11608); BRCA1(3448); PTEN(2819); CDH1(2232); BRCA2(2204)
Breast cancer,knowledge_full,26,26,1.0,644.0,1373.3461538461538,2525.5,0.6019149444948307,357.0,0.6923076923076923,0.8076923076923077,1.0,TP53(11608); BRCA1(3448); PTEN(2819); CDH1(2232); BRCA2(2204)
Breast disease,knowledge_full,26,26,1.0,644.0,1373.3461538461538,2525.5,0.6019149444948307,357.0,0.6923076923076923,0.8076923076923077,1.0,TP53(11608); BRCA1(3448); PTEN(2819); CDH1(2232); BRCA2(2204)
Thoracic cancer,knowledge_full,26,26,1.0,644.0,1373.3461538461538,2525.5,0.6019149444948307,357.0,0.6923076923076923,0.8076923076923077,1.0,TP53(11608); BRCA1(3448); PTEN(2819); CDH1(2232); BRCA2(2204)
ICD10:C50,knowledge_full,26,26,1.0,644.0,1373.3461538461538,2525.5,0.6019149444948307,357.0,0.6923076923076923,0.8076923076923077,1.0,TP53(11608); BRCA1(3448); PTEN(2819); CDH1(2232); BRCA2(2204)
Brain cancer,knowledge_full,2,2,1.0,641.5,641.5,733.1,0.0892439594699923,379.0,1.0,1.0,1.0,SMARCA4(756); SMARCB1(527)
Atypical teratoid rhabdoid tumor,knowledge_full,2,2,1.0,641.5,641.5,733.1,0.0892439594699923,379.0,1.0,1.0,1.0,SMARCA4(756); SMARCB1(527)
Central nervous system cancer,knowledge_full,2,2,1.0,641.5,641.5,733.1,0.0892439594699923,379.0,1.0,1.0,1.0,SMARCA4(756); SMARCB1(527)
ICD10:C71,knowledge_full,2,2,1.0,641.5,641.5,733.1,0.0892439594699923,379.0,1.0,1.0,1.0,SMARCA4(756); SMARCB1(527)
ICD10:C72,knowledge_full,2,2,1.0,641.5,641.5,733.1,0.0892439594699923,379.0,1.0,1.0,1.0,SMARCA4(756); SMARCB1(527)
ICD10:C729,knowledge_full,2,2,1.0,641.5,641.5,733.1,0.0892439594699923,379.0,1.0,1.0,1.0,SMARCA4(756); SMARCB1(527)
Cleidocranial dysplasia,knowledge_full,1,1,1.0,641.0,641.0,641.0,0.0,354.0,1.0,1.0,1.0,RUNX2(641)
ICD10:Q740,knowledge_full,1,1,1.0,641.0,641.0,641.0,0.0,354.0,1.0,1.0,1.0,RUNX2(641)
Ectodermal dysplasia and immune deficiency,knowledge_full,2,2,1.0,638.5,638.5,702.1,0.06225528582615514,366.0,1.0,1.0,1.0,NFKBIA(718); IKBKG(559)
Neurofibromatosis,knowledge_full,1,1,1.0,638.0,638.0,638.0,0.0,359.0,1.0,1.0,1.0,NF1(638)
ICD10:Q850,knowledge_full,1,1,1.0,638.0,638.0,638.0,0.0,359.0,1.0,1.0,1.0,NF1(638)
Wilson disease,knowledge_full,2,2,1.0,625.5,625.5,815.5,0.18984812150279784,492.5,0.5,1.0,1.0,PRNP(863); ATP7B(388)
Loeys-Dietz syndrome,knowledge_full,5,5,1.0,617.0,583.8,865.6,0.24158958547447754,377.0,0.6,1.0,1.0,SMAD3(1028); TGFBR2(622); TGFBR1(617); TGFB2(389); TGFB3(263)
Urinary system cancer,knowledge_full,38,38,1.0,615.0,1454.948717948718,2925.2000000000016,0.6564523716242872,379.0,0.5641025641025641,0.7435897435897436,0.9743589743589743,TP53(11608); TP53(11608); CTNNB1(3354); ERBB2(3350); PTEN(2819)
ICD10:C68,knowledge_full,38,38,1.0,615.0,1454.948717948718,2925.2000000000016,0.6564523716242872,379.0,0.5641025641025641,0.7435897435897436,0.9743589743589743,TP53(11608); TP53(11608); CTNNB1(3354); ERBB2(3350); PTEN(2819)
Bladder disease,knowledge_full,29,29,1.0,615.0,1253.7096774193549,2695.0,0.6276382681158519,379.0,0.5483870967741935,0.6774193548387096,1.0,TP53(11608); ERBB2(3350); PTEN(2819); CDKN2A(2695); MDM2(2209)
ICD10:N32,knowledge_full,29,29,1.0,615.0,1253.7096774193549,2695.0,0.6276382681158519,379.0,0.5483870967741935,0.6774193548387096,1.0,TP53(11608); ERBB2(3350); PTEN(2819); CDKN2A(2695); MDM2(2209)
ICD10:N329,knowledge_full,29,29,1.0,615.0,1253.7096774193549,2695.0,0.6276382681158519,379.0,0.5483870967741935,0.6774193548387096,1.0,TP53(11608); ERBB2(3350); PTEN(2819); CDKN2A(2695); MDM2(2209)
Lacrimoauriculodentodigital syndrome 1,knowledge_full,3,3,1.0,615.0,484.3333333333333,691.8,0.26795136499197064,379.0,0.6666666666666666,0.6666666666666666,1.0,FGFR2(711); FGFR3(615); FGF10(127)
LADD syndrome,knowledge_full,3,3,1.0,615.0,484.3333333333333,711.0,0.26795136499197064,379.0,0.6666666666666666,0.6666666666666666,1.0,FGFR2(711); FGFR2(711); FGFR3(615); FGFR3(615); FGF10(127)
Muenke Syndrome,knowledge_full,1,1,1.0,615.0,615.0,615.0,0.0,379.0,1.0,1.0,1.0,FGFR3(615)
Hypochondroplasia,knowledge_full,1,1,1.0,615.0,615.0,615.0,0.0,379.0,1.0,1.0,1.0,FGFR3(615)
SADDAN,knowledge_full,1,1,1.0,615.0,615.0,615.0,0.0,379.0,1.0,1.0,1.0,FGFR3(615)
Crouzon syndrome-acanthosis nigricans syndrome,knowledge_full,1,1,1.0,615.0,615.0,615.0,0.0,379.0,1.0,1.0,1.0,FGFR3(615)
Thanatophoric dysplasia,knowledge_full,1,1,1.0,615.0,615.0,615.0,0.0,379.0,1.0,1.0,1.0,FGFR3(615)
Achondroplasia,knowledge_full,1,1,1.0,615.0,615.0,615.0,0.0,379.0,1.0,1.0,1.0,FGFR3(615)
ICD10:Q771,knowledge_full,1,1,1.0,615.0,615.0,615.0,0.0,379.0,1.0,1.0,1.0,FGFR3(615)
ICD10:Q774,knowledge_full,1,1,1.0,615.0,615.0,615.0,0.0,379.0,1.0,1.0,1.0,FGFR3(615); FGFR3(615)
Tatton-Brown-Rahman syndrome,knowledge_full,1,1,1.0,612.0,612.0,612.0,0.0,384.0,1.0,1.0,1.0,DNMT3A(612)
Atherosclerosis,knowledge_full,8,8,1.0,610.0,539.0,1002.0999999999999,0.4250347866419295,407.5,0.5,0.625,0.875,APOA1(1126); APOB(949); ABCA1(849); CETP(706); LPA(514)
Arteriosclerotic cardiovascular disease,knowledge_full,8,8,1.0,610.0,539.0,1002.0999999999999,0.4250347866419295,407.5,0.5,0.625,0.875,APOA1(1126); APOB(949); ABCA1(849); CETP(706); LPA(514)
Arteriosclerosis,knowledge_full,8,8,1.0,610.0,539.0,1002.0999999999999,0.4250347866419295,407.5,0.5,0.625,0.875,APOA1(1126); APOB(949); ABCA1(849); CETP(706); LPA(514)
ICD10:I70,knowledge_full,8,8,1.0,610.0,539.0,1002.0999999999999,0.4250347866419295,407.5,0.5,0.625,0.875,APOA1(1126); APOB(949); ABCA1(849); CETP(706); LPA(514)
ICD10:F0,knowledge_full,32,29,0.90625,608.0,1503.7674418604652,4816.600000000009,0.5805623949366762,389.0,0.5116279069767442,0.813953488372093,0.9534883720930233,IL6(5459); APOE(5224); APOE(5224); APOE(5224); APOE(5224)
Neuronal ceroid lipofuscinosis 11,knowledge_full,1,1,1.0,608.0,608.0,608.0,0.0,389.0,1.0,1.0,1.0,GRN(608)
Winchester syndrome,knowledge_full,1,1,1.0,608.0,608.0,608.0,0.0,390.0,1.0,1.0,1.0,MMP14(608)
Hepatobiliary system cancer,knowledge_full,34,34,1.0,606.0,1406.0882352941176,2976.5,0.6474581005242894,388.0,0.5294117647058824,0.7058823529411765,0.9411764705882353,TP53(11608); EGFR(6674); BRCA1(3448); KRAS(3044); PTEN(2819)
Adenocarcinoma,knowledge_full,34,34,1.0,606.0,1406.0882352941176,2976.5,0.6474581005242894,388.0,0.5294117647058824,0.7058823529411765,0.9411764705882353,TP53(11608); EGFR(6674); BRCA1(3448); KRAS(3044); PTEN(2819)
Bile duct cancer,knowledge_full,34,34,1.0,606.0,1406.0882352941176,2976.5,0.6474581005242894,388.0,0.5294117647058824,0.7058823529411765,0.9411764705882353,TP53(11608); EGFR(6674); BRCA1(3448); KRAS(3044); PTEN(2819)
Biliary tract cancer,knowledge_full,34,34,1.0,606.0,1406.0882352941176,2976.5,0.6474581005242894,388.0,0.5294117647058824,0.7058823529411765,0.9411764705882353,TP53(11608); EGFR(6674); BRCA1(3448); KRAS(3044); PTEN(2819)
Bile duct adenocarcinoma,knowledge_full,34,34,1.0,606.0,1406.0882352941176,2976.5,0.6474581005242894,388.0,0.5294117647058824,0.7058823529411765,0.9411764705882353,TP53(11608); EGFR(6674); BRCA1(3448); KRAS(3044); PTEN(2819)
Bile duct carcinoma,knowledge_full,34,34,1.0,606.0,1406.0882352941176,2976.5,0.6474581005242894,388.0,0.5294117647058824,0.7058823529411765,0.9411764705882353,TP53(11608); EGFR(6674); BRCA1(3448); KRAS(3044); PTEN(2819)
Cholangiocarcinoma,knowledge_full,34,34,1.0,606.0,1406.0882352941176,2976.5,0.6474581005242894,388.0,0.5294117647058824,0.7058823529411765,0.9411764705882353,TP53(11608); EGFR(6674); BRCA1(3448); KRAS(3044); PTEN(2819)
ICD10:C2,knowledge_full,34,34,1.0,606.0,1406.0882352941176,2976.5,0.6474581005242894,388.0,0.5294117647058824,0.7058823529411765,0.9411764705882353,TP53(11608); EGFR(6674); BRCA1(3448); KRAS(3044); PTEN(2819)
ICD10:C22,knowledge_full,34,34,1.0,606.0,1406.0882352941176,2976.5,0.6474581005242894,388.0,0.5294117647058824,0.7058823529411765,0.9411764705882353,TP53(11608); EGFR(6674); BRCA1(3448); KRAS(3044); PTEN(2819)
ICD10:C221,knowledge_full,34,34,1.0,606.0,1406.0882352941176,2976.5,0.6474581005242894,388.0,0.5294117647058824,0.7058823529411765,0.9411764705882353,TP53(11608); EGFR(6674); BRCA1(3448); KRAS(3044); PTEN(2819)
ICD10:C24,knowledge_full,34,34,1.0,606.0,1406.0882352941176,2976.5,0.6474581005242894,388.0,0.5294117647058824,0.7058823529411765,0.9411764705882353,TP53(11608); EGFR(6674); BRCA1(3448); KRAS(3044); PTEN(2819)
Myelofibrosis,knowledge_full,6,6,1.0,604.0,785.6666666666666,1391.5,0.33503040588318483,415.5,0.5,1.0,1.0,JAK2(1804); IDH1(979); CALR(700); IDH2(508); TET2(471)
Apolipoprotein A-I associated Amyloidosis,knowledge_full,12,12,1.0,603.0,514.1666666666666,861.3000000000001,0.38190167477039444,397.5,0.5833333333333334,0.75,1.0,APOA1(1126); HBB(871); ALB(774); ACTB(774); SERPINA1(760)
ICD10:C5,knowledge_full,33,33,1.0,599.0,1532.4,3410.4,0.6175056636728959,399.0,0.6666666666666666,0.8222222222222222,1.0,TP53(11608); TP53(11608); AKT1(3744); BRCA1(3448); BRCA1(3448)
Female reproductive organ cancer,knowledge_full,19,19,1.0,599.0,1750.0526315789473,3507.2,0.6240255536438161,399.0,0.631578947368421,0.8421052631578947,1.0,TP53(11608); AKT1(3744); BRCA1(3448); CTNNB1(3354); CDH1(2232)
Ovarian cancer,knowledge_full,19,19,1.0,599.0,1750.0526315789473,3507.2,0.6240255536438161,399.0,0.631578947368421,0.8421052631578947,1.0,TP53(11608); AKT1(3744); BRCA1(3448); CTNNB1(3354); CDH1(2232)
ICD10:C56,knowledge_full,19,19,1.0,599.0,1750.0526315789473,3507.2,0.6240255536438161,399.0,0.631578947368421,0.8421052631578947,1.0,TP53(11608); AKT1(3744); BRCA1(3448); CTNNB1(3354); CDH1(2232)
ICD10:C57,knowledge_full,19,19,1.0,599.0,1750.0526315789473,3507.2,0.6240255536438161,399.0,0.631578947368421,0.8421052631578947,1.0,TP53(11608); AKT1(3744); BRCA1(3448); CTNNB1(3354); CDH1(2232)
Nijmegen breakage syndrome,knowledge_full,1,1,1.0,599.0,599.0,599.0,0.0,399.0,1.0,1.0,1.0,NBN(599)
Mandibuloacral dysplasia,knowledge_full,2,2,1.0,597.5,597.5,977.9,0.3979079497907949,2019.0,0.5,0.5,1.0,LMNA(1073); ZMPSTE24(122)
Autoimmune disease of endocrine system,knowledge_full,20,20,1.0,589.0,1081.8275862068965,2868.0,0.5050488175094552,407.0,0.6896551724137931,0.8620689655172413,0.9655172413793104,IL6(5459); HLA-DRB1(2868); HLA-DRB1(2868); HLA-DRB1(2868); CCR5(1643)
Inclusion body myopathy with Paget disease of bone and frontotemporal dementia,knowledge_full,3,3,1.0,587.0,650.6666666666666,786.2,0.10484972677595635,408.0,1.0,1.0,1.0,VCP(836); HNRNPA1(587); HNRNPA2B1(529)
ICD10:Q85,knowledge_full,5,5,1.0,586.0,606.6,804.8000000000001,0.16155621496867792,410.0,0.8,1.0,1.0,VHL(916); NF1(638); STK11(586); TSC2(541); TSC1(352)
Peutz-Jeghers syndrome,knowledge_full,1,1,1.0,586.0,586.0,586.0,0.0,410.0,1.0,1.0,1.0,STK11(586)
X-linked dilated cardiomyopathy,knowledge_full,1,1,1.0,585.0,585.0,585.0,0.0,413.0,1.0,1.0,1.0,DMD(585)
Graves' disease,knowledge_full,8,8,1.0,581.5,827.75,1794.8999999999996,0.4948278465720326,413.0,0.625,0.875,0.875,HLA-DRB1(2868); CTLA4(1335); CD40(625); PTPN22(589); IL2RA(574)
Baraitser-Winter syndrome,knowledge_full,2,2,1.0,581.0,581.0,735.4,0.1660929432013769,517.0,0.5,1.0,1.0,ACTB(774); ACTG1(388)
Autoimmune disease of the nervous system,knowledge_full,7,7,1.0,574.0,1647.2857142857142,4296.4000000000015,0.603515987957927,419.0,0.5714285714285714,1.0,1.0,TNF(6439); HLA-DRB1(2868); TNFRSF1A(827); IL2RA(574); IL7R(349)
Multiple sclerosis,knowledge_full,5,5,1.0,574.0,968.8,2051.6000000000004,0.4758051197357556,419.0,0.6,1.0,1.0,HLA-DRB1(2868); TNFRSF1A(827); IL2RA(574); IL7R(349); CYP27B1(226)
Demyelinating disease,knowledge_full,5,5,1.0,574.0,968.8,2051.6000000000004,0.4758051197357556,419.0,0.6,1.0,1.0,HLA-DRB1(2868); TNFRSF1A(827); IL2RA(574); IL7R(349); CYP27B1(226)
ICD10:G35,knowledge_full,5,5,1.0,574.0,968.8,2051.6000000000004,0.4758051197357556,419.0,0.6,1.0,1.0,HLA-DRB1(2868); TNFRSF1A(827); IL2RA(574); IL7R(349); CYP27B1(226)
ICD10:G379,knowledge_full,5,5,1.0,574.0,968.8,2051.6000000000004,0.4758051197357556,419.0,0.6,1.0,1.0,HLA-DRB1(2868); TNFRSF1A(827); IL2RA(574); IL7R(349); CYP27B1(226)
Campomelic dysplasia,knowledge_full,1,1,1.0,567.0,567.0,567.0,0.0,426.0,1.0,1.0,1.0,SOX9(567)
Bloch-Sulzberger syndrome,knowledge_full,1,1,1.0,559.0,559.0,559.0,0.0,434.0,1.0,1.0,1.0,IKBKG(559)
Gastrointestinal system cancer,knowledge_full,42,42,1.0,558.0,1294.7441860465117,2803.8,0.6364876594727947,436.0,0.5116279069767442,0.7209302325581395,0.9534883720930233,TP53(11608); EGFR(6674); BRCA1(3448); KRAS(3044); PTEN(2819)
Juvenile polyposis syndrome,knowledge_full,2,2,1.0,558.0,558.0,842.8,0.31899641577060933,1147.0,0.5,0.5,1.0,SMAD4(914); BMPR1A(202)
Rheumatoid arthritis,knowledge_full,31,31,1.0,555.5,1086.53125,2802.700000000001,0.6011668080761599,444.0,0.53125,0.78125,0.9375,TNF(6439); IL6(5459); HLA-DRB1(2868); HLA-DRB1(2868); HLA-B(2215)
ICD10:M0,knowledge_full,31,31,1.0,555.5,1086.53125,2802.700000000001,0.6011668080761599,444.0,0.53125,0.78125,0.9375,TNF(6439); IL6(5459); HLA-DRB1(2868); HLA-DRB1(2868); HLA-B(2215)
ICD10:M05,knowledge_full,31,31,1.0,555.5,1086.53125,2802.700000000001,0.6011668080761599,444.0,0.53125,0.78125,0.9375,TNF(6439); IL6(5459); HLA-DRB1(2868); HLA-DRB1(2868); HLA-B(2215)
ICD10:M06,knowledge_full,31,31,1.0,555.5,1086.53125,2802.700000000001,0.6011668080761599,444.0,0.53125,0.78125,0.9375,TNF(6439); IL6(5459); HLA-DRB1(2868); HLA-DRB1(2868); HLA-B(2215)
ICD10:M069,knowledge_full,31,31,1.0,555.5,1086.53125,2802.700000000001,0.6011668080761599,444.0,0.53125,0.78125,0.9375,TNF(6439); IL6(5459); HLA-DRB1(2868); HLA-DRB1(2868); HLA-B(2215)
Juvenile rheumatoid arthritis,knowledge_full,28,28,1.0,555.5,1102.5357142857142,2410.9000000000005,0.6007105605353151,444.0,0.5357142857142857,0.7857142857142857,0.9285714285714286,TNF(6439); IL6(5459); HLA-DRB1(2868); HLA-B(2215); HLA-A(1667)
ICD10:M08,knowledge_full,28,28,1.0,555.5,1102.5357142857142,2410.9000000000005,0.6007105605353151,444.0,0.5357142857142857,0.7857142857142857,0.9285714285714286,TNF(6439); IL6(5459); HLA-DRB1(2868); HLA-B(2215); HLA-A(1667)
ICD10:M084,knowledge_full,28,28,1.0,555.5,1102.5357142857142,2410.9000000000005,0.6007105605353151,444.0,0.5357142857142857,0.7857142857142857,0.9285714285714286,TNF(6439); IL6(5459); HLA-DRB1(2868); HLA-B(2215); HLA-A(1667)
Glucosephosphate dehydrogenase deficiency,knowledge_full,1,1,1.0,552.0,552.0,552.0,0.0,446.0,1.0,1.0,1.0,G6PD(552)
Immunodeficiency 14,knowledge_full,2,2,1.0,551.5,551.5,807.9,0.29057116953762474,970.0,0.5,1.0,1.0,PIK3R1(872); PIK3CD(231)
Hyperimmunoglobulin syndrome,knowledge_full,3,3,1.0,548.0,1420.6666666666667,3060.8,0.573126857500391,450.0,0.6666666666666666,0.6666666666666666,0.6666666666666666,STAT3(3689); CD40LG(548); ZNF341(25)
Hyper IgM syndrome,knowledge_full,1,1,1.0,548.0,548.0,548.0,0.0,450.0,1.0,1.0,1.0,CD40LG(548)
X-linked hyper IgM syndrome,knowledge_full,1,1,1.0,548.0,548.0,548.0,0.0,450.0,1.0,1.0,1.0,CD40LG(548)
Stormorken syndrome,knowledge_full,1,1,1.0,545.0,545.0,545.0,0.0,454.0,1.0,1.0,1.0,STIM1(545)
Systemic mastocytosis,knowledge_full,6,6,1.0,541.5,625.0,1051.0,0.29377777777777786,478.5,0.5,1.0,1.0,KIT(1171); RUNX1(931); DNMT3A(612); TET2(471); SRSF2(323)
Mastocytosis,knowledge_full,6,6,1.0,541.5,625.0,1051.0,0.29377777777777786,478.5,0.5,1.0,1.0,KIT(1171); RUNX1(931); DNMT3A(612); TET2(471); SRSF2(323)
ICD10:Q822,knowledge_full,6,6,1.0,541.5,625.0,1051.0,0.29377777777777786,478.5,0.5,1.0,1.0,KIT(1171); RUNX1(931); DNMT3A(612); TET2(471); SRSF2(323)
Thrombotic thrombocytopenic purpura,knowledge_full,1,1,1.0,539.0,539.0,539.0,0.0,468.0,1.0,1.0,1.0,ADAMTS13(539)
ICD10:M311,knowledge_full,1,1,1.0,539.0,539.0,539.0,0.0,468.0,1.0,1.0,1.0,ADAMTS13(539)
Frontometaphyseal dysplasia,knowledge_full,3,3,1.0,535.0,496.0,664.6,0.19758064516129034,471.0,0.6666666666666666,1.0,1.0,FLNA(697); MAP3K7(535); TAB2(256)
Lynch syndrome,knowledge_full,8,8,1.0,533.0,552.6153846153846,1074.4,0.3580178173719376,475.0,0.5384615384615384,0.8461538461538461,1.0,MLH1(1110); MLH1(1110); MSH2(932); MSH2(932); TGFBR2(622)
Silver-Russell syndrome,knowledge_full,5,5,1.0,532.0,441.2,677.0,0.29138712601994554,476.0,0.6,0.8,1.0,IGF2(749); H19(569); HMGA2(532); CDKN1C(252); PLAG1(104)
Nephrolithiasis,knowledge_full,9,9,1.0,529.0,518.4444444444445,1077.4,0.4148687907796352,482.0,0.5555555555555556,0.7777777777777778,0.8888888888888888,SPP1(1203); IL1RN(1046); FGF23(654); CASR(535); KL(529)
ICD10:N20,knowledge_full,9,9,1.0,529.0,518.4444444444445,1077.4,0.4148687907796352,482.0,0.5555555555555556,0.7777777777777778,0.8888888888888888,SPP1(1203); IL1RN(1046); FGF23(654); CASR(535); KL(529)
Hyperphosphatemic familial tumoral calcinosis,knowledge_full,3,3,1.0,529.0,423.3333333333333,629.0,0.2976377952755905,482.0,0.6666666666666666,0.6666666666666666,1.0,FGF23(654); KL(529); GALNT3(87)
Calcium metabolism disease,knowledge_full,3,3,1.0,529.0,423.3333333333333,629.0,0.2976377952755905,482.0,0.6666666666666666,0.6666666666666666,1.0,FGF23(654); KL(529); GALNT3(87)
Calcinosis,knowledge_full,3,3,1.0,529.0,423.3333333333333,629.0,0.2976377952755905,482.0,0.6666666666666666,0.6666666666666666,1.0,FGF23(654); KL(529); GALNT3(87)
Acromicric dysplasia,knowledge_full,1,1,1.0,526.0,526.0,526.0,0.0,487.0,1.0,1.0,1.0,FBN1(526)
Marfan syndrome,knowledge_full,1,1,1.0,526.0,526.0,526.0,0.0,487.0,1.0,1.0,1.0,FBN1(526)
ICD10:Q874,knowledge_full,1,1,1.0,526.0,526.0,526.0,0.0,487.0,1.0,1.0,1.0,FBN1(526)
RASopathy,knowledge_full,19,19,1.0,523.0,847.5357142857143,2743.0,0.5619427873125569,492.0,0.5714285714285714,0.7142857142857143,0.9642857142857143,KRAS(3044); KRAS(3044); BRAF(2743); BRAF(2743); BRAF(2743)
Langerhans-cell histiocytosis,knowledge_full,3,3,1.0,523.0,1156.3333333333333,2299.0,0.48813298741231864,492.0,0.6666666666666666,0.6666666666666666,1.0,BRAF(2743); MAP2K1(523); MAP3K1(203)
ICD10:C96,knowledge_full,3,3,1.0,523.0,1156.3333333333333,2299.0,0.48813298741231864,492.0,0.6666666666666666,0.6666666666666666,1.0,BRAF(2743); MAP2K1(523); MAP3K1(203)
ICD10:C960,knowledge_full,3,3,1.0,523.0,1156.3333333333333,2299.0,0.48813298741231864,492.0,0.6666666666666666,0.6666666666666666,1.0,BRAF(2743); MAP2K1(523); MAP3K1(203)
Melorheostosis,knowledge_full,1,1,1.0,523.0,523.0,523.0,0.0,492.0,1.0,1.0,1.0,MAP2K1(523)
Thalassemia,knowledge_full,4,4,1.0,519.5,562.5,812.2,0.2115555555555555,589.5,0.5,1.0,1.0,HBB(871); HBA1(675); ATRX(364); HBA2(340)
ICD10:D56,knowledge_full,4,4,1.0,519.5,562.5,812.2,0.2115555555555555,589.5,0.5,1.0,1.0,HBB(871); HBA1(675); ATRX(364); HBA2(340)
ICD10:D569,knowledge_full,4,4,1.0,519.5,562.5,812.2,0.2115555555555555,589.5,0.5,1.0,1.0,HBB(871); HBA1(675); ATRX(364); HBA2(340)
Organ system cancer,knowledge_full,200,200,1.0,518.0,1137.8237288135592,2788.6000000000017,0.6383400537532603,499.0,0.5016949152542373,0.7322033898305085,0.9694915254237289,TP53(11608); TP53(11608); TP53(11608); TP53(11608); TP53(11608)
Short QT syndrome,knowledge_full,4,4,1.0,517.0,475.25,670.9,0.230273540241978,554.5,0.5,0.75,1.0,KCNH2(685); KCNQ1(638); CACNA1C(396); KCNJ2(182)
Nervous system cancer,knowledge_full,11,11,1.0,511.0,716.1666666666666,1359.5000000000002,0.5557753471414165,519.0,0.4166666666666667,0.6666666666666666,0.9166666666666666,ERBB2(3350); RB1(1418); ALK(833); SMARCA4(756); SMARCB1(527)
Sensory system cancer,knowledge_full,3,3,1.0,511.0,654.3333333333334,1236.6000000000001,0.47002886737986077,519.0,0.3333333333333333,0.6666666666666666,0.6666666666666666,RB1(1418); MYCN(511); AADAC(34)
Ocular cancer,knowledge_full,3,3,1.0,511.0,654.3333333333334,1236.6000000000001,0.47002886737986077,519.0,0.3333333333333333,0.6666666666666666,0.6666666666666666,RB1(1418); MYCN(511); AADAC(34)
Retinal cancer,knowledge_full,3,3,1.0,511.0,654.3333333333334,1236.6000000000001,0.47002886737986077,519.0,0.3333333333333333,0.6666666666666666,0.6666666666666666,RB1(1418); MYCN(511); AADAC(34)
Retinoblastoma,knowledge_full,3,3,1.0,511.0,654.3333333333334,1236.6000000000001,0.47002886737986077,519.0,0.3333333333333333,0.6666666666666666,0.6666666666666666,RB1(1418); MYCN(511); AADAC(34)
Retinal cell cancer,knowledge_full,3,3,1.0,511.0,654.3333333333334,1236.6000000000001,0.47002886737986077,519.0,0.3333333333333333,0.6666666666666666,0.6666666666666666,RB1(1418); MYCN(511); AADAC(34)
ICD10:C69,knowledge_full,3,3,1.0,511.0,654.3333333333334,1236.6000000000001,0.47002886737986077,519.0,0.3333333333333333,0.6666666666666666,0.6666666666666666,RB1(1418); MYCN(511); AADAC(34)
ICD10:C692,knowledge_full,3,3,1.0,511.0,654.3333333333334,1236.6000000000001,0.47002886737986077,519.0,0.3333333333333333,0.6666666666666666,0.6666666666666666,RB1(1418); MYCN(511); AADAC(34)
Autoimmune disease of skin and connective tissue,knowledge_full,52,52,1.0,510.5,889.3928571428571,2203.5,0.5914082353818529,514.5,0.5,0.6785714285714286,0.9464285714285714,TNF(6439); MTHFR(3862); IL1B(3209); HLA-DRB1(2868); HLA-DRB1(2868)
Lateral meningocele syndrome,knowledge_full,1,1,1.0,508.0,508.0,508.0,0.0,524.0,0.0,1.0,1.0,NOTCH3(508)
CADASIL,knowledge_full,1,1,1.0,508.0,508.0,508.0,0.0,524.0,0.0,1.0,1.0,NOTCH3(508)
Crohn's disease,knowledge_full,14,14,1.0,506.5,1156.7142857142858,3299.9000000000005,0.5510771185095009,548.0,0.5,0.7142857142857143,1.0,STAT3(3689); IL10(3485); HLA-DRB1(2868); JAK2(1804); LRRK2(1107)
Syndromic microphthalmia,knowledge_full,2,2,1.0,506.5,506.5,753.3,0.3045409674234947,1195.0,0.5,0.5,1.0,SOX2(815); BCOR(198)
Heart valve disease,knowledge_full,2,2,1.0,504.0,504.0,658.4,0.19146825396825395,701.5,0.5,1.0,1.0,FLNA(697); ELN(311)
STING-associated vasculopathy with onset in infancy,knowledge_full,1,1,1.0,501.0,501.0,501.0,0.0,534.0,0.0,1.0,1.0,STING1(501)
Chronic myeloid leukemia,knowledge_full,3,3,1.0,499.0,507.6666666666667,836.6,0.35806522214926684,538.0,0.3333333333333333,0.6666666666666666,1.0,ABL1(921); BCR(499); ABCB7(103)
PrP Systemic Amyloidosis,knowledge_full,2,2,1.0,488.0,488.0,788.0,0.38422131147540983,2233.5,0.5,0.5,1.0,PRNP(863); APCS(113)
Lattice corneal dystrophy,knowledge_full,3,3,1.0,485.5,1628.5,3852.4000000000005,0.5775253300583358,695.5,0.5,1.0,1.0,APOE(5224); CLU(652); TGFBI(319); TGFBI(319)
ICD10:M35,knowledge_full,4,4,1.0,483.5,811.25,1749.4000000000003,0.5250385208012327,735.5,0.5,0.75,1.0,HLA-B(2215); TTR(663); SAA1(304); SAA2(63)
ICD10:M31,knowledge_full,2,2,1.0,483.5,483.5,527.9,0.0573940020682524,562.5,0.5,1.0,1.0,ADAMTS13(539); HLA-DPB1(428)
Factor VII deficiency,knowledge_full,1,1,1.0,483.0,483.0,483.0,0.0,556.0,0.0,1.0,1.0,F7(483)
Acatalasia,knowledge_full,1,1,1.0,482.0,482.0,482.0,0.0,557.0,0.0,1.0,1.0,CAT(482)
ICD10:E803,knowledge_full,1,1,1.0,482.0,482.0,482.0,0.0,557.0,0.0,1.0,1.0,CAT(482)
Abetalipoproteinemia,knowledge_full,4,4,1.0,477.0,516.5,895.6,0.35648596321394,1320.5,0.5,0.5,1.0,APOB(949); PCSK9(771); MTTP(183); ANGPTL3(163)
Creutzfeldt-Jakob disease,knowledge_full,8,8,1.0,475.0,1017.625,2171.2999999999993,0.6481851123940547,1181.5,0.5,0.5,1.0,APOE(5224); PRNP(863); YWHAZ(785); C3(747); C1QA(203)
Transient myeloproliferative syndrome,knowledge_full,2,2,1.0,475.0,475.0,531.0,0.0736842105263158,587.0,0.5,1.0,1.0,STIM1(545); ORAI1(405)
Carcinoma,knowledge_full,53,53,1.0,474.0,1313.9344262295083,2819.0,0.6751116247200434,568.0,0.45901639344262296,0.7377049180327869,0.9508196721311475,TP53(11608); TP53(11608); EGFR(6674); APOE(5224); BRCA1(3448)
ICD10:D1,knowledge_full,2,2,1.0,471.5,471.5,827.1,0.4713679745493107,6670.0,0.5,0.5,0.5,VHL(916); ODAM(27)
Bone marrow disease,knowledge_full,26,26,1.0,471.0,626.8888888888889,1800.0,0.48233979282366385,573.0,0.4166666666666667,0.8055555555555556,0.9166666666666666,BRAF(2743); JAK2(1804); JAK2(1804); JAK2(1804); CCND1(1796)
Myeloid neoplasm,knowledge_full,20,20,1.0,471.0,690.3846153846154,1804.0,0.5013799014356117,573.0,0.4230769230769231,0.7692307692307693,0.9230769230769231,BRAF(2743); JAK2(1804); JAK2(1804); JAK2(1804); CCND1(1796)
Bone marrow cancer,knowledge_full,20,20,1.0,471.0,690.3846153846154,1804.0,0.5013799014356117,573.0,0.4230769230769231,0.7692307692307693,0.9230769230769231,BRAF(2743); JAK2(1804); JAK2(1804); JAK2(1804); CCND1(1796)
OMIM:105200,knowledge_full,15,15,1.0,471.0,483.8,832.1999999999999,0.37942216710302695,574.0,0.4666666666666667,0.7333333333333333,1.0,APOA1(1126); HBB(871); ALB(774); ACTB(774); SERPINA1(760)
ICD10:D47,knowledge_full,9,9,1.0,471.0,633.7272727272727,1804.0,0.4487421916772082,573.0,0.36363636363636365,0.8181818181818182,1.0,JAK2(1804); JAK2(1804); CALR(700); STIM1(545); TET2(471)
Myeloproliferative neoplasm,knowledge_full,7,7,1.0,471.0,733.7777777777778,1804.0,0.40137290530991315,573.0,0.4444444444444444,0.8888888888888888,1.0,JAK2(1804); JAK2(1804); CALR(700); STIM1(545); TET2(471)
ICD10:D470,knowledge_full,7,7,1.0,471.0,733.7777777777778,1804.0,0.40137290530991315,573.0,0.4444444444444444,0.8888888888888888,1.0,JAK2(1804); JAK2(1804); CALR(700); STIM1(545); TET2(471)
ICD10:D471,knowledge_full,7,7,1.0,471.0,733.7777777777778,1804.0,0.40137290530991315,573.0,0.4444444444444444,0.8888888888888888,1.0,JAK2(1804); JAK2(1804); CALR(700); STIM1(545); TET2(471)
Essential thrombocythemia,knowledge_full,5,5,1.0,471.0,675.8,1362.4,0.4441550754661142,573.0,0.4,0.8,1.0,JAK2(1804); CALR(700); TET2(471); MPL(252); THPO(152)
ICD10:D473,knowledge_full,5,5,1.0,471.0,675.8,1362.4,0.4441550754661142,573.0,0.4,0.8,1.0,JAK2(1804); CALR(700); TET2(471); MPL(252); THPO(152)
Hereditary beta-2-microglobulin-related Amyloidosis,knowledge_full,1,1,1.0,471.0,471.0,471.0,0.0,574.0,0.0,1.0,1.0,B2M(471)
Apolipoprotein C-III associated Amyloidosis,knowledge_full,5,5,1.0,467.0,1431.2,3584.8,0.6216880939072107,582.0,0.4,0.8,1.0,APOE(5224); APOA1(1126); APOC3(467); APOA4(226); APCS(113)
Congenital myopathy 5,knowledge_full,1,1,1.0,467.0,467.0,467.0,0.0,585.0,0.0,1.0,1.0,TTN(467)
Tibial muscular dystrophy,knowledge_full,1,1,1.0,467.0,467.0,467.0,0.0,585.0,0.0,1.0,1.0,TTN(467)
Myofibrillar myopathy 9,knowledge_full,1,1,1.0,467.0,467.0,467.0,0.0,585.0,0.0,1.0,1.0,TTN(467)
Hematologic cancer,knowledge_full,49,49,1.0,466.0,641.9818181818182,1800.8,0.5048684471381234,587.0,0.4,0.7272727272727273,0.9636363636363636,KRAS(3044); BRAF(2743); CXCR4(2175); JAK2(1804); JAK2(1804)
Autoimmune disease of central nervous system,knowledge_full,6,6,1.0,461.5,848.6666666666666,1847.5,0.4965959675307672,662.0,0.5,1.0,1.0,HLA-DRB1(2868); TNFRSF1A(827); IL2RA(574); IL7R(349); MBP(248)
ICD10:G37,knowledge_full,6,6,1.0,461.5,836.1666666666666,1847.5,0.515015613580493,662.0,0.5,0.8333333333333334,1.0,HLA-DRB1(2868); TNFRSF1A(827); IL2RA(574); IL7R(349); CYP27B1(226)
Warfarin resistance,knowledge_full,7,7,1.0,460.0,726.7142857142857,1477.2000000000007,0.4881911876211071,597.0,0.42857142857142855,0.7142857142857143,1.0,ABCB1(2568); UGT1A1(750); NQO1(649); VKORC1(460); CYP2A6(318)
Alopecia areata,knowledge_full,45,45,1.0,459.0,905.5777777777778,2178.0,0.602320324790939,598.0,0.4888888888888889,0.6888888888888889,0.9333333333333333,TNF(6439); MTHFR(3862); IL1B(3209); HLA-DRB1(2868); NOS3(2192)
ICD10:L63,knowledge_full,45,45,1.0,459.0,905.5777777777778,2178.0,0.602320324790939,598.0,0.4888888888888889,0.6888888888888889,0.9333333333333333,TNF(6439); MTHFR(3862); IL1B(3209); HLA-DRB1(2868); NOS3(2192)
Homocystinuria,knowledge_full,5,5,1.0,458.0,1046.2,2512.0,0.5927738482125788,600.0,0.2,0.8,0.8,MTHFR(3862); MTR(487); CBS(458); MTRR(389); MMADHC(35)
ICD10:E721,knowledge_full,5,5,1.0,458.0,1046.2,2512.0,0.5927738482125788,600.0,0.2,0.8,0.8,MTHFR(3862); MTR(487); CBS(458); MTRR(389); MMADHC(35)
Nemaline myopathy 3,knowledge_full,1,1,1.0,454.0,454.0,454.0,0.0,603.0,0.0,1.0,1.0,ACTA1(454)
DOID:12252,knowledge_full,9,9,1.0,451.5,413.0,691.0,0.3654829163303739,683.5,0.5,0.5833333333333334,1.0,PRKACA(723); GNAS(691); GNAS(691); GNAS(691); GNAS(691)
Tuberous sclerosis,knowledge_full,2,2,1.0,446.5,446.5,522.1,0.10582306830907062,677.5,0.5,1.0,1.0,TSC2(541); TSC1(352)
Lymphangioleiomyomatosis,knowledge_full,2,2,1.0,446.5,446.5,522.1,0.10582306830907062,677.5,0.5,1.0,1.0,TSC2(541); TSC1(352)
ICD10:Q851,knowledge_full,2,2,1.0,446.5,446.5,522.1,0.10582306830907062,677.5,0.5,1.0,1.0,TSC2(541); TSC1(352)
Keratosis follicularis,knowledge_full,1,1,1.0,444.0,444.0,444.0,0.0,622.0,0.0,1.0,1.0,ATP2A2(444)
Core binding factor acute myeloid leukemia,knowledge_full,10,10,1.0,442.0,747.0,1358.2999999999993,0.5325301204819277,1177.5,0.5,0.5,1.0,KRAS(3044); KIT(1171); RUNX1(931); FLT3(833); NRAS(677)
Blood platelet disease,knowledge_full,7,7,1.0,441.0,462.7142857142857,905.0000000000002,0.4501389317690645,628.0,0.42857142857142855,0.7142857142857143,0.8571428571428571,ITGB3(1220); MYH9(695); STIM1(545); ITGA2B(441); GP6(220)
Plasminogen deficiency type I,knowledge_full,1,1,1.0,438.0,438.0,438.0,0.0,637.0,0.0,1.0,1.0,PLG(438)
Jervell-Lange Nielsen syndrome,knowledge_full,2,2,1.0,437.0,437.0,597.8,0.22997711670480547,1025.0,0.5,1.0,1.0,KCNQ1(638); KCNE1(236)
ICD10:C6,knowledge_full,72,72,1.0,431.5,1115.8461538461538,2741.2999999999997,0.6474974693642831,685.5,0.47435897435897434,0.6794871794871795,0.9743589743589743,TP53(11608); TP53(11608); STAT3(3689); BRCA1(3448); CTNNB1(3354)
Lung disease,knowledge_full,57,57,1.0,428.0,1120.6666666666667,2838.6,0.6729203640931753,657.0,0.49122807017543857,0.631578947368421,0.9473684210526315,TP53(11608); EGFR(6674); TGFB1(5005); ERBB2(3350); KRAS(3044)
ICD10:J8,knowledge_full,57,57,1.0,428.0,1120.6666666666667,2838.6,0.6729203640931753,657.0,0.49122807017543857,0.631578947368421,0.9473684210526315,TP53(11608); EGFR(6674); TGFB1(5005); ERBB2(3350); KRAS(3044)
ICD10:J85,knowledge_full,57,57,1.0,428.0,1120.6666666666667,2838.6,0.6729203640931753,657.0,0.49122807017543857,0.631578947368421,0.9473684210526315,TP53(11608); EGFR(6674); TGFB1(5005); ERBB2(3350); KRAS(3044)
ICD10:J98,knowledge_full,57,57,1.0,428.0,1120.6666666666667,2838.6,0.6729203640931753,657.0,0.49122807017543857,0.631578947368421,0.9473684210526315,TP53(11608); EGFR(6674); TGFB1(5005); ERBB2(3350); KRAS(3044)
ICD10:J984,knowledge_full,57,57,1.0,428.0,1120.6666666666667,2838.6,0.6729203640931753,657.0,0.49122807017543857,0.631578947368421,0.9473684210526315,TP53(11608); EGFR(6674); TGFB1(5005); ERBB2(3350); KRAS(3044)
Neuronal ceroid lipofuscinosis 10,knowledge_full,1,1,1.0,428.0,428.0,428.0,0.0,658.0,0.0,1.0,1.0,CTSD(428)
Autoimmune disease of blood,knowledge_full,1,1,1.0,428.0,428.0,428.0,0.0,657.0,0.0,1.0,1.0,HLA-DPB1(428)
Granulomatosis with polyangiitis,knowledge_full,1,1,1.0,428.0,428.0,428.0,0.0,657.0,0.0,1.0,1.0,HLA-DPB1(428)
ICD10:M313,knowledge_full,1,1,1.0,428.0,428.0,428.0,0.0,657.0,0.0,1.0,1.0,HLA-DPB1(428)
Craniometaphyseal dysplasia,knowledge_full,2,2,1.0,424.5,424.5,700.1,0.40577149587750294,3164.5,0.5,0.5,1.0,GJA1(769); ANKH(80)
Alcohol use disorder,knowledge_full,15,15,1.0,424.0,690.8,1773.7999999999997,0.5299363057324841,663.0,0.4666666666666667,0.6666666666666666,0.9333333333333333,SLC6A4(2401); COMT(2073); DRD2(1325); SLC6A3(868); ALDH2(827)
Substance abuse,knowledge_full,15,15,1.0,424.0,690.8,1773.7999999999997,0.5299363057324841,663.0,0.4666666666666667,0.6666666666666666,0.9333333333333333,SLC6A4(2401); COMT(2073); DRD2(1325); SLC6A3(868); ALDH2(827)
Gestational diabetes,knowledge_full,8,8,1.0,424.0,481.0,715.8,0.23356288981288986,665.5,0.375,1.0,1.0,TCF7L2(853); IRS1(657); KCNQ1(638); IGF2BP2(425); KCNJ11(423)
ICD10:O2,knowledge_full,8,8,1.0,424.0,481.0,715.8,0.23356288981288986,665.5,0.375,1.0,1.0,TCF7L2(853); IRS1(657); KCNQ1(638); IGF2BP2(425); KCNJ11(423)
ICD10:O24,knowledge_full,8,8,1.0,424.0,481.0,715.8,0.23356288981288986,665.5,0.375,1.0,1.0,TCF7L2(853); IRS1(657); KCNQ1(638); IGF2BP2(425); KCNJ11(423)
Alzheimer's disease,knowledge_full,28,26,0.9285714285714286,423.5,1367.1764705882354,4612.899999999999,0.6156881305142313,669.5,0.4411764705882353,0.8235294117647058,0.9411764705882353,IL6(5459); APOE(5224); APOE(5224); APOE(5224); APP(3187)
Tauopathy,knowledge_full,28,26,0.9285714285714286,423.5,1367.1764705882354,4612.899999999999,0.6156881305142313,669.5,0.4411764705882353,0.8235294117647058,0.9411764705882353,IL6(5459); APOE(5224); APOE(5224); APOE(5224); APP(3187)
ICD10:F00,knowledge_full,28,26,0.9285714285714286,423.5,1367.1764705882354,4612.899999999999,0.6156881305142313,669.5,0.4411764705882353,0.8235294117647058,0.9411764705882353,IL6(5459); APOE(5224); APOE(5224); APOE(5224); APP(3187)
ICD10:G30,knowledge_full,28,26,0.9285714285714286,423.5,1367.1764705882354,4612.899999999999,0.6156881305142313,669.5,0.4411764705882353,0.8235294117647058,0.9411764705882353,IL6(5459); APOE(5224); APOE(5224); APOE(5224); APP(3187)
Congenital afibrinogenemia,knowledge_full,3,3,1.0,422.0,412.6666666666667,459.6,0.06569736133548727,673.0,0.0,1.0,1.0,FGB(469); FGA(422); FGG(347)
Hereditary fibrinogen A alpha-chain Amyloidosis,knowledge_full,1,1,1.0,422.0,422.0,422.0,0.0,673.0,0.0,1.0,1.0,FGA(422)
Nephroblastoma,knowledge_full,10,10,1.0,421.0,1780.5,4179.399999999997,0.7414490311710195,876.0,0.5,0.7,0.9,TP53(11608); CTNNB1(3354); WT1(758); IGF2(749); H19(569)
Peters anomaly,knowledge_full,5,5,1.0,420.0,459.8,725.4,0.26481078729882557,680.0,0.4,1.0,1.0,SOX2(815); CYP1B1(591); PAX6(420); FOXC1(247); PITX2(226)
Aniridia,knowledge_full,1,1,1.0,420.0,420.0,420.0,0.0,680.0,0.0,1.0,1.0,PAX6(420)
Iris disease,knowledge_full,1,1,1.0,420.0,420.0,420.0,0.0,680.0,0.0,1.0,1.0,PAX6(420)
ICD10:H21,knowledge_full,1,1,1.0,420.0,420.0,420.0,0.0,680.0,0.0,1.0,1.0,PAX6(420)
ICD10:H219,knowledge_full,1,1,1.0,420.0,420.0,420.0,0.0,680.0,0.0,1.0,1.0,PAX6(420)
Thoracic aortic aneurysm,knowledge_full,8,8,1.0,419.5,453.0,743.8,0.3398868653421634,785.0,0.5,0.625,1.0,SMAD3(1028); TGFBR2(622); TGFBR1(617); FBN1(526); ACTA2(313)
ICD10:I712,knowledge_full,8,8,1.0,419.5,453.0,743.8,0.3398868653421634,785.0,0.5,0.625,1.0,SMAD3(1028); TGFBR2(622); TGFBR1(617); FBN1(526); ACTA2(313)
ICD10:J9,knowledge_full,58,58,1.0,413.5,1104.2586206896551,2833.7000000000003,0.6749760278416228,697.5,0.4827586206896552,0.6206896551724138,0.9482758620689655,TP53(11608); EGFR(6674); TGFB1(5005); ERBB2(3350); KRAS(3044)
Hereditary sensory and autonomic neuropathy type 5,knowledge_full,1,1,1.0,412.0,412.0,412.0,0.0,699.0,0.0,1.0,1.0,NGF(412)
Epithelial and subepithelial dystrophy,knowledge_full,5,5,1.0,411.0,1273.0,3395.2000000000007,0.6904634721131186,700.0,0.4,0.6,0.6,APOE(5224); CLU(652); LTF(411); KRT3(43); KRT12(35)
ICD10:Q873,knowledge_full,6,6,1.0,410.5,572.5,1147.0,0.43750606501698214,978.0,0.5,0.6666666666666666,1.0,EZH2(1545); IGF2(749); H19(569); CDKN1C(252); KCNQ1OT1(164)
Beckwith-Wiedemann syndrome,knowledge_full,4,4,1.0,410.5,433.5,695.0,0.2987312572087658,978.0,0.5,0.75,1.0,IGF2(749); H19(569); CDKN1C(252); KCNQ1OT1(164)
Hypertension,knowledge_full,10,10,1.0,409.5,669.6,1264.0999999999997,0.47574671445639194,741.0,0.4,0.7,1.0,NOS3(2192); AGT(1161); AGTR1(996); NOS2(843); SELE(471)
Primary bacterial infectious disease,knowledge_full,7,7,1.0,409.0,849.0,1995.1,0.5404520023557126,1105.5,0.5,0.875,1.0,HLA-DRB1(2868); TLR2(1621); PRKN(987); LTA(592); CYP27B1(226)
Leprosy,knowledge_full,6,6,1.0,409.0,616.6666666666666,1304.0,0.47342342342342336,1105.5,0.5,0.8333333333333334,1.0,TLR2(1621); PRKN(987); LTA(592); CYP27B1(226); TLR1(224)
Arthritis,knowledge_full,48,48,1.0,406.0,866.0566037735849,2215.0,0.6217819893758224,716.0,0.4339622641509434,0.660377358490566,0.9622641509433962,TNF(6439); IL6(5459); HLA-DRB1(2868); HLA-DRB1(2868); HLA-DRB1(2868)
ICD10:M1,knowledge_full,48,48,1.0,406.0,866.0566037735849,2215.0,0.6217819893758224,716.0,0.4339622641509434,0.660377358490566,0.9622641509433962,TNF(6439); IL6(5459); HLA-DRB1(2868); HLA-DRB1(2868); HLA-DRB1(2868)
ICD10:M13,knowledge_full,48,48,1.0,406.0,866.0566037735849,2215.0,0.6217819893758224,716.0,0.4339622641509434,0.660377358490566,0.9622641509433962,TNF(6439); IL6(5459); HLA-DRB1(2868); HLA-DRB1(2868); HLA-DRB1(2868)
ICD10:M139,knowledge_full,48,48,1.0,406.0,866.0566037735849,2215.0,0.6217819893758224,716.0,0.4339622641509434,0.660377358490566,0.9622641509433962,TNF(6439); IL6(5459); HLA-DRB1(2868); HLA-DRB1(2868); HLA-DRB1(2868)
ICD10:N2,knowledge_full,11,11,1.0,405.0,457.54545454545456,1046.0,0.44574896591586444,720.0,0.45454545454545453,0.6363636363636364,0.9090909090909091,SPP1(1203); IL1RN(1046); FGF23(654); CASR(535); KL(529)
Schwannomatosis,knowledge_full,3,3,1.0,405.0,352.5,490.40000000000003,0.24148936170212765,718.0,0.25,0.75,1.0,SMARCB1(527); NF2(405); NF2(405); LZTR1(73)
Vestibular schwannomatosis,knowledge_full,1,1,1.0,405.0,405.0,405.0,0.0,718.0,0.0,1.0,1.0,NF2(405)
Thrombophilia,knowledge_full,10,10,1.0,403.0,654.5714285714286,1486.0,0.3988588888196047,724.0,0.35714285714285715,0.9285714285714286,1.0,F2(1486); F2(1486); F2(1486); F5(1343); ADAMTS13(539)
Protein C deficiency,knowledge_full,1,1,1.0,403.0,403.0,403.0,0.0,724.0,0.0,1.0,1.0,PROC(403)
Autoimmune disease of cardiovascular system,knowledge_full,4,4,1.0,402.5,770.75,1700.8000000000002,0.5394907557573791,834.5,0.25,0.75,1.0,HLA-B(2215); STING1(501); SAA1(304); SAA2(63)
ICD10:C9,knowledge_full,33,33,1.0,402.0,701.4411764705883,1801.6,0.558934521856879,769.0,0.4117647058823529,0.6176470588235294,0.9411764705882353,KRAS(3044); BRAF(2743); BRAF(2743); JAK2(1804); CCND1(1796)
Leukemia,knowledge_full,20,20,1.0,402.0,610.45,1162.0,0.4979891883037104,769.0,0.4,0.6,1.0,KRAS(3044); KIT(1171); NPM1(1161); RUNX1(931); ABL1(921)
Myeloid leukemia,knowledge_full,20,20,1.0,402.0,610.45,1162.0,0.4979891883037104,769.0,0.4,0.6,1.0,KRAS(3044); KIT(1171); NPM1(1161); RUNX1(931); ABL1(921)
ICD10:C92,knowledge_full,20,20,1.0,402.0,610.45,1162.0,0.4979891883037104,769.0,0.4,0.6,1.0,KRAS(3044); KIT(1171); NPM1(1161); RUNX1(931); ABL1(921)
ICD10:C95,knowledge_full,20,20,1.0,402.0,610.45,1162.0,0.4979891883037104,769.0,0.4,0.6,1.0,KRAS(3044); KIT(1171); NPM1(1161); RUNX1(931); ABL1(921)
Wild type beta-2-microglobulin-related Amyloidosis,knowledge_full,4,4,1.0,396.5,1532.5,3798.100000000001,0.6314029363784666,801.5,0.25,0.75,1.0,APOE(5224); B2M(471); A2M(322); APCS(113)
Timothy syndrome,knowledge_full,1,1,1.0,396.0,396.0,396.0,0.0,751.0,0.0,1.0,1.0,CACNA1C(396)
Vitiligo,knowledge_full,2,2,1.0,394.5,394.5,550.1,0.2465145754119138,1268.0,0.5,0.5,1.0,PTPN22(589); NLRP1(200)
ICD10:L80,knowledge_full,2,2,1.0,394.5,394.5,550.1,0.2465145754119138,1268.0,0.5,0.5,1.0,PTPN22(589); NLRP1(200)
substance-related disorder,knowledge_full,30,30,1.0,394.0,676.1176470588235,2073.0,0.5642355602411487,757.5,0.38235294117647056,0.6470588235294118,0.9411764705882353,ABCB1(2568); BDNF(2559); SLC6A4(2401); COMT(2073); COMT(2073)
ICD10:L6,knowledge_full,50,50,1.0,388.5,875.62,2243.600000000001,0.6204184463580092,773.5,0.46,0.64,0.92,TNF(6439); MTHFR(3862); IL1B(3209); HLA-DRB1(2868); AR(2708)
Multiple endocrine neoplasia,knowledge_full,9,9,1.0,387.0,511.6666666666667,1016.2,0.3490891543008807,777.0,0.3333333333333333,0.8888888888888888,1.0,CDKN1B(1105); RET(994); ACTB(774); ACTG1(388); MEN1(387)
Tietz syndrome,knowledge_full,1,1,1.0,386.0,386.0,386.0,0.0,780.0,0.0,1.0,1.0,MITF(386)
Bloom syndrome,knowledge_full,1,1,1.0,385.0,385.0,385.0,0.0,783.0,0.0,1.0,1.0,BLM(385)
Immunodeficiency 48,knowledge_full,1,1,1.0,384.0,384.0,384.0,0.0,785.0,0.0,1.0,1.0,ZAP70(384)
T cell deficiency,knowledge_full,1,1,1.0,384.0,384.0,384.0,0.0,785.0,0.0,1.0,1.0,ZAP70(384)
Periventricular nodular heterotopia,knowledge_full,3,3,1.0,383.0,389.6666666666667,634.2,0.3467351012261191,789.0,0.3333333333333333,0.6666666666666666,1.0,FLNA(697); NEDD4L(383); ARFGEF2(89)
Hajdu-Cheney syndrome,knowledge_full,1,1,1.0,383.0,383.0,383.0,0.0,787.0,0.0,1.0,1.0,NOTCH2(383)
Kniest dysplasia,knowledge_full,1,1,1.0,381.0,381.0,381.0,0.0,793.0,0.0,1.0,1.0,COL2A1(381)
Torrance type platyspondylic dysplasia,knowledge_full,1,1,1.0,381.0,381.0,381.0,0.0,793.0,0.0,1.0,1.0,COL2A1(381)
Spondyloperipheral dysplasia,knowledge_full,1,1,1.0,381.0,381.0,381.0,0.0,793.0,0.0,1.0,1.0,COL2A1(381)
Legg-Calve-Perthes disease,knowledge_full,1,1,1.0,381.0,381.0,381.0,0.0,793.0,0.0,1.0,1.0,COL2A1(381)
Spondyloepiphyseal dysplasia congenita,knowledge_full,1,1,1.0,381.0,381.0,381.0,0.0,793.0,0.0,1.0,1.0,COL2A1(381)
Osteochondrosis,knowledge_full,1,1,1.0,381.0,381.0,381.0,0.0,793.0,0.0,1.0,1.0,COL2A1(381)
ICD10:M9,knowledge_full,1,1,1.0,381.0,381.0,381.0,0.0,793.0,0.0,1.0,1.0,COL2A1(381)
ICD10:M91,knowledge_full,1,1,1.0,381.0,381.0,381.0,0.0,793.0,0.0,1.0,1.0,COL2A1(381)
ICD10:M912,knowledge_full,1,1,1.0,381.0,381.0,381.0,0.0,793.0,0.0,1.0,1.0,COL2A1(381)
ICD10:M913,knowledge_full,1,1,1.0,381.0,381.0,381.0,0.0,793.0,0.0,1.0,1.0,COL2A1(381)
Alexander disease,knowledge_full,1,1,1.0,380.0,380.0,380.0,0.0,799.0,0.0,1.0,1.0,GFAP(380)
Cell type cancer,knowledge_full,85,85,1.0,379.0,1115.3131313131314,2743.0,0.697263352259005,804.0,0.3939393939393939,0.6666666666666666,0.9595959595959596,TP53(11608); TP53(11608); TP53(11608); EGFR(6674); APOE(5224)
Fibrosarcoma,knowledge_full,3,3,1.0,373.0,444.0,759.4,0.37687687687687693,816.0,0.3333333333333333,0.6666666666666666,1.0,COL1A1(856); PDGFB(373); ABCB7(103)
Dermatofibrosarcoma protuberans,knowledge_full,3,3,1.0,373.0,444.0,759.4,0.37687687687687693,816.0,0.3333333333333333,0.6666666666666666,1.0,COL1A1(856); PDGFB(373); ABCB7(103)
Isolated growth hormone deficiency,knowledge_full,3,3,1.0,373.0,318.6666666666667,458.6,0.2629009762900976,817.0,0.0,0.6666666666666666,1.0,GH1(480); BTK(373); GHRHR(103)
Reproductive organ cancer,knowledge_full,50,50,1.0,372.0,1119.6545454545455,3140.000000000001,0.6365375388807941,820.0,0.4727272727272727,0.6909090909090909,1.0,TP53(11608); AKT1(3744); STAT3(3689); BRCA1(3448); BRCA1(3448)
Progeroid syndrome,knowledge_full,3,3,1.0,372.0,525.0,932.8000000000001,0.3991534391534392,820.0,0.3333333333333333,0.6666666666666666,1.0,LMNA(1073); WRN(372); POLR3A(130)
adult-onset autosomal dominant demyelinating leukodystrophy,knowledge_full,1,1,1.0,372.0,372.0,372.0,0.0,822.0,0.0,1.0,1.0,LMNB1(372)
Werner syndrome,knowledge_full,1,1,1.0,372.0,372.0,372.0,0.0,820.0,0.0,1.0,1.0,WRN(372)
Finnish type amyloidosis,knowledge_full,8,8,1.0,370.0,959.7777777777778,1652.8000000000006,0.6071621517326542,828.0,0.4444444444444444,0.7777777777777778,1.0,APOE(5224); SERPINA1(760); C3(747); CST3(646); GSN(370)
Corticosterone methyloxidase deficiency 1,knowledge_full,1,1,1.0,369.0,369.0,369.0,0.0,835.0,0.0,1.0,1.0,CYP11B2(369)
"Myeloid and lymphoid neoplasms with eosinophilia and abnormalities of PDGFRA, PDGFRB, and FGFR1",knowledge_full,2,2,1.0,368.0,368.0,520.0,0.25815217391304346,1455.5,0.5,0.5,1.0,PDGFRA(558); FIP1L1(178)
Myeloid and lymphoid neoplasms associated with PDGFRA rearrangement,knowledge_full,2,2,1.0,368.0,368.0,520.0,0.25815217391304346,1455.5,0.5,0.5,1.0,PDGFRA(558); FIP1L1(178)
Primary polycythemia,knowledge_full,6,6,1.0,367.0,461.8,916.0,0.34452143785188394,1009.5,0.4,0.9,0.9,VHL(916); VHL(916); EPAS1(634); EPAS1(634); EPO(474)
Polycythemia,knowledge_full,6,6,1.0,367.0,461.8,916.0,0.34452143785188394,1009.5,0.4,0.9,0.9,VHL(916); VHL(916); EPAS1(634); EPAS1(634); EPO(474)
ICD10:D75,knowledge_full,6,6,1.0,367.0,461.8,916.0,0.34452143785188394,1009.5,0.4,0.9,0.9,VHL(916); VHL(916); EPAS1(634); EPAS1(634); EPO(474)
ICD10:D750,knowledge_full,6,6,1.0,367.0,461.8,916.0,0.34452143785188394,1009.5,0.4,0.9,0.9,VHL(916); VHL(916); EPAS1(634); EPAS1(634); EPO(474)
Chromosome 2q37 deletion syndrome,knowledge_full,1,1,1.0,366.0,366.0,366.0,0.0,846.0,0.0,1.0,1.0,HDAC4(366)
Acute necrotizing encephalitis,knowledge_full,1,1,1.0,366.0,366.0,366.0,0.0,848.0,0.0,1.0,1.0,RANBP2(366)
Encephalitis,knowledge_full,1,1,1.0,366.0,366.0,366.0,0.0,848.0,0.0,1.0,1.0,RANBP2(366)
Alpha thalassemia,knowledge_full,3,3,1.0,364.0,459.6666666666667,612.8,0.16195310611554273,854.0,0.3333333333333333,1.0,1.0,HBA1(675); ATRX(364); HBA2(340)
ICD10:D560,knowledge_full,3,3,1.0,364.0,459.6666666666667,612.8,0.16195310611554273,854.0,0.3333333333333333,1.0,1.0,HBA1(675); ATRX(364); HBA2(340)
Alpha thalassemia-X-linked intellectual disability syndrome,knowledge_full,1,1,1.0,364.0,364.0,364.0,0.0,854.0,0.0,1.0,1.0,ATRX(364)
Hereditary hemorrhagic telangiectasia,knowledge_full,4,4,1.0,363.5,445.25,799.4000000000001,0.3732453677709152,1334.0,0.5,0.5,1.0,SMAD4(914); ENG(532); ACVRL1(195); GDF2(140)
ICD10:O,knowledge_full,37,37,1.0,361.0,497.3777777777778,1293.8000000000002,0.41879287919856234,860.0,0.28888888888888886,0.8222222222222222,0.9777777777777777,F2(1486); F2(1486); F2(1486); F5(1343); F5(1343)
ICD10:D68,knowledge_full,7,7,1.0,361.0,551.0,1157.0,0.4107559539242195,860.0,0.2857142857142857,0.8571428571428571,1.0,F5(1343); VWF(1033); F7(483); F13A1(361); F10(320)
ICD10:D682,knowledge_full,5,5,1.0,361.0,517.2,999.0,0.4162412993039443,860.0,0.2,0.8,1.0,F5(1343); F7(483); F13A1(361); F10(320); F13B(79)
Dubin-Johnson syndrome,knowledge_full,1,1,1.0,361.0,361.0,361.0,0.0,861.0,0.0,1.0,1.0,ABCC2(361)
ICD10:E806,knowledge_full,1,1,1.0,361.0,361.0,361.0,0.0,861.0,0.0,1.0,1.0,ABCC2(361)
Autosomal dominant hypocalcemia,knowledge_full,2,2,1.0,360.0,360.0,500.0,0.24305555555555558,1411.0,0.5,0.5,1.0,CASR(535); GNA11(185)
Autoimmune disease,knowledge_full,136,136,1.0,358.0,815.7453703703703,2215.0,0.5960389670719067,872.0,0.42592592592592593,0.7175925925925926,0.9629629629629629,TNF(6439); TNF(6439); TNF(6439); IL6(5459); IL6(5459)
Alagille syndrome,knowledge_full,3,3,1.0,358.0,269.3333333333333,378.0,0.26072607260726066,869.0,0.0,0.6666666666666666,1.0,NOTCH2(383); JAG1(358); ABCA2(67)
ICD10:Q44,knowledge_full,3,3,1.0,358.0,269.3333333333333,378.0,0.26072607260726066,869.0,0.0,0.6666666666666666,1.0,NOTCH2(383); JAG1(358); ABCA2(67)
ICD10:Q447,knowledge_full,3,3,1.0,358.0,269.3333333333333,378.0,0.26072607260726066,869.0,0.0,0.6666666666666666,1.0,NOTCH2(383); JAG1(358); ABCA2(67)
Carpal tunnel syndrome,knowledge_full,8,8,1.0,355.5,608.375,1280.1999999999998,0.5362389562358743,1283.5,0.375,0.5,0.875,GSTM1(2270); COL1A1(856); TTR(663); IL6R(505); COL5A1(206)
Nerve compression syndrome,knowledge_full,8,8,1.0,355.5,608.375,1280.1999999999998,0.5362389562358743,1283.5,0.375,0.5,0.875,GSTM1(2270); COL1A1(856); TTR(663); IL6R(505); COL5A1(206)
ICD10:G56,knowledge_full,8,8,1.0,355.5,608.375,1280.1999999999998,0.5362389562358743,1283.5,0.375,0.5,0.875,GSTM1(2270); COL1A1(856); TTR(663); IL6R(505); COL5A1(206)
ICD10:G560,knowledge_full,8,8,1.0,355.5,608.375,1280.1999999999998,0.5362389562358743,1283.5,0.375,0.5,0.875,GSTM1(2270); COL1A1(856); TTR(663); IL6R(505); COL5A1(206)
Blood coagulation disease,knowledge_full,29,29,1.0,353.0,500.9189189189189,1343.0,0.44661236179526886,884.0,0.2702702702702703,0.7837837837837838,0.972972972972973,F2(1486); F2(1486); F2(1486); F5(1343); F5(1343)
ICD10:O7,knowledge_full,29,29,1.0,353.0,500.9189189189189,1343.0,0.44661236179526886,884.0,0.2702702702702703,0.7837837837837838,0.972972972972973,F2(1486); F2(1486); F2(1486); F5(1343); F5(1343)
ICD10:O72,knowledge_full,29,29,1.0,353.0,500.9189189189189,1343.0,0.44661236179526886,884.0,0.2702702702702703,0.7837837837837838,0.972972972972973,F2(1486); F2(1486); F2(1486); F5(1343); F5(1343)
ICD10:O723,knowledge_full,29,29,1.0,353.0,500.9189189189189,1343.0,0.44661236179526886,884.0,0.2702702702702703,0.7837837837837838,0.972972972972973,F2(1486); F2(1486); F2(1486); F5(1343); F5(1343)
Hyperinsulinemic hypoglycemia,knowledge_full,9,9,1.0,353.0,366.6666666666667,550.4,0.21003367003367007,883.0,0.2222222222222222,0.8888888888888888,1.0,HNF4A(592); HNF1A(540); KCNJ11(423); UCP2(394); GCK(353)
Hypoglycemia,knowledge_full,9,9,1.0,353.0,366.6666666666667,550.4,0.21003367003367007,883.0,0.2222222222222222,0.8888888888888888,1.0,HNF4A(592); HNF1A(540); KCNJ11(423); UCP2(394); GCK(353)
ICD10:E16,knowledge_full,9,9,1.0,353.0,366.6666666666667,550.4,0.21003367003367007,883.0,0.2222222222222222,0.8888888888888888,1.0,HNF4A(592); HNF1A(540); KCNJ11(423); UCP2(394); GCK(353)
ICD10:E162,knowledge_full,9,9,1.0,353.0,366.6666666666667,550.4,0.21003367003367007,883.0,0.2222222222222222,0.8888888888888888,1.0,HNF4A(592); HNF1A(540); KCNJ11(423); UCP2(394); GCK(353)
Permanent neonatal diabetes mellitus,knowledge_full,5,5,1.0,353.0,460.4,787.8000000000001,0.31120764552562985,883.0,0.2,0.8,1.0,INS(1031); KCNJ11(423); GCK(353); ABCC8(296); PDX1(199)
Neonatal diabetes,knowledge_full,5,5,1.0,353.0,460.4,787.8000000000001,0.31120764552562985,883.0,0.2,0.8,1.0,INS(1031); KCNJ11(423); GCK(353); ABCC8(296); PDX1(199)
Paget's disease of bone,knowledge_full,5,5,1.0,351.0,514.2,949.2,0.3807078957604045,896.0,0.4,0.8,1.0,SQSTM1(1046); TNFRSF11B(804); PFN1(351); TNFRSF11A(291); ZNF687(79)
Mowat-Wilson syndrome,knowledge_full,1,1,1.0,350.0,350.0,350.0,0.0,902.0,0.0,1.0,1.0,ZEB2(350)
Autoimmune disease of gastrointestinal tract,knowledge_full,8,8,1.0,349.0,770.75,1859.6,0.5303276029841064,980.0,0.375,0.75,1.0,ABCB1(2568); HLA-DQB1(1556); HLA-DQA1(838); IL23R(413); IRF5(285)
Restrictive cardiomyopathy,knowledge_full,5,5,1.0,349.0,332.8,424.4,0.1447115384615385,903.0,0.0,0.8,1.0,TNNT2(448); TNNI3(389); MYH7(349); ACTC1(273); DES(205)
Distal myopathy 1,knowledge_full,1,1,1.0,349.0,349.0,349.0,0.0,903.0,0.0,1.0,1.0,MYH7(349)
Hyaline body myopathy,knowledge_full,1,1,1.0,349.0,349.0,349.0,0.0,903.0,0.0,1.0,1.0,MYH7(349)
Alpers-Huttenlocher syndrome,knowledge_full,1,1,1.0,349.0,349.0,349.0,0.0,904.0,0.0,1.0,1.0,POLG(349)
Laron syndrome,knowledge_full,1,1,1.0,346.0,346.0,346.0,0.0,920.0,0.0,1.0,1.0,GHR(346)
Congenital myopathy 1A,knowledge_full,1,1,1.0,345.0,345.0,345.0,0.0,926.0,0.0,1.0,1.0,RYR1(345)
Brooke-Spiegler syndrome,knowledge_full,1,1,1.0,345.0,345.0,345.0,0.0,922.0,0.0,1.0,1.0,CYLD(345)
Pituitary adenoma,knowledge_full,1,1,1.0,344.0,344.0,344.0,0.0,927.0,0.0,1.0,1.0,PRL(344)
Prolactinoma,knowledge_full,1,1,1.0,344.0,344.0,344.0,0.0,927.0,0.0,1.0,1.0,PRL(344)
Functioning pituitary adenoma,knowledge_full,1,1,1.0,344.0,344.0,344.0,0.0,927.0,0.0,1.0,1.0,PRL(344)
Pituitary gland benign neoplasm,knowledge_full,1,1,1.0,344.0,344.0,344.0,0.0,927.0,0.0,1.0,1.0,PRL(344)
Adenoma,knowledge_full,1,1,1.0,344.0,344.0,344.0,0.0,927.0,0.0,1.0,1.0,PRL(344)
VEXAS syndrome,knowledge_full,1,1,1.0,343.0,343.0,343.0,0.0,931.0,0.0,1.0,1.0,UBA1(343)
X-linked spinal muscular atrophy 2,knowledge_full,1,1,1.0,343.0,343.0,343.0,0.0,931.0,0.0,1.0,1.0,UBA1(343)
Carney complex,knowledge_full,1,1,1.0,343.0,343.0,343.0,0.0,934.0,0.0,1.0,1.0,PRKAR1A(343)
Microcytic anemia,knowledge_full,7,7,1.0,340.0,356.0,753.4000000000001,0.44519605595047007,944.0,0.2857142857142857,0.5714285714285714,1.0,HBB(871); HBA1(675); ATRX(364); HBA2(340); ABCB7(103)
Acute myeloid leukemia,knowledge_full,17,17,1.0,338.0,628.5882352941177,1165.0,0.5113122171945701,951.0,0.4117647058823529,0.5882352941176471,1.0,KRAS(3044); KIT(1171); NPM1(1161); RUNX1(931); FLT3(833)
ICD10:C920,knowledge_full,17,17,1.0,338.0,628.5882352941177,1165.0,0.5113122171945701,951.0,0.4117647058823529,0.5882352941176471,1.0,KRAS(3044); KIT(1171); NPM1(1161); RUNX1(931); FLT3(833)
Acute promyelocytic leukemia,knowledge_full,7,7,1.0,338.0,459.42857142857144,874.2000000000002,0.39632196162046907,951.0,0.2857142857142857,0.7142857142857143,1.0,NPM1(1161); PML(683); RARA(466); NUMA1(338); STAT5B(328)
Cyclic hematopoiesis,knowledge_full,1,1,1.0,336.0,336.0,336.0,0.0,961.0,0.0,1.0,1.0,ELANE(336)
Junctional epidermolysis bullosa with pyloric atresia,knowledge_full,3,3,1.0,335.0,339.3333333333333,359.0,0.030779305828421737,963.0,0.0,1.0,1.0,ITGA6(365); PLEC(335); ITGB4(318)
Miller-Dieker lissencephaly syndrome,knowledge_full,3,3,1.0,335.0,382.6666666666667,547.0,0.2247386759581881,966.0,0.3333333333333333,1.0,1.0,YWHAE(600); CRK(335); PAFAH1B1(213)
MASA syndrome,knowledge_full,1,1,1.0,334.0,334.0,334.0,0.0,971.0,0.0,1.0,1.0,L1CAM(334)
Central diabetes insipidus,knowledge_full,1,1,1.0,333.0,333.0,333.0,0.0,977.0,0.0,1.0,1.0,AVP(333)
Pendred Syndrome,knowledge_full,1,1,1.0,331.0,331.0,331.0,0.0,985.0,0.0,1.0,1.0,SLC26A4(331)
Machado-Joseph disease,knowledge_full,1,1,1.0,331.0,331.0,331.0,0.0,987.0,0.0,1.0,1.0,ATXN3(331)
Cell type benign neoplasm,knowledge_full,8,8,1.0,330.0,422.375,816.6,0.3158848771825984,995.0,0.25,0.875,1.0,VHL(916); ACTB(774); ACTG1(388); PRL(344); KRT5(316)
SOST-related sclerosing bone dysplasia,knowledge_full,1,1,1.0,330.0,330.0,330.0,0.0,989.0,0.0,1.0,1.0,SOST(330)
Bone inflammation disease,knowledge_full,60,60,1.0,328.0,812.7808219178082,2215.0,0.6140430063982967,995.0,0.3972602739726027,0.6712328767123288,0.9726027397260274,TNF(6439); IL6(5459); STAT3(3689); HLA-DRB1(2868); HLA-DRB1(2868)
Benign neoplasm,knowledge_full,17,17,1.0,328.0,735.2105263157895,1485.9999999999984,0.5736009434424346,996.0,0.3684210526315789,0.7368421052631579,0.8947368421052632,CTNNB1(3354); CTNNB1(3354); APC(1019); RET(994); VHL(916)
Organ system benign neoplasm,knowledge_full,17,17,1.0,328.0,735.2105263157895,1485.9999999999984,0.5736009434424346,996.0,0.3684210526315789,0.7368421052631579,0.8947368421052632,CTNNB1(3354); CTNNB1(3354); APC(1019); RET(994); VHL(916)
ICD10:D3,knowledge_full,17,17,1.0,328.0,735.2105263157895,1485.9999999999984,0.5736009434424346,996.0,0.3684210526315789,0.7368421052631579,0.8947368421052632,CTNNB1(3354); CTNNB1(3354); APC(1019); RET(994); VHL(916)
ICD10:D36,knowledge_full,17,17,1.0,328.0,735.2105263157895,1485.9999999999984,0.5736009434424346,996.0,0.3684210526315789,0.7368421052631579,0.8947368421052632,CTNNB1(3354); CTNNB1(3354); APC(1019); RET(994); VHL(916)
Ankylosing spondylitis,knowledge_full,17,17,1.0,328.0,718.1764705882352,1876.6000000000001,0.5776452279658689,995.0,0.29411764705882354,0.7058823529411765,1.0,STAT3(3689); HLA-B(2215); IL17A(1651); IL1A(1007); IL12B(600)
ICD10:M4,knowledge_full,17,17,1.0,328.0,718.1764705882352,1876.6000000000001,0.5776452279658689,995.0,0.29411764705882354,0.7058823529411765,1.0,STAT3(3689); HLA-B(2215); IL17A(1651); IL1A(1007); IL12B(600)
ICD10:M45,knowledge_full,17,17,1.0,328.0,718.1764705882352,1876.6000000000001,0.5776452279658689,995.0,0.29411764705882354,0.7058823529411765,1.0,STAT3(3689); HLA-B(2215); IL17A(1651); IL1A(1007); IL12B(600)
PTEN hamartoma tumor syndrome,knowledge_full,9,9,1.0,328.0,1435.3636363636363,3744.0,0.5531584129342062,996.0,0.45454545454545453,0.5454545454545454,0.9090909090909091,AKT1(3744); AKT1(3744); PTEN(2819); PTEN(2819); PIK3CA(1717)
Gastrointestinal stromal tumor,knowledge_full,7,7,1.0,328.0,761.8571428571429,1799.8000000000006,0.5479092443277704,996.0,0.42857142857142855,0.7142857142857143,1.0,BRAF(2743); KIT(1171); PDGFRA(558); SDHB(328); SDHA(260)
X-linked thrombocytopenia with beta-thalassemia,knowledge_full,1,1,1.0,326.0,326.0,326.0,0.0,1002.0,0.0,1.0,1.0,GATA1(326)
7q11.23 duplication syndrome,knowledge_full,2,2,1.0,325.5,325.5,337.1,0.022273425499232058,1018.0,0.0,1.0,1.0,GTF2I(340); ELN(311)
osteoporosis-pseudoglioma syndrome,knowledge_full,1,1,1.0,325.0,325.0,325.0,0.0,1008.0,0.0,1.0,1.0,LRP5(325)
Bone resorption disease,knowledge_full,1,1,1.0,325.0,325.0,325.0,0.0,1008.0,0.0,1.0,1.0,LRP5(325)
Osteoporosis,knowledge_full,1,1,1.0,325.0,325.0,325.0,0.0,1008.0,0.0,1.0,1.0,LRP5(325)
Idiopathic juvenile osteoporosis,knowledge_full,1,1,1.0,325.0,325.0,325.0,0.0,1008.0,0.0,1.0,1.0,LRP5(325)
ICD10:M81,knowledge_full,1,1,1.0,325.0,325.0,325.0,0.0,1008.0,0.0,1.0,1.0,LRP5(325)
ICD10:M815,knowledge_full,1,1,1.0,325.0,325.0,325.0,0.0,1008.0,0.0,1.0,1.0,LRP5(325)
ICD10:M819,knowledge_full,1,1,1.0,325.0,325.0,325.0,0.0,1008.0,0.0,1.0,1.0,LRP5(325)
Familial visceral amyloidosis,knowledge_full,21,21,1.0,324.0,1001.5625,4814.200000000009,0.6622269890795631,1236.0,0.40625,0.65625,1.0,APOE(5224); APOE(5224); APOE(5224); APOE(5224); APOA1(1126)
Congenital myopathy 4A,knowledge_full,6,6,1.0,324.0,277.5,401.5,0.26176176176176175,1036.0,0.0,0.6666666666666666,1.0,ACTA1(454); MYH7(349); RYR1(345); TPM3(303); TPM2(163)
Phosphoglycerate kinase 1 deficiency,knowledge_full,1,1,1.0,323.0,323.0,323.0,0.0,1017.0,0.0,1.0,1.0,PGK1(323)
Factor X deficiency,knowledge_full,1,1,1.0,320.0,320.0,320.0,0.0,1039.0,0.0,1.0,1.0,F10(320)
Familial adenomatous polyposis 2,knowledge_full,1,1,1.0,320.0,320.0,320.0,0.0,1041.0,0.0,1.0,1.0,MUTYH(320)
epithelial-stromal TGFBI dystrophy,knowledge_full,3,3,1.0,319.0,1366.6,3395.2000000000007,0.593765549539002,1047.0,0.4,1.0,1.0,APOE(5224); CLU(652); TGFBI(319); TGFBI(319); TGFBI(319)
Granular corneal dystrophy 2,knowledge_full,1,1,1.0,319.0,319.0,319.0,0.0,1047.0,0.0,1.0,1.0,TGFBI(319)
Granular corneal dystrophy,knowledge_full,1,1,1.0,319.0,319.0,319.0,0.0,1047.0,0.0,1.0,1.0,TGFBI(319)
Serine deficiency,knowledge_full,1,1,1.0,318.0,318.0,318.0,0.0,1053.0,0.0,1.0,1.0,PHGDH(318)
PHGDH deficiency,knowledge_full,1,1,1.0,318.0,318.0,318.0,0.0,1053.0,0.0,1.0,1.0,PHGDH(318)
Lissencephaly 3,knowledge_full,2,2,1.0,317.5,317.5,366.7,0.09685039370078741,1150.5,0.0,1.0,1.0,TUBA1A(379); RELN(256)
Lymphoma,knowledge_full,9,9,1.0,316.0,572.2222222222222,1054.2000000000003,0.466537216828479,1063.0,0.3333333333333333,0.8888888888888888,1.0,CXCR4(2175); ACTB(774); MYD88(617); ACTG1(388); KRT5(316)
non-Hodgkin lymphoma,knowledge_full,9,9,1.0,316.0,572.2222222222222,1054.2000000000003,0.466537216828479,1063.0,0.3333333333333333,0.8888888888888888,1.0,CXCR4(2175); ACTB(774); MYD88(617); ACTG1(388); KRT5(316)
Lymphatic system cancer,knowledge_full,9,9,1.0,316.0,572.2222222222222,1054.2000000000003,0.466537216828479,1063.0,0.3333333333333333,0.8888888888888888,1.0,CXCR4(2175); ACTB(774); MYD88(617); ACTG1(388); KRT5(316)
Immune system cancer,knowledge_full,9,9,1.0,316.0,572.2222222222222,1054.2000000000003,0.466537216828479,1063.0,0.3333333333333333,0.8888888888888888,1.0,CXCR4(2175); ACTB(774); MYD88(617); ACTG1(388); KRT5(316)
ICD10:C85,knowledge_full,9,9,1.0,316.0,572.2222222222222,1054.2000000000003,0.466537216828479,1063.0,0.3333333333333333,0.8888888888888888,1.0,CXCR4(2175); ACTB(774); MYD88(617); ACTG1(388); KRT5(316)
Integumentary system benign neoplasm,knowledge_full,7,7,1.0,316.0,781.8571428571429,1806.000000000001,0.5664691602933882,1063.0,0.2857142857142857,0.8571428571428571,1.0,CTNNB1(3354); ACTB(774); ACTG1(388); KRT5(316); KRT1(263)
Skin benign neoplasm,knowledge_full,7,7,1.0,316.0,781.8571428571429,1806.000000000001,0.5664691602933882,1063.0,0.2857142857142857,0.8571428571428571,1.0,CTNNB1(3354); ACTB(774); ACTG1(388); KRT5(316); KRT1(263)
Integumentary system cancer,knowledge_full,6,6,1.0,316.0,373.6363636363636,774.0,0.2673302366733024,1063.0,0.18181818181818182,0.9090909090909091,1.0,ACTB(774); ACTB(774); ACTG1(388); ACTG1(388); KRT5(316)
Skin carcinoma,knowledge_full,6,6,1.0,316.0,373.6363636363636,774.0,0.2673302366733024,1063.0,0.18181818181818182,0.9090909090909091,1.0,ACTB(774); ACTB(774); ACTG1(388); ACTG1(388); KRT5(316)
Skin cancer,knowledge_full,6,6,1.0,316.0,373.6363636363636,774.0,0.2673302366733024,1063.0,0.18181818181818182,0.9090909090909091,1.0,ACTB(774); ACTB(774); ACTG1(388); ACTG1(388); KRT5(316)
Mature T-cell and NK-cell lymphoma,knowledge_full,5,5,1.0,316.0,398.2,619.6,0.23566047212456046,1063.0,0.2,1.0,1.0,ACTB(774); ACTG1(388); KRT5(316); KRT1(263); KRT14(250)
Peripheral T-cell lymphoma,knowledge_full,5,5,1.0,316.0,398.2,619.6,0.23566047212456046,1063.0,0.2,1.0,1.0,ACTB(774); ACTG1(388); KRT5(316); KRT1(263); KRT14(250)
Primary cutaneous T-cell non-Hodgkin lymphoma,knowledge_full,5,5,1.0,316.0,398.2,619.6,0.23566047212456046,1063.0,0.2,1.0,1.0,ACTB(774); ACTG1(388); KRT5(316); KRT1(263); KRT14(250)
T-cell non-Hodgkin lymphoma,knowledge_full,5,5,1.0,316.0,398.2,619.6,0.23566047212456046,1063.0,0.2,1.0,1.0,ACTB(774); ACTG1(388); KRT5(316); KRT1(263); KRT14(250)
Borst-Jadassohn intraepidermal carcinoma,knowledge_full,5,5,1.0,316.0,398.2,619.6,0.23566047212456046,1063.0,0.2,1.0,1.0,ACTB(774); ACTG1(388); KRT5(316); KRT1(263); KRT14(250)
Mycosis fungoides,knowledge_full,5,5,1.0,316.0,398.2,619.6,0.23566047212456046,1063.0,0.2,1.0,1.0,ACTB(774); ACTG1(388); KRT5(316); KRT1(263); KRT14(250)
ICD10:C84,knowledge_full,5,5,1.0,316.0,398.2,619.6,0.23566047212456046,1063.0,0.2,1.0,1.0,ACTB(774); ACTG1(388); KRT5(316); KRT1(263); KRT14(250)
ICD10:C840,knowledge_full,5,5,1.0,316.0,398.2,619.6,0.23566047212456046,1063.0,0.2,1.0,1.0,ACTB(774); ACTG1(388); KRT5(316); KRT1(263); KRT14(250)
ICD10:C844,knowledge_full,5,5,1.0,316.0,398.2,619.6,0.23566047212456046,1063.0,0.2,1.0,1.0,ACTB(774); ACTG1(388); KRT5(316); KRT1(263); KRT14(250)
Epidermolysis bullosa simplex,knowledge_full,3,3,1.0,316.0,300.3333333333333,331.2,0.06289308176100628,1063.0,0.0,1.0,1.0,PLEC(335); KRT5(316); KRT14(250)
ICD10:Q810,knowledge_full,3,3,1.0,316.0,300.3333333333333,331.2,0.06289308176100628,1063.0,0.0,1.0,1.0,PLEC(335); KRT5(316); KRT14(250)
ICD10:C4,knowledge_full,13,13,1.0,315.0,574.3846153846154,821.2,0.5619804060945082,1068.0,0.23076923076923078,0.6923076923076923,1.0,ERBB2(3350); ALK(833); ACTB(774); MYCN(511); ACTG1(388)
Peripheral nervous system neoplasm,knowledge_full,7,7,1.0,315.0,764.0,1839.8000000000009,0.6224489795918368,1068.0,0.2857142857142857,0.5714285714285714,1.0,ERBB2(3350); ALK(833); MYCN(511); BARD1(315); PHOX2B(158)
Autonomic nervous system neoplasm,knowledge_full,7,7,1.0,315.0,764.0,1839.8000000000009,0.6224489795918368,1068.0,0.2857142857142857,0.5714285714285714,1.0,ERBB2(3350); ALK(833); MYCN(511); BARD1(315); PHOX2B(158)
Neuroblastoma,knowledge_full,7,7,1.0,315.0,764.0,1839.8000000000009,0.6224489795918368,1068.0,0.2857142857142857,0.5714285714285714,1.0,ERBB2(3350); ALK(833); MYCN(511); BARD1(315); PHOX2B(158)
ICD10:C47,knowledge_full,7,7,1.0,315.0,764.0,1839.8000000000009,0.6224489795918368,1068.0,0.2857142857142857,0.5714285714285714,1.0,ERBB2(3350); ALK(833); MYCN(511); BARD1(315); PHOX2B(158)
ICD10:C470,knowledge_full,7,7,1.0,315.0,764.0,1839.8000000000009,0.6224489795918368,1068.0,0.2857142857142857,0.5714285714285714,1.0,ERBB2(3350); ALK(833); MYCN(511); BARD1(315); PHOX2B(158)
Primary cutaneous amyloidosis,knowledge_full,17,17,1.0,314.5,816.5,1219.0000000000064,0.6705266380894059,1073.0,0.3,0.65,0.95,APOE(5224); APOE(5224); ACTB(774); SERPINA1(760); C3(747)
Thiopurine S-methyltransferase deficiency,knowledge_full,1,1,1.0,312.0,312.0,312.0,0.0,1085.0,0.0,1.0,1.0,TPMT(312)
Nicolaides-Baraitser syndrome,knowledge_full,1,1,1.0,312.0,312.0,312.0,0.0,1086.0,0.0,1.0,1.0,SMARCA2(312)
Corneal dystrophy,knowledge_full,15,15,1.0,311.0,787.2631578947369,1567.9999999999968,0.7146255128394593,1094.0,0.2631578947368421,0.5789473684210527,0.7894736842105263,APOE(5224); APOE(5224); ZEB1(654); CLU(652); CLU(652)
ICD10:H185,knowledge_full,15,15,1.0,311.0,787.2631578947369,1567.9999999999968,0.7146255128394593,1094.0,0.2631578947368421,0.5789473684210527,0.7894736842105263,APOE(5224); APOE(5224); ZEB1(654); CLU(652); CLU(652)
Aortic valve stenosis,knowledge_full,1,1,1.0,311.0,311.0,311.0,0.0,1095.0,0.0,1.0,1.0,ELN(311)
Supravalvular aortic stenosis,knowledge_full,1,1,1.0,311.0,311.0,311.0,0.0,1095.0,0.0,1.0,1.0,ELN(311)
Aortic valve disease,knowledge_full,1,1,1.0,311.0,311.0,311.0,0.0,1095.0,0.0,1.0,1.0,ELN(311)
ICD10:I0,knowledge_full,1,1,1.0,311.0,311.0,311.0,0.0,1095.0,0.0,1.0,1.0,ELN(311)
ICD10:I06,knowledge_full,1,1,1.0,311.0,311.0,311.0,0.0,1095.0,0.0,1.0,1.0,ELN(311)
ICD10:I060,knowledge_full,1,1,1.0,311.0,311.0,311.0,0.0,1095.0,0.0,1.0,1.0,ELN(311)
ICD10:I3,knowledge_full,1,1,1.0,311.0,311.0,311.0,0.0,1095.0,0.0,1.0,1.0,ELN(311)
ICD10:I35,knowledge_full,1,1,1.0,311.0,311.0,311.0,0.0,1095.0,0.0,1.0,1.0,ELN(311)
ICD10:I350,knowledge_full,1,1,1.0,311.0,311.0,311.0,0.0,1095.0,0.0,1.0,1.0,ELN(311)
ICD10:I359,knowledge_full,1,1,1.0,311.0,311.0,311.0,0.0,1095.0,0.0,1.0,1.0,ELN(311)
ICD10:Q253,knowledge_full,1,1,1.0,311.0,311.0,311.0,0.0,1095.0,0.0,1.0,1.0,ELN(311)
Pitt-Hopkins syndrome,knowledge_full,1,1,1.0,311.0,311.0,311.0,0.0,1094.0,0.0,1.0,1.0,TCF4(311)
Metatropic dysplasia,knowledge_full,1,1,1.0,310.0,310.0,310.0,0.0,1098.0,0.0,1.0,1.0,TRPV4(310)
Autoimmune disease of musculoskeletal system,knowledge_full,104,104,1.0,309.0,774.8827586206896,2178.0,0.606444302724481,1105.0,0.4068965517241379,0.6896551724137931,0.9517241379310345,TNF(6439); TNF(6439); IL6(5459); MTHFR(3862); STAT3(3689)
Artery disease,knowledge_full,39,39,1.0,309.0,443.3333333333333,1005.6000000000001,0.464250469924812,1107.5,0.3541666666666667,0.6041666666666666,0.9375,NOS3(2192); AGT(1161); APOA1(1126); SMAD3(1028); SMAD3(1028)
ICD10:I7,knowledge_full,25,25,1.0,307.0,397.90909090909093,929.0000000000001,0.4454183138213296,1120.0,0.36363636363636365,0.5454545454545454,0.9090909090909091,APOA1(1126); SMAD3(1028); SMAD3(1028); APOB(949); ABCA1(849)
Aortic disease,knowledge_full,18,18,1.0,307.0,356.14814814814815,622.0,0.4000277315585135,1120.0,0.3333333333333333,0.5555555555555556,0.9259259259259259,SMAD3(1028); SMAD3(1028); TGFBR2(622); TGFBR2(622); TGFBR1(617)
Inflammatory bowel disease,knowledge_full,21,21,1.0,306.0,924.2272727272727,2838.0000000000005,0.5941416327242325,1124.5,0.36363636363636365,0.6818181818181818,1.0,STAT3(3689); IL10(3485); HLA-DRB1(2868); ABCB1(2568); JAK2(1804)
ICD10:K50,knowledge_full,21,21,1.0,306.0,924.2272727272727,2838.0000000000005,0.5941416327242325,1124.5,0.36363636363636365,0.6818181818181818,1.0,STAT3(3689); IL10(3485); HLA-DRB1(2868); ABCB1(2568); JAK2(1804)
ICD10:K51,knowledge_full,21,21,1.0,306.0,924.2272727272727,2838.0000000000005,0.5941416327242325,1124.5,0.36363636363636365,0.6818181818181818,1.0,STAT3(3689); IL10(3485); HLA-DRB1(2868); ABCB1(2568); JAK2(1804)
ICD10:K52,knowledge_full,21,21,1.0,306.0,924.2272727272727,2838.0000000000005,0.5941416327242325,1124.5,0.36363636363636365,0.6818181818181818,1.0,STAT3(3689); IL10(3485); HLA-DRB1(2868); ABCB1(2568); JAK2(1804)
Immune system disease,knowledge_full,210,210,1.0,304.0,722.6084337349398,2108.000000000017,0.6241752668389497,1135.0,0.35542168674698793,0.6536144578313253,0.9487951807228916,TNF(6439); TNF(6439); TNF(6439); IL6(5459); IL6(5459)
Primary immunodeficiency disease,knowledge_full,183,183,1.0,304.0,686.0173010380623,1644.6,0.6102279163648976,1135.0,0.35294117647058826,0.657439446366782,0.9480968858131488,TNF(6439); TNF(6439); TNF(6439); IL6(5459); IL6(5459)
B cell deficiency,knowledge_full,19,19,1.0,304.0,612.6842105263158,1252.399999999998,0.6319044755605189,1135.0,0.21052631578947367,0.5263157894736842,0.9473684210526315,STAT3(3689); NFKB1(3390); PRKCD(718); CD40LG(548); IL21(415)
Cystic fibrosis,knowledge_full,3,3,1.0,304.0,770.3333333333334,1616.0,0.542622241453916,1135.0,0.3333333333333333,0.6666666666666666,1.0,CFTR(1944); SAA1(304); SAA2(63)
ICD10:E84,knowledge_full,3,3,1.0,304.0,770.3333333333334,1616.0,0.542622241453916,1135.0,0.3333333333333333,0.6666666666666666,1.0,CFTR(1944); SAA1(304); SAA2(63)
Autosomal dominant familial periodic fever,knowledge_full,3,3,1.0,304.0,398.0,722.4,0.42657733109994417,1135.0,0.3333333333333333,0.6666666666666666,1.0,TNFRSF1A(827); SAA1(304); SAA2(63)
Familial Mediterranean fever,knowledge_full,3,3,1.0,304.0,284.0,416.70000000000005,0.26540492957746475,1135.0,0.0,0.75,1.0,MEFV(465); SAA1(304); SAA1(304); SAA2(63)
CINCA Syndrome,knowledge_full,3,3,1.0,304.0,551.6666666666666,1091.2,0.49345417925478346,1135.0,0.3333333333333333,0.6666666666666666,1.0,NLRP3(1288); SAA1(304); SAA2(63)
DOID:0050747,knowledge_full,3,3,1.0,304.0,279.3333333333333,437.6,0.3245823389021479,1135.0,0.0,0.6666666666666666,1.0,B2M(471); SAA1(304); SAA2(63)
Behcet's disease,knowledge_full,3,3,1.0,304.0,860.6666666666666,1832.8000000000002,0.5556416214820552,1135.0,0.3333333333333333,0.6666666666666666,1.0,HLA-B(2215); SAA1(304); SAA2(63)
X-linked agammaglobulinemia,knowledge_full,3,3,1.0,304.0,246.66666666666666,359.2,0.27927927927927926,1135.0,0.0,0.6666666666666666,1.0,BTK(373); SAA1(304); SAA2(63)
ICD10:D80,knowledge_full,3,3,1.0,304.0,246.66666666666666,359.2,0.27927927927927926,1135.0,0.0,0.6666666666666666,1.0,BTK(373); SAA1(304); SAA2(63)
ICD10:D800,knowledge_full,3,3,1.0,304.0,246.66666666666666,359.2,0.27927927927927926,1135.0,0.0,0.6666666666666666,1.0,BTK(373); SAA1(304); SAA2(63)
ICD10:M352,knowledge_full,3,3,1.0,304.0,860.6666666666666,1832.8000000000002,0.5556416214820552,1135.0,0.3333333333333333,0.6666666666666666,1.0,HLA-B(2215); SAA1(304); SAA2(63)
ICD10:C7,knowledge_full,10,10,1.0,303.0,810.5,1202.7999999999984,0.6736458975940777,1180.5,0.4,0.7,0.9,APOE(5224); SMARCA4(756); CALCA(542); SMARCB1(527); PRL(344)
camptodactyly-arthropathy-coxa vara-pericarditis syndrome,knowledge_full,3,3,1.0,303.0,306.6666666666667,423.8,0.2108695652173913,1146.0,0.0,0.6666666666666666,1.0,ACTA1(454); TPM3(303); TPM2(163)
Antithrombin III deficiency,knowledge_full,1,1,1.0,303.0,303.0,303.0,0.0,1145.0,0.0,1.0,1.0,SERPINC1(303)
Multiple cutaneous and mucosal venous malformations,knowledge_full,1,1,1.0,303.0,303.0,303.0,0.0,1143.0,0.0,1.0,1.0,TEK(303)
Vein disease,knowledge_full,1,1,1.0,303.0,303.0,303.0,0.0,1143.0,0.0,1.0,1.0,TEK(303)
ICD10:I87,knowledge_full,1,1,1.0,303.0,303.0,303.0,0.0,1143.0,0.0,1.0,1.0,TEK(303)
ICD10:I879,knowledge_full,1,1,1.0,303.0,303.0,303.0,0.0,1143.0,0.0,1.0,1.0,TEK(303)
Isolated Atrial Amyloidosis,knowledge_full,1,1,1.0,301.0,301.0,301.0,0.0,1154.0,0.0,1.0,1.0,NPPA(301)
Warfarin sensitivity,knowledge_full,5,5,1.0,300.0,406.2,766.6,0.3862136878385032,1159.0,0.2,0.6,1.0,CYP2C9(971); VKORC1(460); F9(300); CYP4F2(159); GGCX(141)
Hypophosphatasia,knowledge_full,1,1,1.0,299.0,299.0,299.0,0.0,1165.0,0.0,1.0,1.0,ALPL(299)
Allergic disease,knowledge_full,2,2,1.0,298.0,298.0,426.8,0.27013422818791955,1995.0,0.0,0.5,1.0,FLG(459); CARD11(137)
Contact dermatitis,knowledge_full,2,2,1.0,298.0,298.0,426.8,0.27013422818791955,1995.0,0.0,0.5,1.0,FLG(459); CARD11(137)
Allergic contact dermatitis,knowledge_full,2,2,1.0,298.0,298.0,426.8,0.27013422818791955,1995.0,0.0,0.5,1.0,FLG(459); CARD11(137)
Atopic dermatitis,knowledge_full,2,2,1.0,298.0,298.0,426.8,0.27013422818791955,1995.0,0.0,0.5,1.0,FLG(459); CARD11(137)
ICD10:L20,knowledge_full,2,2,1.0,298.0,298.0,426.8,0.27013422818791955,1995.0,0.0,0.5,1.0,FLG(459); CARD11(137)
ICD10:L200,knowledge_full,2,2,1.0,298.0,298.0,426.8,0.27013422818791955,1995.0,0.0,0.5,1.0,FLG(459); CARD11(137)
ICD10:L23,knowledge_full,2,2,1.0,298.0,298.0,426.8,0.27013422818791955,1995.0,0.0,0.5,1.0,FLG(459); CARD11(137)
ICD10:L25,knowledge_full,2,2,1.0,298.0,298.0,426.8,0.27013422818791955,1995.0,0.0,0.5,1.0,FLG(459); CARD11(137)
ICD10:M,knowledge_full,110,110,1.0,297.5,634.4240506329114,1655.8000000000002,0.6056308334473014,1175.5,0.3291139240506329,0.6265822784810127,0.9683544303797469,TNF(6439); IL6(5459); STAT3(3689); MMP9(3165); HLA-DRB1(2868)
Fabry disease,knowledge_full,1,1,1.0,295.0,295.0,295.0,0.0,1180.0,0.0,1.0,1.0,GLA(295)
Perry syndrome,knowledge_full,1,1,1.0,295.0,295.0,295.0,0.0,1178.0,0.0,1.0,1.0,DCTN1(295)
Branchiooculofacial syndrome,knowledge_full,1,1,1.0,295.0,295.0,295.0,0.0,1185.0,0.0,1.0,1.0,TFAP2A(295)
Noonan syndrome,knowledge_full,13,13,1.0,294.0,715.0769230769231,2381.800000000001,0.6387362637362638,1189.0,0.46153846153846156,0.5384615384615384,0.9230769230769231,KRAS(3044); BRAF(2743); PTPN11(937); RAF1(703); NRAS(677)
Endocrine organ benign neoplasm,knowledge_full,8,8,1.0,294.0,397.5,939.4,0.44143081761006286,1223.5,0.25,0.625,0.875,RET(994); VHL(916); PRL(344); SDHB(328); SDHA(260)
ICD10:D35,knowledge_full,8,8,1.0,294.0,397.5,939.4,0.44143081761006286,1223.5,0.25,0.625,0.875,RET(994); VHL(916); PRL(344); SDHB(328); SDHA(260)
Polycystic ovary syndrome,knowledge_full,18,18,1.0,292.5,499.27777777777777,1185.2000000000003,0.5908225461469035,1232.0,0.2777777777777778,0.5555555555555556,0.9444444444444444,AR(2708); YAP1(1503); FTO(1049); INSR(747); HMGA2(532)
Ovarian dysfunction,knowledge_full,18,18,1.0,292.5,499.27777777777777,1185.2000000000003,0.5908225461469035,1232.0,0.2777777777777778,0.5555555555555556,0.9444444444444444,AR(2708); YAP1(1503); FTO(1049); INSR(747); HMGA2(532)
ICD10:E28,knowledge_full,18,18,1.0,292.5,499.27777777777777,1185.2000000000003,0.5908225461469035,1232.0,0.2777777777777778,0.5555555555555556,0.9444444444444444,AR(2708); YAP1(1503); FTO(1049); INSR(747); HMGA2(532)
Spinocerebellar ataxia type 2,knowledge_full,1,1,1.0,291.0,291.0,291.0,0.0,1212.0,0.0,1.0,1.0,ATXN2(291)
Vascular disease,knowledge_full,61,61,1.0,290.5,451.15277777777777,991.3,0.5313800894142919,1222.5,0.3055555555555556,0.5555555555555556,0.9444444444444444,CTNNB1(3354); HLA-B(2215); NOS3(2192); AGT(1161); APOA1(1126)
Multiple endocrine neoplasia type 2A,knowledge_full,6,6,1.0,289.5,353.1666666666667,581.0,0.2907818153216926,1243.5,0.16666666666666666,0.8333333333333334,1.0,ACTB(774); ACTG1(388); KRT5(316); KRT1(263); KRT14(250)
Acanthoma,knowledge_full,6,6,1.0,289.5,353.1666666666667,581.0,0.2907818153216926,1243.5,0.16666666666666666,0.8333333333333334,1.0,ACTB(774); ACTG1(388); KRT5(316); KRT1(263); KRT14(250)
Basal cell carcinoma,knowledge_full,6,6,1.0,289.5,353.1666666666667,581.0,0.2907818153216926,1243.5,0.16666666666666666,0.8333333333333334,1.0,ACTB(774); ACTG1(388); KRT5(316); KRT1(263); KRT14(250)
Squamous cell neoplasm,knowledge_full,6,6,1.0,289.5,353.1666666666667,581.0,0.2907818153216926,1243.5,0.16666666666666666,0.8333333333333334,1.0,ACTB(774); ACTG1(388); KRT5(316); KRT1(263); KRT14(250)
Seborrheic keratosis,knowledge_full,6,6,1.0,289.5,353.1666666666667,581.0,0.2907818153216926,1243.5,0.16666666666666666,0.8333333333333334,1.0,ACTB(774); ACTG1(388); KRT5(316); KRT1(263); KRT14(250)
ICD10:C44,knowledge_full,6,6,1.0,289.5,353.1666666666667,581.0,0.2907818153216926,1243.5,0.16666666666666666,0.8333333333333334,1.0,ACTB(774); ACTG1(388); KRT5(316); KRT1(263); KRT14(250)
ICD10:L82,knowledge_full,6,6,1.0,289.5,353.1666666666667,581.0,0.2907818153216926,1243.5,0.16666666666666666,0.8333333333333334,1.0,ACTB(774); ACTG1(388); KRT5(316); KRT1(263); KRT14(250)
Isolated ectopia lentis,knowledge_full,2,2,1.0,289.5,289.5,478.7,0.4084628670120898,4585.5,0.5,0.5,1.0,FBN1(526); ADAMTSL4(53)
"46,XX sex reversal",knowledge_full,5,5,1.0,289.0,376.0,681.6,0.37106382978723396,1227.0,0.4,0.6,1.0,WT1(758); SOX9(567); NR5A1(289); SRY(193); SOX3(73)
Kidney cancer,knowledge_full,12,12,1.0,288.5,1514.3333333333333,3094.400000000001,0.7602446988040209,1233.0,0.4166666666666667,0.6666666666666666,0.9166666666666666,TP53(11608); CTNNB1(3354); WT1(758); IGF2(749); H19(569)
ICD10:C64,knowledge_full,12,12,1.0,288.5,1514.3333333333333,3094.400000000001,0.7602446988040209,1233.0,0.4166666666666667,0.6666666666666666,0.9166666666666666,TP53(11608); CTNNB1(3354); WT1(758); IGF2(749); H19(569)
Opiate dependence,knowledge_full,19,19,1.0,286.0,664.5263157894736,2170.2,0.5821737934254296,1254.0,0.3157894736842105,0.631578947368421,0.9473684210526315,ABCB1(2568); BDNF(2559); COMT(2073); DRD2(1325); DRD4(720)
Substance dependence,knowledge_full,19,19,1.0,286.0,664.5263157894736,2170.2,0.5821737934254296,1254.0,0.3157894736842105,0.631578947368421,0.9473684210526315,ABCB1(2568); BDNF(2559); COMT(2073); DRD2(1325); DRD4(720)
Drug dependence,knowledge_full,19,19,1.0,286.0,664.5263157894736,2170.2,0.5821737934254296,1254.0,0.3157894736842105,0.631578947368421,0.9473684210526315,ABCB1(2568); BDNF(2559); COMT(2073); DRD2(1325); DRD4(720)
Hereditary lymphedema,knowledge_full,1,1,1.0,286.0,286.0,286.0,0.0,1249.0,0.0,1.0,1.0,FLT4(286)
Hereditary lymphedema I,knowledge_full,1,1,1.0,286.0,286.0,286.0,0.0,1249.0,0.0,1.0,1.0,FLT4(286)
Lymphedema,knowledge_full,1,1,1.0,286.0,286.0,286.0,0.0,1249.0,0.0,1.0,1.0,FLT4(286)
ICD10:Q820,knowledge_full,1,1,1.0,286.0,286.0,286.0,0.0,1249.0,0.0,1.0,1.0,FLT4(286)
Type 2 diabetes mellitus,knowledge_full,4,4,1.0,284.0,1476.25,3763.9000000000005,0.6553344623200678,1432.5,0.25,0.75,1.0,APOE(5224); IAPP(357); HSPG2(211); APCS(113)
ICD10:E11,knowledge_full,4,4,1.0,284.0,1476.25,3763.9000000000005,0.6553344623200678,1432.5,0.25,0.75,1.0,APOE(5224); IAPP(357); HSPG2(211); APCS(113)
Chromosome 5q deletion syndrome,knowledge_full,3,1,0.3333333333333333,284.0,284.0,284.0,0.0,1264.0,0.0,1.0,1.0,RPS14(284)
Amyotrophic neuralgia,knowledge_full,1,1,1.0,283.0,283.0,283.0,0.0,1274.0,0.0,1.0,1.0,SEPTIN9(283)
Brachial plexus neuropathy,knowledge_full,1,1,1.0,283.0,283.0,283.0,0.0,1274.0,0.0,1.0,1.0,SEPTIN9(283)
ICD10:G54,knowledge_full,1,1,1.0,283.0,283.0,283.0,0.0,1274.0,0.0,1.0,1.0,SEPTIN9(283)
ICD10:G540,knowledge_full,1,1,1.0,283.0,283.0,283.0,0.0,1274.0,0.0,1.0,1.0,SEPTIN9(283)
ICD10:G545,knowledge_full,1,1,1.0,283.0,283.0,283.0,0.0,1274.0,0.0,1.0,1.0,SEPTIN9(283)
"Mandibulofacial dysostosis, Guion-Almeida type",knowledge_full,1,1,1.0,283.0,283.0,283.0,0.0,1276.0,0.0,1.0,1.0,EFTUD2(283)
Aortic aneurysm,knowledge_full,16,16,1.0,282.5,359.0,622.0,0.4139391829155061,1295.5,0.3333333333333333,0.5416666666666666,0.9166666666666666,SMAD3(1028); SMAD3(1028); TGFBR2(622); TGFBR2(622); TGFBR1(617)
ICD10:I71,knowledge_full,16,16,1.0,282.5,359.0,622.0,0.4139391829155061,1295.5,0.3333333333333333,0.5416666666666666,0.9166666666666666,SMAD3(1028); SMAD3(1028); TGFBR2(622); TGFBR2(622); TGFBR1(617)
ICD10:I711,knowledge_full,16,16,1.0,282.5,359.0,622.0,0.4139391829155061,1295.5,0.3333333333333333,0.5416666666666666,0.9166666666666666,SMAD3(1028); SMAD3(1028); TGFBR2(622); TGFBR2(622); TGFBR1(617)
ICD10:I713,knowledge_full,16,16,1.0,282.5,359.0,622.0,0.4139391829155061,1295.5,0.3333333333333333,0.5416666666666666,0.9166666666666666,SMAD3(1028); SMAD3(1028); TGFBR2(622); TGFBR2(622); TGFBR1(617)
ICD10:I718,knowledge_full,16,16,1.0,282.5,359.0,622.0,0.4139391829155061,1295.5,0.3333333333333333,0.5416666666666666,0.9166666666666666,SMAD3(1028); SMAD3(1028); TGFBR2(622); TGFBR2(622); TGFBR1(617)
Amyloidosis,knowledge_full,72,70,0.9722222222222222,282.0,972.45625,5224.0,0.6771930212156073,1289.0,0.3625,0.63125,0.975,APOE(5224); APOE(5224); APOE(5224); APOE(5224); APOE(5224)
ICD10:E85,knowledge_full,72,70,0.9722222222222222,282.0,972.45625,5224.0,0.6771930212156073,1289.0,0.3625,0.63125,0.975,APOE(5224); APOE(5224); APOE(5224); APOE(5224); APOE(5224)
Left ventricular noncompaction,knowledge_full,13,12,0.9230769230769231,278.5,328.8333333333333,701.8000000000001,0.44771076195303255,1302.0,0.16666666666666666,0.5833333333333334,1.0,LMNA(1073); SCN5A(730); TNNT2(448); MYH7(349); TPM1(315)
Mitochondrial trifunctional protein deficiency,knowledge_full,2,2,1.0,278.5,278.5,315.7,0.08348294434470382,1365.5,0.0,1.0,1.0,HADHA(325); HADHB(232)
Ischemic bone disease,knowledge_full,2,2,1.0,278.5,278.5,360.5,0.18402154398563741,1652.0,0.0,0.5,1.0,COL2A1(381); ACAN(176)
Weill-Marchesani syndrome,knowledge_full,2,2,1.0,278.0,278.0,476.40000000000003,0.4460431654676258,6475.5,0.5,0.5,0.5,FBN1(526); ADAMTS10(30)
Danon disease,knowledge_full,1,1,1.0,277.0,277.0,277.0,0.0,1311.0,0.0,1.0,1.0,LAMP2(277)
Geleophysic dysplasia,knowledge_full,2,2,1.0,275.0,275.0,475.8,0.4563636363636363,7114.0,0.5,0.5,0.5,FBN1(526); ADAMTSL2(24)
Hyperargininemia,knowledge_full,1,1,1.0,275.0,275.0,275.0,0.0,1318.0,0.0,1.0,1.0,ARG1(275)
Lymphatic system disease,knowledge_full,19,19,1.0,274.5,608.95,2231.8000000000006,0.6162041218490846,1336.5,0.3,0.65,0.9,BRAF(2743); BRAF(2743); CXCR4(2175); ACTB(774); MYD88(617)
Polycystic kidney disease,knowledge_full,3,3,1.0,274.0,245.33333333333334,344.4,0.23731884057971012,1325.0,0.0,0.6666666666666666,1.0,PKD1(362); PKD2(274); PKHD1(100)
Cystic kidney disease,knowledge_full,3,3,1.0,274.0,245.33333333333334,344.4,0.23731884057971012,1325.0,0.0,0.6666666666666666,1.0,PKD1(362); PKD2(274); PKHD1(100)
Spinocerebellar ataxia type 6,knowledge_full,1,1,1.0,274.0,274.0,274.0,0.0,1326.0,0.0,1.0,1.0,CACNA1A(274)
Cockayne syndrome,knowledge_full,6,6,1.0,273.0,312.125,489.4999999999999,0.3407589106928314,1338.0,0.125,0.75,1.0,ERCC2(920); ERCC5(305); ERCC4(279); ERCC6(273); ERCC6(273)
Pseudohermaphroditism,knowledge_full,8,8,1.0,272.0,666.5555555555555,1571.2000000000003,0.5883573188123947,1341.0,0.3333333333333333,0.6666666666666666,1.0,AR(2708); NR3C1(1287); CYP19A1(833); AMH(419); SRD5A2(272)
ICD10:Q5,knowledge_full,8,8,1.0,272.0,666.5555555555555,1571.2000000000003,0.5883573188123947,1341.0,0.3333333333333333,0.6666666666666666,1.0,AR(2708); NR3C1(1287); CYP19A1(833); AMH(419); SRD5A2(272)
ICD10:Q56,knowledge_full,8,8,1.0,272.0,666.5555555555555,1571.2000000000003,0.5883573188123947,1341.0,0.3333333333333333,0.6666666666666666,1.0,AR(2708); NR3C1(1287); CYP19A1(833); AMH(419); SRD5A2(272)
Wiskott-Aldrich syndrome,knowledge_full,1,1,1.0,272.0,272.0,272.0,0.0,1345.0,0.0,1.0,1.0,WAS(272)
ICD10:D820,knowledge_full,1,1,1.0,272.0,272.0,272.0,0.0,1345.0,0.0,1.0,1.0,WAS(272)
ICD10:Q82,knowledge_full,21,21,1.0,271.0,374.8695652173913,887.2000000000002,0.4066140207558016,1358.0,0.21739130434782608,0.7391304347826086,0.9565217391304348,KIT(1171); RUNX1(931); ERCC2(920); ERCC1(756); DNMT3A(612)
Xeroderma pigmentosum,knowledge_full,9,9,1.0,271.0,373.09090909090907,756.0,0.2931951089845826,1358.0,0.18181818181818182,0.9090909090909091,1.0,ERCC2(920); ERCC1(756); XPC(445); ERCC5(305); ERCC4(279)
ICD10:Q821,knowledge_full,9,9,1.0,271.0,373.09090909090907,756.0,0.2931951089845826,1358.0,0.18181818181818182,0.9090909090909091,1.0,ERCC2(920); ERCC1(756); XPC(445); ERCC5(305); ERCC4(279)
adult-onset leukoencephalopathy with axonal spheroids and pigmented glia,knowledge_full,1,1,1.0,271.0,271.0,271.0,0.0,1357.0,0.0,1.0,1.0,CSF1R(271)
Prostate cancer,knowledge_full,36,36,1.0,270.0,786.9444444444445,2470.0,0.6016864729183826,1360.0,0.3888888888888889,0.6111111111111112,1.0,STAT3(3689); BRCA1(3448); PTEN(2819); AR(2708); CDH1(2232)
Male reproductive organ cancer,knowledge_full,36,36,1.0,270.0,786.9444444444445,2470.0,0.6016864729183826,1360.0,0.3888888888888889,0.6111111111111112,1.0,STAT3(3689); BRCA1(3448); PTEN(2819); AR(2708); CDH1(2232)
Prostate disease,knowledge_full,36,36,1.0,270.0,786.9444444444445,2470.0,0.6016864729183826,1360.0,0.3888888888888889,0.6111111111111112,1.0,STAT3(3689); BRCA1(3448); PTEN(2819); AR(2708); CDH1(2232)
ICD10:C61,knowledge_full,36,36,1.0,270.0,786.9444444444445,2470.0,0.6016864729183826,1360.0,0.3888888888888889,0.6111111111111112,1.0,STAT3(3689); BRCA1(3448); PTEN(2819); AR(2708); CDH1(2232)
ICD10:C63,knowledge_full,36,36,1.0,270.0,786.9444444444445,2470.0,0.6016864729183826,1360.0,0.3888888888888889,0.6111111111111112,1.0,STAT3(3689); BRCA1(3448); PTEN(2819); AR(2708); CDH1(2232)
ICD10:N42,knowledge_full,36,36,1.0,270.0,786.9444444444445,2470.0,0.6016864729183826,1360.0,0.3888888888888889,0.6111111111111112,1.0,STAT3(3689); BRCA1(3448); PTEN(2819); AR(2708); CDH1(2232)
ICD10:N429,knowledge_full,36,36,1.0,270.0,786.9444444444445,2470.0,0.6016864729183826,1360.0,0.3888888888888889,0.6111111111111112,1.0,STAT3(3689); BRCA1(3448); PTEN(2819); AR(2708); CDH1(2232)
Bone remodeling disease,knowledge_full,24,24,1.0,270.0,455.48571428571427,790.0,0.6079394949549259,1362.0,0.2571428571428571,0.5428571428571428,0.9142857142857143,TGFB1(5005); ITGB3(1220); SQSTM1(1046); TNFRSF11B(804); GJA1(769)
Osteosclerosis,knowledge_full,17,17,1.0,270.0,505.75,754.5999999999999,0.6570343823804031,1362.0,0.2916666666666667,0.5416666666666666,0.875,TGFB1(5005); ITGB3(1220); GJA1(769); TNFSF11(721); TNFSF11(721)
ICD10:N4,knowledge_full,39,39,1.0,268.0,778.974358974359,2327.200000000001,0.6101433129082898,1379.0,0.38461538461538464,0.5897435897435898,0.9743589743589743,STAT3(3689); BRCA1(3448); PTEN(2819); AR(2708); CDH1(2232)
Dihydropyrimidine dehydrogenase deficiency,knowledge_full,1,1,1.0,268.0,268.0,268.0,0.0,1380.0,0.0,1.0,1.0,DPYD(268)
Adenosine deaminase deficiency,knowledge_full,1,1,1.0,268.0,268.0,268.0,0.0,1384.0,0.0,1.0,1.0,ADA(268)
ICD10:D813,knowledge_full,1,1,1.0,268.0,268.0,268.0,0.0,1384.0,0.0,1.0,1.0,ADA(268)
Colitis,knowledge_full,6,6,1.0,266.5,628.6666666666666,1490.5,0.5805054789678331,1418.0,0.16666666666666666,0.6666666666666666,1.0,ABCB1(2568); IL23R(413); IRF5(285); PTPN2(248); IL10RA(156)
Ulcerative colitis,knowledge_full,6,6,1.0,266.5,628.6666666666666,1490.5,0.5805054789678331,1418.0,0.16666666666666666,0.6666666666666666,1.0,ABCB1(2568); IL23R(413); IRF5(285); PTPN2(248); IL10RA(156)
Male reproductive system disease,knowledge_full,40,40,1.0,266.0,761.875,2279.600000000001,0.6151755537325677,1397.0,0.375,0.575,0.975,STAT3(3689); BRCA1(3448); PTEN(2819); AR(2708); CDH1(2232)
Bacterial infectious disease,knowledge_full,9,9,1.0,265.0,715.9,1745.6999999999996,0.5764073194580248,1471.0,0.4,0.8,1.0,HLA-DRB1(2868); TLR2(1621); PRKN(987); LTA(592); SAA1(304)
Stromal dystrophy,knowledge_full,1,1,1.0,265.0,265.0,265.0,0.0,1410.0,0.0,1.0,1.0,DCN(265)
Congenital stromal corneal dystrophy,knowledge_full,1,1,1.0,265.0,265.0,265.0,0.0,1410.0,0.0,1.0,1.0,DCN(265)
Gillespie syndrome,knowledge_full,1,1,1.0,264.0,264.0,264.0,0.0,1417.0,0.0,1.0,1.0,ITPR1(264)
Disease of cellular proliferation,knowledge_full,486,485,0.9979423868312757,263.0,765.8980509745128,2103.0,0.6795219627205193,1424.0,0.34182908545727136,0.5757121439280359,0.9385307346326837,TP53(11608); TP53(11608); TP53(11608); TP53(11608); TP53(11608)
ICD10:D4,knowledge_full,486,485,0.9979423868312757,263.0,764.1569506726457,2103.0,0.6796470324487566,1424.0,0.34080717488789236,0.5754857997010463,0.9387144992526159,TP53(11608); TP53(11608); TP53(11608); TP53(11608); TP53(11608)
ICD10:D48,knowledge_full,486,485,0.9979423868312757,263.0,765.8980509745128,2103.0,0.6795219627205193,1424.0,0.34182908545727136,0.5757121439280359,0.9385307346326837,TP53(11608); TP53(11608); TP53(11608); TP53(11608); TP53(11608)
ICD10:C,knowledge_full,484,483,0.9979338842975206,263.0,767.9417177914111,2103.0,0.6811387376841561,1424.0,0.34202453987730064,0.5720858895705522,0.9401840490797546,TP53(11608); TP53(11608); TP53(11608); TP53(11608); TP53(11608)
Cancer,knowledge_full,483,482,0.9979296066252588,263.0,766.7978395061729,2103.0,0.6819184538191451,1425.0,0.3410493827160494,0.5709876543209876,0.9398148148148148,TP53(11608); TP53(11608); TP53(11608); TP53(11608); TP53(11608)
ICD10:C8,knowledge_full,483,482,0.9979296066252588,263.0,766.7978395061729,2103.0,0.6819184538191451,1425.0,0.3410493827160494,0.5709876543209876,0.9398148148148148,TP53(11608); TP53(11608); TP53(11608); TP53(11608); TP53(11608)
ICD10:C80,knowledge_full,483,482,0.9979296066252588,263.0,766.7978395061729,2103.0,0.6819184538191451,1425.0,0.3410493827160494,0.5709876543209876,0.9398148148148148,TP53(11608); TP53(11608); TP53(11608); TP53(11608); TP53(11608)
Arrhythmogenic right ventricular cardiomyopathy,knowledge_full,13,13,1.0,263.0,314.53846153846155,453.40000000000003,0.3624358033749082,1423.0,0.07692307692307693,0.6153846153846154,1.0,LMNA(1073); TTN(467); DSP(399); JUP(390); RYR2(301)
ICD10:L8,knowledge_full,12,12,1.0,263.0,307.6923076923077,583.0,0.37961538461538463,1424.0,0.23076923076923078,0.6153846153846154,1.0,ACTB(774); PTPN22(589); IKBKG(559); ACTG1(388); KRT5(316)
ICD10:E31,knowledge_full,7,7,1.0,263.0,334.85714285714283,542.4000000000001,0.2840078010726475,1424.0,0.14285714285714285,0.8571428571428571,1.0,ACTB(774); ACTG1(388); KRT5(316); KRT1(263); KRT14(250)
Lower respiratory tract disease,knowledge_full,72,72,1.0,262.0,920.9583333333334,2738.2,0.7006391373049746,1475.0,0.4027777777777778,0.5555555555555556,0.9305555555555556,TP53(11608); EGFR(6674); TGFB1(5005); ERBB2(3350); KRAS(3044)
Respiratory system disease,knowledge_full,72,72,1.0,262.0,920.9583333333334,2738.2,0.7006391373049746,1475.0,0.4027777777777778,0.5555555555555556,0.9305555555555556,TP53(11608); EGFR(6674); TGFB1(5005); ERBB2(3350); KRAS(3044)
ICD10:J,knowledge_full,72,72,1.0,262.0,920.9583333333334,2738.2,0.7006391373049746,1475.0,0.4027777777777778,0.5555555555555556,0.9305555555555556,TP53(11608); EGFR(6674); TGFB1(5005); ERBB2(3350); KRAS(3044)
Parathyroid gland disease,knowledge_full,1,1,1.0,262.0,262.0,262.0,0.0,1434.0,0.0,1.0,1.0,CDC73(262)
Parathyroid carcinoma,knowledge_full,1,1,1.0,262.0,262.0,262.0,0.0,1434.0,0.0,1.0,1.0,CDC73(262)
ICD10:C750,knowledge_full,1,1,1.0,262.0,262.0,262.0,0.0,1434.0,0.0,1.0,1.0,CDC73(262)
ICD10:E21,knowledge_full,1,1,1.0,262.0,262.0,262.0,0.0,1434.0,0.0,1.0,1.0,CDC73(262)
ICD10:E215,knowledge_full,1,1,1.0,262.0,262.0,262.0,0.0,1434.0,0.0,1.0,1.0,CDC73(262)
Glucose metabolism disease,knowledge_full,106,105,0.9905660377358491,261.0,503.67832167832165,1169.0,0.6135338851024854,1440.0,0.27972027972027974,0.5454545454545454,0.9230769230769231,IL6(5459); APOE(5224); STAT3(3689); HLA-DRB1(2868); ADIPOQ(2462)
ICD10:E1,knowledge_full,104,103,0.9903846153846154,261.0,506.8510638297872,1169.0,0.6158452970643383,1440.0,0.28368794326241137,0.5390070921985816,0.9219858156028369,IL6(5459); APOE(5224); STAT3(3689); HLA-DRB1(2868); ADIPOQ(2462)
Distal myopathy,knowledge_full,4,4,1.0,261.0,264.25,431.6,0.3247398297067171,1730.5,0.0,0.5,1.0,TTN(467); MYH7(349); DYSF(173); ANO5(68)
Brain small vessel disease 1,knowledge_full,1,1,1.0,261.0,261.0,261.0,0.0,1444.0,0.0,1.0,1.0,COL4A1(261)
Brain small vessel disease,knowledge_full,1,1,1.0,261.0,261.0,261.0,0.0,1444.0,0.0,1.0,1.0,COL4A1(261)
Pheochromocytoma,knowledge_full,7,7,1.0,260.0,405.14285714285717,947.2,0.4641345960104775,1451.0,0.2857142857142857,0.5714285714285714,0.8571428571428571,RET(994); VHL(916); SDHB(328); SDHA(260); SDHD(177)
Paraganglioma,knowledge_full,7,7,1.0,260.0,405.14285714285717,947.2,0.4641345960104775,1451.0,0.2857142857142857,0.5714285714285714,0.8571428571428571,RET(994); VHL(916); SDHB(328); SDHA(260); SDHD(177)
Waardenburg syndrome,knowledge_full,6,6,1.0,260.0,293.7142857142857,420.0,0.21150639244024458,1456.0,0.0,0.8571428571428571,1.0,SNAI2(420); SNAI2(420); MITF(386); EDNRB(260); PAX3(258)
Familial male-limited precocious puberty,knowledge_full,1,1,1.0,260.0,260.0,260.0,0.0,1453.0,0.0,1.0,1.0,LHCGR(260)
Leydig cell hypoplasia,knowledge_full,1,1,1.0,260.0,260.0,260.0,0.0,1453.0,0.0,1.0,1.0,LHCGR(260)
Protein S deficiency,knowledge_full,1,1,1.0,260.0,260.0,260.0,0.0,1457.0,0.0,1.0,1.0,PROS1(260)
ICD10:M3,knowledge_full,33,33,1.0,259.0,395.76363636363635,714.0,0.51881872893496,1459.0,0.23636363636363636,0.6181818181818182,0.9636363636363636,CRP(2459); HLA-B(2215); CTLA4(1335); CTLA4(1335); PDCD1(1248)
Lesch-Nyhan syndrome,knowledge_full,1,1,1.0,259.0,259.0,259.0,0.0,1462.0,0.0,1.0,1.0,HPRT1(259)
Boomerang dysplasia,knowledge_full,1,1,1.0,259.0,259.0,259.0,0.0,1460.0,0.0,1.0,1.0,FLNB(259)
Larsen syndrome,knowledge_full,1,1,1.0,259.0,259.0,259.0,0.0,1460.0,0.0,1.0,1.0,FLNB(259)
craniofacial-deafness-hand syndrome,knowledge_full,1,1,1.0,258.0,258.0,258.0,0.0,1472.0,0.0,1.0,1.0,PAX3(258)
Cytochrome P450 oxidoreductase deficiency,knowledge_full,1,1,1.0,258.0,258.0,258.0,0.0,1477.0,0.0,1.0,1.0,POR(258)
Intestinal disease,knowledge_full,45,45,1.0,255.5,559.0192307692307,1098.1999999999998,0.6188703535619494,1501.0,0.2692307692307692,0.5769230769230769,0.9230769230769231,STAT3(3689); IL10(3485); HLA-DRB1(2868); ABCB1(2568); JAK2(1804)
ICD10:K5,knowledge_full,45,45,1.0,255.5,559.0192307692307,1098.1999999999998,0.6188703535619494,1501.0,0.2692307692307692,0.5769230769230769,0.9230769230769231,STAT3(3689); IL10(3485); HLA-DRB1(2868); ABCB1(2568); JAK2(1804)
ICD10:K59,knowledge_full,45,45,1.0,255.5,559.0192307692307,1098.1999999999998,0.6188703535619494,1501.0,0.2692307692307692,0.5769230769230769,0.9230769230769231,STAT3(3689); IL10(3485); HLA-DRB1(2868); ABCB1(2568); JAK2(1804)
ICD10:K599,knowledge_full,45,45,1.0,255.5,559.0192307692307,1098.1999999999998,0.6188703535619494,1501.0,0.2692307692307692,0.5769230769230769,0.9230769230769231,STAT3(3689); IL10(3485); HLA-DRB1(2868); ABCB1(2568); JAK2(1804)
Leukocyte disease,knowledge_full,24,24,1.0,253.0,455.08,1075.0000000000005,0.5902856640590666,1522.0,0.24,0.6,0.92,BRAF(2743); CCND1(1796); KIT(1171); RUNX1(931); FGFR3(615)
Junctional epidermolysis bullosa,knowledge_full,7,7,1.0,253.0,245.875,344.0,0.19960599898322318,1677.0,0.0,0.5,1.0,ITGA6(365); PLEC(335); ITGB4(318); ITGB4(318); LAMC2(188)
Atypical hemolytic-uremic syndrome,knowledge_full,7,7,1.0,253.0,381.14285714285717,804.2,0.40983079888627116,1526.0,0.2857142857142857,0.7142857142857143,1.0,CFH(890); C3(747); THBD(348); CD46(253); CFB(231)
Cowden syndrome,knowledge_full,9,9,1.0,252.5,1204.5,2911.4999999999995,0.586774595267746,1746.5,0.4,0.5,0.9,AKT1(3744); PTEN(2819); PTEN(2819); PIK3CA(1717); SDHB(328)
IMAGe syndrome,knowledge_full,1,1,1.0,252.0,252.0,252.0,0.0,1535.0,0.0,1.0,1.0,CDKN1C(252)
Spinocerebellar ataxia type 36,knowledge_full,1,1,1.0,251.0,251.0,251.0,0.0,1547.0,0.0,1.0,1.0,NOP56(251)
Dermatopathia pigmentosa reticularis,knowledge_full,1,1,1.0,250.0,250.0,250.0,0.0,1551.0,0.0,1.0,1.0,KRT14(250)
Kabuki syndrome,knowledge_full,2,2,1.0,248.5,248.5,272.1,0.05935613682092544,1596.5,0.0,1.0,1.0,KMT2D(278); KDM6A(219)
Amyotrophic lateral sclerosis,knowledge_full,43,42,0.9767441860465116,248.0,352.2916666666667,836.0,0.48127395580086296,1577.0,0.2361111111111111,0.5416666666666666,0.9722222222222222,SOD1(1324); SOD1(1324); SOD1(1324); TARDBP(1086); TARDBP(1086)
Centronuclear myopathy,knowledge_full,7,7,1.0,248.0,221.71428571428572,393.80000000000007,0.4062960235640648,1579.0,0.0,0.5714285714285714,0.7142857142857143,TTN(467); RYR1(345); DNM2(338); BIN1(248); MTM1(99)
Congenital structural myopathy,knowledge_full,7,7,1.0,248.0,221.71428571428572,393.80000000000007,0.4062960235640648,1579.0,0.0,0.5714285714285714,0.7142857142857143,TTN(467); RYR1(345); DNM2(338); BIN1(248); MTM1(99)
maturity-onset diabetes of the young,knowledge_full,14,14,1.0,247.5,313.64285714285717,576.4000000000001,0.42032403943130425,1654.5,0.21428571428571427,0.5,1.0,INS(1031); HNF4A(592); HNF1A(540); KCNJ11(423); GCK(353)
Corneal disease,knowledge_full,37,36,0.972972972972973,247.0,529.6382978723404,826.4,0.6389389138705147,1584.0,0.2765957446808511,0.574468085106383,0.8723404255319149,APOE(5224); APOE(5224); IL1RN(1046); IL1A(1007); HGF(836)
Epidermolytic hyperkeratosis,knowledge_full,2,2,1.0,247.0,247.0,259.8,0.03238866396761142,1585.0,0.0,1.0,1.0,KRT1(263); KRT10(231)
Agammaglobulinemia,knowledge_full,16,16,1.0,246.5,461.1875,566.5,0.5623983602114108,1712.0,0.125,0.5,1.0,NFKB1(3390); PRKCD(718); IL21(415); IKZF1(397); BTK(373)
Pulmonary venoocclusive disease,knowledge_full,2,2,1.0,246.0,246.0,327.6,0.20731707317073167,2059.5,0.0,0.5,1.0,BMPR2(348); EIF2AK4(144)
Pulmonary hypertension,knowledge_full,2,2,1.0,246.0,246.0,327.6,0.20731707317073167,2059.5,0.0,0.5,1.0,BMPR2(348); EIF2AK4(144)
Lupus erythematosus,knowledge_full,27,27,1.0,245.0,389.35,778.2000000000007,0.5124951842814948,1591.0,0.225,0.625,0.95,CRP(2459); CTLA4(1335); CTLA4(1335); PDCD1(1248); XRCC6(726)
Systemic lupus erythematosus,knowledge_full,27,27,1.0,245.0,389.35,778.2000000000007,0.5124951842814948,1591.0,0.225,0.625,0.95,CRP(2459); CTLA4(1335); CTLA4(1335); PDCD1(1248); XRCC6(726)
ICD10:L9,knowledge_full,27,27,1.0,245.0,389.35,778.2000000000007,0.5124951842814948,1591.0,0.225,0.625,0.95,CRP(2459); CTLA4(1335); CTLA4(1335); PDCD1(1248); XRCC6(726)
ICD10:L93,knowledge_full,27,27,1.0,245.0,389.35,778.2000000000007,0.5124951842814948,1591.0,0.225,0.625,0.95,CRP(2459); CTLA4(1335); CTLA4(1335); PDCD1(1248); XRCC6(726)
ICD10:M32,knowledge_full,27,27,1.0,245.0,389.35,778.2000000000007,0.5124951842814948,1591.0,0.225,0.625,0.95,CRP(2459); CTLA4(1335); CTLA4(1335); PDCD1(1248); XRCC6(726)
Myofibrillar myopathy,knowledge_full,8,8,1.0,245.0,263.3333333333333,467.0,0.3363338021565869,1596.0,0.0,0.5555555555555556,1.0,TTN(467); TTN(467); CRYAB(399); BAG3(348); FLNC(245)
"Sensory ataxic neuropathy, dysarthria, and ophthalmoparesis",knowledge_full,2,2,1.0,244.5,244.5,328.1,0.2137014314928425,2113.5,0.0,0.5,1.0,POLG(349); TWNK(140)
ICD10:C75,knowledge_full,8,8,1.0,244.0,852.75,1946.5999999999992,0.7217458223394899,1616.5,0.25,0.625,0.875,APOE(5224); CALCA(542); PRL(344); CDC73(262); APOA4(226)
Melanoma,knowledge_full,30,30,1.0,243.0,930.9,2162.2000000000007,0.7243563576467218,1625.0,0.3333333333333333,0.5666666666666667,1.0,TP53(11608); BRAF(2743); CDKN2A(2695); TERT(2103); ATM(1572)
Focal dystonia,knowledge_full,1,1,1.0,243.0,243.0,243.0,0.0,1620.0,0.0,1.0,1.0,TAF1(243)
X-linked dystonia-parkinsonism,knowledge_full,1,1,1.0,243.0,243.0,243.0,0.0,1620.0,0.0,1.0,1.0,TAF1(243)
Hematopoietic system disease,knowledge_full,171,170,0.9941520467836257,242.0,386.6408163265306,865.3999999999999,0.5262149037093276,1635.0,0.17959183673469387,0.5918367346938775,0.9510204081632653,BRCA1(3448); BRCA1(3448); BRAF(2743); BRCA2(2204); BRCA2(2204)
Familial partial lipodystrophy,knowledge_full,7,7,1.0,242.0,608.2857142857143,1553.0000000000005,0.5947795745822989,1638.0,0.2857142857142857,0.5714285714285714,1.0,PPARG(2273); LMNA(1073); AKT2(392); ADRA2A(242); PLIN1(114)
Partial lipodystrophy,knowledge_full,7,7,1.0,242.0,608.2857142857143,1553.0000000000005,0.5947795745822989,1638.0,0.2857142857142857,0.5714285714285714,1.0,PPARG(2273); LMNA(1073); AKT2(392); ADRA2A(242); PLIN1(114)
Catecholaminergic polymorphic ventricular tachycardia,knowledge_full,6,6,1.0,241.0,251.33333333333334,463.0,0.41136162687886824,1649.0,0.16666666666666666,0.6666666666666666,0.8333333333333334,CALM1(625); RYR2(301); CALM3(253); CALM2(229); CASQ2(85)
Neurodegeneration with brain iron accumulation 3,knowledge_full,1,1,1.0,241.0,241.0,241.0,0.0,1646.0,0.0,1.0,1.0,FTL(241)
hyperferritinemia-cataract syndrome,knowledge_full,1,1,1.0,241.0,241.0,241.0,0.0,1646.0,0.0,1.0,1.0,FTL(241)
Sturge-Weber syndrome,knowledge_full,2,2,1.0,240.5,240.5,331.3,0.2359667359667359,2307.5,0.0,0.5,1.0,GNAQ(354); LIFR(127)
Motor neuron disease,knowledge_full,59,58,0.9830508474576272,240.0,352.0,836.0,0.5202410737854495,1647.0,0.21348314606741572,0.5056179775280899,0.9550561797752809,AR(2708); SOD1(1324); SOD1(1324); SOD1(1324); TARDBP(1086)
ICD10:G12,knowledge_full,59,58,0.9830508474576272,240.0,352.0,836.0,0.5202410737854495,1647.0,0.21348314606741572,0.5056179775280899,0.9550561797752809,AR(2708); SOD1(1324); SOD1(1324); SOD1(1324); TARDBP(1086)
ICD10:G122,knowledge_full,59,58,0.9830508474576272,240.0,352.0,836.0,0.5202410737854495,1647.0,0.21348314606741572,0.5056179775280899,0.9550561797752809,AR(2708); SOD1(1324); SOD1(1324); SOD1(1324); TARDBP(1086)
Coffin-Lowry syndrome,knowledge_full,1,1,1.0,240.0,240.0,240.0,0.0,1650.0,0.0,1.0,1.0,RPS6KA3(240)
ICD10:D7,knowledge_full,24,24,1.0,238.5,268.20588235294116,585.9999999999999,0.4239983744347613,1663.5,0.11764705882352941,0.5294117647058824,0.9411764705882353,VHL(916); VHL(916); EPAS1(634); EPAS1(634); EPO(474)
Cerebral amyloid angiopathy,knowledge_full,13,13,1.0,238.0,957.4,3187.0,0.6798344154875237,1669.0,0.37142857142857144,0.5714285714285714,1.0,APOE(5224); APOE(5224); APOE(5224); APP(3187); APP(3187)
ICD10:I68,knowledge_full,13,13,1.0,238.0,957.4,3187.0,0.6798344154875237,1669.0,0.37142857142857144,0.5714285714285714,1.0,APOE(5224); APOE(5224); APOE(5224); APP(3187); APP(3187)
ICD10:I680,knowledge_full,13,13,1.0,238.0,957.4,3187.0,0.6798344154875237,1669.0,0.37142857142857144,0.5714285714285714,1.0,APOE(5224); APOE(5224); APOE(5224); APP(3187); APP(3187)
Factor XI deficiency,knowledge_full,1,1,1.0,238.0,238.0,238.0,0.0,1667.0,0.0,1.0,1.0,F11(238)
ICD10:D681,knowledge_full,1,1,1.0,238.0,238.0,238.0,0.0,1667.0,0.0,1.0,1.0,F11(238)
Triosephosphate isomerase deficiency,knowledge_full,1,1,1.0,237.0,237.0,237.0,0.0,1676.0,0.0,1.0,1.0,TPI1(237)
Axenfeld-Rieger syndrome,knowledge_full,2,2,1.0,236.5,236.5,244.9,0.022198731501057,1697.0,0.0,1.0,1.0,FOXC1(247); PITX2(226)
MHC class I deficiency,knowledge_full,3,3,1.0,236.0,218.66666666666666,279.2,0.16260162601626016,1684.0,0.0,0.6666666666666666,1.0,TAP1(290); TAP2(236); TAPBP(130)
ICD10:D816,knowledge_full,3,3,1.0,236.0,218.66666666666666,279.2,0.16260162601626016,1684.0,0.0,0.6666666666666666,1.0,TAP1(290); TAP2(236); TAPBP(130)
Spinal muscular atrophy with lower extremity predominant,knowledge_full,2,2,1.0,234.0,234.0,335.6,0.2713675213675213,2684.5,0.0,0.5,1.0,DYNC1H1(361); BICD2(107)
Aceruloplasminemia,knowledge_full,1,1,1.0,234.0,234.0,234.0,0.0,1705.0,0.0,1.0,1.0,CP(234)
Iron metabolism disease,knowledge_full,1,1,1.0,234.0,234.0,234.0,0.0,1705.0,0.0,1.0,1.0,CP(234)
Coffin-Siris syndrome,knowledge_full,10,10,1.0,232.0,311.0,549.8999999999999,0.3365916398713827,1738.5,0.2,0.6,1.0,SMARCA4(756); SMARCB1(527); ARID1A(491); SOX4(274); SMARCC2(238)
Liver disease,knowledge_full,9,9,1.0,232.0,256.8888888888889,446.2,0.32151095732410606,1732.0,0.0,0.5555555555555556,1.0,APOC3(467); PNPLA3(441); NOTCH2(383); JAG1(358); GCKR(232)
ICD10:K7,knowledge_full,9,9,1.0,232.0,256.8888888888889,446.2,0.32151095732410606,1732.0,0.0,0.5555555555555556,1.0,APOC3(467); PNPLA3(441); NOTCH2(383); JAG1(358); GCKR(232)
ICD10:K76,knowledge_full,9,9,1.0,232.0,256.8888888888889,446.2,0.32151095732410606,1732.0,0.0,0.5555555555555556,1.0,APOC3(467); PNPLA3(441); NOTCH2(383); JAG1(358); GCKR(232)
ICD10:K769,knowledge_full,9,9,1.0,232.0,256.8888888888889,446.2,0.32151095732410606,1732.0,0.0,0.5555555555555556,1.0,APOC3(467); PNPLA3(441); NOTCH2(383); JAG1(358); GCKR(232)
Diamond-Blackfan anemia,knowledge_full,25,25,1.0,231.0,230.82926829268294,326.0,0.18468960682844365,1735.0,0.0,0.7560975609756098,0.9512195121951219,RPL5(360); RPL5(360); RPL11(354); RPL11(354); GATA1(326)
Pure red-cell aplasia,knowledge_full,25,25,1.0,231.0,230.82926829268294,326.0,0.18468960682844365,1735.0,0.0,0.7560975609756098,0.9512195121951219,RPL5(360); RPL5(360); RPL11(354); RPL11(354); GATA1(326)
Complement deficiency,knowledge_full,8,8,1.0,231.0,327.8888888888889,775.6,0.4275010354305509,1750.0,0.2222222222222222,0.5555555555555556,1.0,CFH(890); C3(747); THBD(348); CD46(253); CFB(231)
Hereditary neuropathy with liability to pressure palsies,knowledge_full,1,1,1.0,231.0,231.0,231.0,0.0,1743.0,0.0,1.0,1.0,PMP22(231)
Dopamine beta-hydroxylase deficiency,knowledge_full,1,1,1.0,231.0,231.0,231.0,0.0,1749.0,0.0,1.0,1.0,DBH(231)
Friedreich ataxia,knowledge_full,1,1,1.0,231.0,231.0,231.0,0.0,1748.0,0.0,1.0,1.0,FXN(231)
ICD10:Q4,knowledge_full,17,17,1.0,230.0,268.1304347826087,531.8000000000002,0.48210320006204127,1752.0,0.13043478260869565,0.5652173913043478,0.8695652173913043,RET(994); RET(994); NRG1(569); NOTCH2(383); JAG1(358)
Hirschsprung's disease,knowledge_full,14,14,1.0,230.0,267.95,611.5000000000006,0.49997200970330286,1752.0,0.15,0.55,0.85,RET(994); RET(994); NRG1(569); ZEB2(350); L1CAM(334)
Megacolon,knowledge_full,14,14,1.0,230.0,267.95,611.5000000000006,0.49997200970330286,1752.0,0.15,0.55,0.85,RET(994); RET(994); NRG1(569); ZEB2(350); L1CAM(334)
ICD10:Q43,knowledge_full,14,14,1.0,230.0,267.95,611.5000000000006,0.49997200970330286,1752.0,0.15,0.55,0.85,RET(994); RET(994); NRG1(569); ZEB2(350); L1CAM(334)
ICD10:Q431,knowledge_full,14,14,1.0,230.0,267.95,611.5000000000006,0.49997200970330286,1752.0,0.15,0.55,0.85,RET(994); RET(994); NRG1(569); ZEB2(350); L1CAM(334)
ICD10:D,knowledge_full,652,650,0.9969325153374233,229.0,634.6579520697168,1503.9,0.6748082228056325,1765.0,0.27342047930283225,0.545751633986928,0.9379084967320261,TP53(11608); TP53(11608); TP53(11608); TP53(11608); TP53(11608)
Long QT syndrome,knowledge_full,16,16,1.0,229.0,313.4516129032258,685.0,0.4015974663625771,1771.0,0.2903225806451613,0.5161290322580645,0.9354838709677419,SCN5A(730); SCN5A(730); KCNH2(685); KCNH2(685); KCNQ1(638)
ICD10:I458,knowledge_full,16,16,1.0,229.0,313.4516129032258,685.0,0.4015974663625771,1771.0,0.2903225806451613,0.5161290322580645,0.9354838709677419,SCN5A(730); SCN5A(730); KCNH2(685); KCNH2(685); KCNQ1(638)
Epidermolysis bullosa,knowledge_full,16,16,1.0,229.0,237.42857142857142,344.0,0.22861870379920926,1785.5,0.0,0.5,0.9285714285714286,DSP(399); ITGA6(365); ITGA6(365); PLEC(335); PLEC(335)
Vesiculobullous skin disease,knowledge_full,16,16,1.0,229.0,237.42857142857142,344.0,0.22861870379920926,1785.5,0.0,0.5,0.9285714285714286,DSP(399); ITGA6(365); ITGA6(365); PLEC(335); PLEC(335)
ICD10:Q81,knowledge_full,16,16,1.0,229.0,237.42857142857142,344.0,0.22861870379920926,1785.5,0.0,0.5,0.9285714285714286,DSP(399); ITGA6(365); ITGA6(365); PLEC(335); PLEC(335)
Greenberg dysplasia,knowledge_full,1,1,1.0,229.0,229.0,229.0,0.0,1770.0,0.0,1.0,1.0,LBR(229)
Hereditary angioedema,knowledge_full,7,7,1.0,228.0,226.57142857142858,375.6,0.3120158529994596,1780.0,0.0,0.5714285714285714,0.8571428571428571,PLG(438); ANGPT1(334); SERPING1(244); F12(228); KNG1(201)
Angioedema,knowledge_full,7,7,1.0,228.0,226.57142857142858,375.6,0.3120158529994596,1780.0,0.0,0.5714285714285714,0.8571428571428571,PLG(438); ANGPT1(334); SERPING1(244); F12(228); KNG1(201)
Reproductive system disease,knowledge_full,99,98,0.98989898989899,227.5,739.877358490566,2218.0,0.6895609689674161,1778.5,0.33962264150943394,0.5283018867924528,0.8773584905660378,TP53(11608); AKT1(3744); STAT3(3689); BRCA1(3448); BRCA1(3448)
FG syndrome,knowledge_full,4,4,1.0,227.5,322.5,568.3000000000001,0.34069767441860466,1849.0,0.25,0.5,1.0,FLNA(697); MED12(268); CASK(187); UPF3B(138)
Nasu-Hakola disease,knowledge_full,2,2,1.0,227.5,227.5,326.3,0.27142857142857135,2780.0,0.0,0.5,1.0,TREM2(351); TYROBP(104)
Citrullinemia,knowledge_full,2,2,1.0,227.5,227.5,267.9,0.11098901098901104,1900.5,0.0,0.5,1.0,SLC25A13(278); ASS1(177)
Intracranial arterial disease,knowledge_full,1,1,1.0,227.0,227.0,227.0,0.0,1789.0,0.0,1.0,1.0,RNF213(227)
Moyamoya disease,knowledge_full,1,1,1.0,227.0,227.0,227.0,0.0,1789.0,0.0,1.0,1.0,RNF213(227)
Cerebral arterial disease,knowledge_full,1,1,1.0,227.0,227.0,227.0,0.0,1789.0,0.0,1.0,1.0,RNF213(227)
ICD10:I675,knowledge_full,1,1,1.0,227.0,227.0,227.0,0.0,1789.0,0.0,1.0,1.0,RNF213(227)
ICD10:Q871,knowledge_full,30,30,1.0,226.0,439.0,898.3000000000004,0.603475583712984,1801.5,0.21875,0.5625,0.96875,KRAS(3044); BRAF(2743); PTPN11(937); ERCC2(920); RAF1(703)
Endocrine gland cancer,knowledge_full,7,7,1.0,226.0,925.4285714285714,2414.800000000002,0.7344418471309487,1799.0,0.2857142857142857,0.5714285714285714,0.8571428571428571,APOE(5224); CALCA(542); CDC73(262); APOA4(226); APCS(113)
ICD10:C759,knowledge_full,7,7,1.0,226.0,925.4285714285714,2414.800000000002,0.7344418471309487,1799.0,0.2857142857142857,0.5714285714285714,0.8571428571428571,APOE(5224); CALCA(542); CDC73(262); APOA4(226); APCS(113)
Apolipoprotein A-II associated Amyloidosis,knowledge_full,5,5,1.0,226.0,1306.6,3444.0000000000005,0.6612582274605847,1799.0,0.4,0.6,1.0,APOE(5224); ACTB(774); APOA4(226); APOA2(196); APCS(113)
Phenylketonuria,knowledge_full,4,4,1.0,226.0,207.4,323.0,0.2800385728061716,1809.0,0.0,0.6,1.0,PAH(323); PAH(323); GCH1(226); PTS(87); QDPR(78)
ICD10:E700,knowledge_full,4,4,1.0,226.0,207.4,323.0,0.2800385728061716,1809.0,0.0,0.6,1.0,PAH(323); PAH(323); GCH1(226); PTS(87); QDPR(78)
"dystonia, DOPA-responsive",knowledge_full,3,3,1.0,226.0,182.66666666666666,250.8,0.23357664233576644,1809.0,0.0,0.6666666666666666,1.0,TH(257); GCH1(226); SPR(65)
Apolipoprotein A-IV associated Amyloidosis,knowledge_full,3,3,1.0,226.0,1854.3333333333333,4224.400000000001,0.6124992510036552,1799.0,0.3333333333333333,0.6666666666666666,1.0,APOE(5224); APOA4(226); APCS(113)
Malignant hyperthermia,knowledge_full,2,2,1.0,225.5,225.5,321.1,0.2649667405764966,2747.0,0.0,0.5,1.0,RYR1(345); CACNA1S(106)
Rheumatic disease,knowledge_full,6,6,1.0,225.0,255.16666666666666,449.0,0.3608752449379491,1999.0,0.16666666666666666,0.5,1.0,PTPN22(589); STAT4(309); IRF5(285); TNFSF4(165); BLK(119)
Systemic scleroderma,knowledge_full,6,6,1.0,225.0,255.16666666666666,449.0,0.3608752449379491,1999.0,0.16666666666666666,0.5,1.0,PTPN22(589); STAT4(309); IRF5(285); TNFSF4(165); BLK(119)
Scleroderma,knowledge_full,6,6,1.0,225.0,255.16666666666666,449.0,0.3608752449379491,1999.0,0.16666666666666666,0.5,1.0,PTPN22(589); STAT4(309); IRF5(285); TNFSF4(165); BLK(119)
ICD10:M34,knowledge_full,6,6,1.0,225.0,255.16666666666666,449.0,0.3608752449379491,1999.0,0.16666666666666666,0.5,1.0,PTPN22(589); STAT4(309); IRF5(285); TNFSF4(165); BLK(119)
ICD10:M340,knowledge_full,6,6,1.0,225.0,255.16666666666666,449.0,0.3608752449379491,1999.0,0.16666666666666666,0.5,1.0,PTPN22(589); STAT4(309); IRF5(285); TNFSF4(165); BLK(119)
myostatin-related muscle hypertrophy,knowledge_full,1,1,1.0,225.0,225.0,225.0,0.0,1826.0,0.0,1.0,1.0,MSTN(225)
Autoimmune polyendocrine syndrome type 1,knowledge_full,1,1,1.0,225.0,225.0,225.0,0.0,1815.0,0.0,1.0,1.0,AIRE(225)
Autoimmune polyendocrine syndrome,knowledge_full,1,1,1.0,225.0,225.0,225.0,0.0,1815.0,0.0,1.0,1.0,AIRE(225)
ICD10:E310,knowledge_full,1,1,1.0,225.0,225.0,225.0,0.0,1815.0,0.0,1.0,1.0,AIRE(225)
Oculopharyngeal muscular dystrophy,knowledge_full,1,1,1.0,224.0,224.0,224.0,0.0,1834.0,0.0,1.0,1.0,PABPN1(224)
Lactose intolerance,knowledge_full,2,2,1.0,223.5,223.5,268.7,0.12639821029082765,1985.0,0.0,0.5,1.0,MCM6(280); LCT(167)
ICD10:E73,knowledge_full,2,2,1.0,223.5,223.5,268.7,0.12639821029082765,1985.0,0.0,0.5,1.0,MCM6(280); LCT(167)
Nevoid basal cell carcinoma syndrome,knowledge_full,2,2,1.0,223.5,223.5,303.1,0.22259507829977632,2429.0,0.0,0.5,1.0,PTCH1(323); SUFU(124)
Cornelia de Lange syndrome,knowledge_full,7,7,1.0,223.0,255.71428571428572,404.80000000000007,0.27533918595371115,1837.0,0.0,0.5714285714285714,1.0,BRD4(511); SMC1A(334); SMC3(289); RAD21(223); NIPBL(194)
Diabetes mellitus,knowledge_full,100,99,0.99,222.0,516.4090909090909,1214.0000000000002,0.6292035307746953,1846.5,0.2878787878787879,0.5151515151515151,0.9166666666666666,IL6(5459); APOE(5224); STAT3(3689); HLA-DRB1(2868); ADIPOQ(2462)
ICD10:E14,knowledge_full,100,99,0.99,222.0,516.4090909090909,1214.0000000000002,0.6292035307746953,1846.5,0.2878787878787879,0.5151515151515151,0.9166666666666666,IL6(5459); APOE(5224); STAT3(3689); HLA-DRB1(2868); ADIPOQ(2462)
Synucleinopathy,knowledge_full,52,51,0.9807692307692307,222.0,446.36507936507934,1083.0000000000005,0.5882526925875313,1850.0,0.23809523809523808,0.5079365079365079,0.9365079365079365,SNCA(2250); SNCA(2250); SNCA(2250); SNCA(2250); MAPT(2219)
Parkinson's disease,knowledge_full,52,51,0.9807692307692307,222.0,423.2950819672131,987.0,0.5749367810290391,1850.0,0.22950819672131148,0.5081967213114754,0.9344262295081968,SNCA(2250); SNCA(2250); SNCA(2250); MAPT(2219); LRRK2(1107)
ICD10:G20,knowledge_full,52,51,0.9807692307692307,222.0,423.2950819672131,987.0,0.5749367810290391,1850.0,0.22950819672131148,0.5081967213114754,0.9344262295081968,SNCA(2250); SNCA(2250); SNCA(2250); MAPT(2219); LRRK2(1107)
Smith-Lemli-Opitz syndrome,knowledge_full,1,1,1.0,222.0,222.0,222.0,0.0,1852.0,0.0,1.0,1.0,DHCR7(222)
Carnitine palmitoyltransferase I deficiency,knowledge_full,1,1,1.0,221.0,221.0,221.0,0.0,1858.0,0.0,1.0,1.0,CPT1A(221)
Familial hemiplegic migraine,knowledge_full,4,4,1.0,220.5,246.25,361.5,0.22055837563451774,2005.0,0.0,0.5,1.0,SCN1A(399); CACNA1A(274); ATP1A2(167); PRRT2(145)
Migraine with aura,knowledge_full,4,4,1.0,220.5,246.25,361.5,0.22055837563451774,2005.0,0.0,0.5,1.0,SCN1A(399); CACNA1A(274); ATP1A2(167); PRRT2(145)
Factor XIII deficiency,knowledge_full,2,2,1.0,220.0,220.0,332.8,0.32045454545454555,3485.0,0.0,0.5,1.0,F13A1(361); F13B(79)
platelet-type bleeding disorder 11,knowledge_full,1,1,1.0,220.0,220.0,220.0,0.0,1866.0,0.0,1.0,1.0,GP6(220)
Hyperostosis,knowledge_full,8,8,1.0,219.5,347.9,828.1999999999999,0.43354412187410174,2155.0,0.2,0.5,1.0,SQSTM1(1046); TNFRSF11B(804); PFN1(351); SOST(330); TNFRSF11A(291)
ICD10:M89,knowledge_full,8,8,1.0,219.5,347.9,828.1999999999999,0.43354412187410174,2155.0,0.2,0.5,1.0,SQSTM1(1046); TNFRSF11B(804); PFN1(351); SOST(330); TNFRSF11A(291)
ICD10:M893,knowledge_full,8,8,1.0,219.5,347.9,828.1999999999999,0.43354412187410174,2155.0,0.2,0.5,1.0,SQSTM1(1046); TNFRSF11B(804); PFN1(351); SOST(330); TNFRSF11A(291)
Gout,knowledge_full,6,6,1.0,219.0,320.1666666666667,624.0,0.4234773555439875,1955.5,0.16666666666666666,0.5,1.0,ABCG2(944); SAA1(304); HPRT1(259); PRPS1(179); SLC2A9(172)
ICD10:M10,knowledge_full,6,6,1.0,219.0,320.1666666666667,624.0,0.4234773555439875,1955.5,0.16666666666666666,0.5,1.0,ABCG2(944); SAA1(304); HPRT1(259); PRPS1(179); SLC2A9(172)
"blepharophimosis, ptosis, and epicanthus inversus syndrome",knowledge_full,1,1,1.0,219.0,219.0,219.0,0.0,1879.0,0.0,1.0,1.0,FOXL2(219)
Greig cephalopolysyndactyly syndrome,knowledge_full,1,1,1.0,217.0,217.0,217.0,0.0,1911.0,0.0,1.0,1.0,GLI3(217)
Pallister-Hall syndrome,knowledge_full,1,1,1.0,217.0,217.0,217.0,0.0,1911.0,0.0,1.0,1.0,GLI3(217)
Steatocystoma multiplex,knowledge_full,1,1,1.0,215.0,215.0,215.0,0.0,1928.0,0.0,1.0,1.0,KRT17(215)
Sebaceous gland disease,knowledge_full,1,1,1.0,215.0,215.0,215.0,0.0,1928.0,0.0,1.0,1.0,KRT17(215)
Arterial calcification of infancy,knowledge_full,2,2,1.0,214.5,214.5,265.3,0.14801864801864806,2161.0,0.0,0.5,1.0,ENPP1(278); ABCC6(151)
Multiple myeloma,knowledge_full,9,9,1.0,214.0,655.1111111111111,1985.4,0.6535881200060305,1935.0,0.3333333333333333,0.5555555555555556,0.7777777777777778,BRAF(2743); CCND1(1796); FGFR3(615); IRF4(256); LIG4(214)
ICD10:C90,knowledge_full,9,9,1.0,214.0,655.1111111111111,1985.4,0.6535881200060305,1935.0,0.3333333333333333,0.5555555555555556,0.7777777777777778,BRAF(2743); CCND1(1796); FGFR3(615); IRF4(256); LIG4(214)
ICD10:C900,knowledge_full,9,9,1.0,214.0,655.1111111111111,1985.4,0.6535881200060305,1935.0,0.3333333333333333,0.5555555555555556,0.7777777777777778,BRAF(2743); CCND1(1796); FGFR3(615); IRF4(256); LIG4(214)
Menkes disease,knowledge_full,1,1,1.0,214.0,214.0,214.0,0.0,1933.0,0.0,1.0,1.0,ATP7A(214)
ICD10:Q8,knowledge_full,106,106,1.0,213.0,353.2631578947368,754.6,0.525641747822647,1950.0,0.21052631578947367,0.5112781954887218,0.924812030075188,KRAS(3044); BRAF(2743); PIK3CA(1717); EZH2(1545); EP300(1392)
Aplastic anemia,knowledge_full,48,48,1.0,213.0,334.9294117647059,354.0,0.5273285906445194,1948.0,0.07058823529411765,0.5529411764705883,0.9647058823529412,BRCA1(3448); BRCA1(3448); BRCA2(2204); BRCA2(2204); RAD51(857)
Congenital hypoplastic anemia,knowledge_full,48,48,1.0,213.0,334.9294117647059,354.0,0.5273285906445194,1948.0,0.07058823529411765,0.5529411764705883,0.9647058823529412,BRCA1(3448); BRCA1(3448); BRCA2(2204); BRCA2(2204); RAD51(857)
ICD10:D61,knowledge_full,48,48,1.0,213.0,334.9294117647059,354.0,0.5273285906445194,1948.0,0.07058823529411765,0.5529411764705883,0.9647058823529412,BRCA1(3448); BRCA1(3448); BRCA2(2204); BRCA2(2204); RAD51(857)
ICD10:D610,knowledge_full,48,48,1.0,213.0,334.9294117647059,354.0,0.5273285906445194,1948.0,0.07058823529411765,0.5529411764705883,0.9647058823529412,BRCA1(3448); BRCA1(3448); BRCA2(2204); BRCA2(2204); RAD51(857)
ICD10:I6,knowledge_full,17,17,1.0,211.0,874.4615384615385,3187.0,0.6888837763222,1993.0,0.3333333333333333,0.5384615384615384,1.0,APOE(5224); APOE(5224); APOE(5224); APP(3187); APP(3187)
ITM2B-related cerebral amyloid angiopathy 2,knowledge_full,13,13,1.0,211.0,868.6923076923077,2680.000000000002,0.6917559550163819,1993.0,0.3076923076923077,0.5384615384615384,1.0,APOE(5224); APP(3187); CLU(652); CST3(646); SDC1(437)
Immunoglobulin Light-chain Amyloidosis,knowledge_full,5,5,1.0,211.0,1305.4,3482.8,0.6735100352382412,1993.0,0.4,0.6,1.0,APOE(5224); FN1(871); HSPG2(211); APCS(113); LAMA1(108)
Schwartz-Jampel syndrome 1,knowledge_full,1,1,1.0,211.0,211.0,211.0,0.0,1993.0,0.0,1.0,1.0,HSPG2(211)
ICD10:Q25,knowledge_full,2,2,1.0,210.5,210.5,290.9,0.23871733966745845,2737.5,0.0,0.5,1.0,ELN(311); TFAP2B(110)
ICD10:D6,knowledge_full,102,101,0.9901960784313726,209.0,298.62745098039215,363.40000000000003,0.5123318985433233,2010.0,0.0915032679738562,0.477124183006536,0.9411764705882353,BRCA1(3448); BRCA1(3448); BRCA2(2204); BRCA2(2204); F5(1343)
Intrinsic cardiomyopathy,knowledge_full,68,67,0.9852941176470589,209.0,273.07272727272726,638.0,0.44793140809520066,2001.0,0.13636363636363635,0.5,0.9090909090909091,LMNA(1073); LMNA(1073); LMNA(1073); SCN5A(730); SCN5A(730)
CHARGE syndrome,knowledge_full,1,1,1.0,209.0,209.0,209.0,0.0,2014.0,0.0,0.0,1.0,CHD7(209)
ICD10:L,knowledge_full,231,230,0.9956709956709957,208.0,489.1751592356688,1119.6999999999998,0.648363426674546,2024.0,0.22929936305732485,0.49363057324840764,0.910828025477707,TNF(6439); APOE(5224); APOE(5224); APOE(5224); MTHFR(3862)
Dermatitis,knowledge_full,19,19,1.0,208.0,238.67741935483872,365.0,0.2418635473843457,2020.0,0.0,0.4838709677419355,0.9354838709677419,FLG(459); DSP(399); ITGA6(365); ITGA6(365); PLEC(335)
ICD10:L3,knowledge_full,19,19,1.0,208.0,238.67741935483872,365.0,0.2418635473843457,2020.0,0.0,0.4838709677419355,0.9354838709677419,FLG(459); DSP(399); ITGA6(365); ITGA6(365); PLEC(335)
ICD10:L30,knowledge_full,19,19,1.0,208.0,238.67741935483872,365.0,0.2418635473843457,2020.0,0.0,0.4838709677419355,0.9354838709677419,FLG(459); DSP(399); ITGA6(365); ITGA6(365); PLEC(335)
ICD10:L309,knowledge_full,19,19,1.0,208.0,238.67741935483872,365.0,0.2418635473843457,2020.0,0.0,0.4838709677419355,0.9354838709677419,FLG(459); DSP(399); ITGA6(365); ITGA6(365); PLEC(335)
Bullous skin disease,knowledge_full,17,17,1.0,208.0,234.58620689655172,341.0,0.23019256210495367,2020.0,0.0,0.4827586206896552,0.9310344827586207,DSP(399); ITGA6(365); ITGA6(365); PLEC(335); PLEC(335)
Hemochromatosis,knowledge_full,5,5,1.0,208.0,352.0,739.5,0.4419191919191919,2021.0,0.16666666666666666,0.3333333333333333,1.0,HFE(1001); HAMP(478); SLC40A1(208); SLC40A1(208); TFR2(123)
African iron overload,knowledge_full,1,1,1.0,208.0,208.0,208.0,0.0,2021.0,0.0,0.0,1.0,SLC40A1(208)
Epidermolysis bullosa dystrophica,knowledge_full,1,1,1.0,208.0,208.0,208.0,0.0,2024.0,0.0,0.0,1.0,COL7A1(208)
Glycogen storage disease II,knowledge_full,1,1,1.0,207.0,207.0,207.0,0.0,2031.0,0.0,0.0,1.0,GAA(207)
Anemia,knowledge_full,95,94,0.9894736842105263,206.0,286.527397260274,357.0,0.5076271960689094,2045.0,0.0821917808219178,0.4589041095890411,0.9383561643835616,BRCA1(3448); BRCA1(3448); BRCA2(2204); BRCA2(2204); HBB(871)
ICD10:D64,knowledge_full,95,94,0.9894736842105263,206.0,286.527397260274,357.0,0.5076271960689094,2045.0,0.0821917808219178,0.4589041095890411,0.9383561643835616,BRCA1(3448); BRCA1(3448); BRCA2(2204); BRCA2(2204); HBB(871)
ICD10:D649,knowledge_full,95,94,0.9894736842105263,206.0,286.527397260274,357.0,0.5076271960689094,2045.0,0.0821917808219178,0.4589041095890411,0.9383561643835616,BRCA1(3448); BRCA1(3448); BRCA2(2204); BRCA2(2204); HBB(871)
Normocytic anemia,knowledge_full,89,88,0.9887640449438202,206.0,286.22627737226276,353.4,0.502680754799587,2045.0,0.072992700729927,0.45985401459854014,0.9416058394160584,BRCA1(3448); BRCA1(3448); BRCA2(2204); BRCA2(2204); HBB(871)
ICD10:H1,knowledge_full,31,30,0.967741935483871,206.0,569.5135135135135,904.3999999999997,0.6835021239918735,2040.0,0.2702702702702703,0.4864864864864865,0.8648648648648649,APOE(5224); APOE(5224); IL1RN(1046); IL1A(1007); HGF(836)
ICD10:H18,knowledge_full,31,30,0.967741935483871,206.0,569.5135135135135,904.3999999999997,0.6835021239918735,2040.0,0.2702702702702703,0.4864864864864865,0.8648648648648649,APOE(5224); APOE(5224); IL1RN(1046); IL1A(1007); HGF(836)
ACTH-independent macronodular adrenal hyperplasia,knowledge_full,7,7,1.0,205.0,358.7142857142857,822.2,0.5069124423963134,2054.0,0.2857142857142857,0.42857142857142855,1.0,APC(1019); GNAS(691); MEN1(387); FH(205); MC2R(97)
Adrenal gland hyperfunction,knowledge_full,7,7,1.0,205.0,358.7142857142857,822.2,0.5069124423963134,2054.0,0.2857142857142857,0.42857142857142855,1.0,APC(1019); GNAS(691); MEN1(387); FH(205); MC2R(97)
Primary hyperaldosteronism,knowledge_full,7,7,1.0,205.0,358.7142857142857,822.2,0.5069124423963134,2054.0,0.2857142857142857,0.42857142857142855,1.0,APC(1019); GNAS(691); MEN1(387); FH(205); MC2R(97)
ICD10:E26,knowledge_full,7,7,1.0,205.0,358.7142857142857,822.2,0.5069124423963134,2054.0,0.2857142857142857,0.42857142857142855,1.0,APC(1019); GNAS(691); MEN1(387); FH(205); MC2R(97)
Multifocal dystonia,knowledge_full,1,1,1.0,205.0,205.0,205.0,0.0,2060.0,0.0,0.0,1.0,PRKRA(205)
Dystonia 16,knowledge_full,1,1,1.0,205.0,205.0,205.0,0.0,2060.0,0.0,0.0,1.0,PRKRA(205)
Fumarase deficiency,knowledge_full,1,1,1.0,205.0,205.0,205.0,0.0,2054.0,0.0,0.0,1.0,FH(205)
Duane-radial ray syndrome,knowledge_full,1,1,1.0,204.0,204.0,204.0,0.0,2077.0,0.0,0.0,1.0,SALL4(204)
Autosomal dominant disease,knowledge_full,476,472,0.9915966386554622,203.5,467.6,829.2000000000005,0.6373590451028966,2081.5,0.21774193548387097,0.4967741935483871,0.9403225806451613,TP53(11608); TP53(11608); APOE(5224); APOE(5224); APOE(5224)
Down syndrome,knowledge_full,7,7,1.0,203.0,1369.5714285714287,4001.8000000000006,0.6574378995365748,2083.0,0.42857142857142855,0.42857142857142855,1.0,APOE(5224); APP(3187); CST3(646); C1QA(203); ABCA3(121)
ICD10:Q90,knowledge_full,7,7,1.0,203.0,1369.5714285714287,4001.8000000000006,0.6574378995365748,2083.0,0.42857142857142855,0.42857142857142855,1.0,APOE(5224); APP(3187); CST3(646); C1QA(203); ABCA3(121)
Marsili syndrome,knowledge_full,1,1,1.0,203.0,203.0,203.0,0.0,2088.0,0.0,0.0,1.0,SCN9A(203)
Paroxysmal extreme pain disorder,knowledge_full,1,1,1.0,203.0,203.0,203.0,0.0,2088.0,0.0,0.0,1.0,SCN9A(203)
Erythromelalgia,knowledge_full,1,1,1.0,203.0,203.0,203.0,0.0,2088.0,0.0,0.0,1.0,SCN9A(203)
ICD10:I73,knowledge_full,1,1,1.0,203.0,203.0,203.0,0.0,2088.0,0.0,0.0,1.0,SCN9A(203)
ICD10:I738,knowledge_full,1,1,1.0,203.0,203.0,203.0,0.0,2088.0,0.0,0.0,1.0,SCN9A(203)
D-bifunctional protein deficiency,knowledge_full,1,1,1.0,203.0,203.0,203.0,0.0,2079.0,0.0,0.0,1.0,HSD17B4(203)
Congenital mirror movement disorder,knowledge_full,3,3,1.0,202.0,404.6666666666667,726.0,0.38550247116968706,2099.0,0.3333333333333333,0.3333333333333333,1.0,RAD51(857); NTN1(202); DCC(155)
Skin disease,knowledge_full,201,200,0.9950248756218906,201.0,503.56716417910445,1111.3000000000002,0.6576848374683092,2112.5,0.23134328358208955,0.48134328358208955,0.9104477611940298,TNF(6439); APOE(5224); APOE(5224); APOE(5224); MTHFR(3862)
ICD10:L2,knowledge_full,201,200,0.9950248756218906,201.0,503.56716417910445,1111.3000000000002,0.6576848374683092,2112.5,0.23134328358208955,0.48134328358208955,0.9104477611940298,TNF(6439); APOE(5224); APOE(5224); APOE(5224); MTHFR(3862)
ICD10:L27,knowledge_full,201,200,0.9950248756218906,201.0,503.56716417910445,1111.3000000000002,0.6576848374683092,2112.5,0.23134328358208955,0.48134328358208955,0.9104477611940298,TNF(6439); APOE(5224); APOE(5224); APOE(5224); MTHFR(3862)
ICD10:L279,knowledge_full,201,200,0.9950248756218906,201.0,503.56716417910445,1111.3000000000002,0.6576848374683092,2112.5,0.23134328358208955,0.48134328358208955,0.9104477611940298,TNF(6439); APOE(5224); APOE(5224); APOE(5224); MTHFR(3862)
ICD10:M8,knowledge_full,24,24,1.0,201.0,515.6538461538462,1157.5,0.5979912904280772,2159.0,0.2692307692307692,0.5,0.9615384615384616,MMP9(3165); MMP2(1976); IGF1R(1269); SQSTM1(1046); IL1A(1007)
Sweat gland disease,knowledge_full,3,3,1.0,201.0,392.0,742.6,0.4427437641723356,2116.0,0.3333333333333333,0.3333333333333333,1.0,PSEN1(878); NCSTN(201); PSENEN(97)
Hidradenitis suppurativa,knowledge_full,3,3,1.0,201.0,392.0,742.6,0.4427437641723356,2116.0,0.3333333333333333,0.3333333333333333,1.0,PSEN1(878); NCSTN(201); PSENEN(97)
Hidradenitis,knowledge_full,3,3,1.0,201.0,392.0,742.6,0.4427437641723356,2116.0,0.3333333333333333,0.3333333333333333,1.0,PSEN1(878); NCSTN(201); PSENEN(97)
ICD10:L73,knowledge_full,3,3,1.0,201.0,392.0,742.6,0.4427437641723356,2116.0,0.3333333333333333,0.3333333333333333,1.0,PSEN1(878); NCSTN(201); PSENEN(97)
ICD10:L732,knowledge_full,3,3,1.0,201.0,392.0,742.6,0.4427437641723356,2116.0,0.3333333333333333,0.3333333333333333,1.0,PSEN1(878); NCSTN(201); PSENEN(97)
Diaphragm disease,knowledge_full,2,2,1.0,200.5,200.5,300.1,0.31047381546134667,3658.5,0.0,0.5,1.0,GATA4(325); ZFPM2(76)
Congenital diaphragmatic hernia,knowledge_full,2,2,1.0,200.5,200.5,300.1,0.31047381546134667,3658.5,0.0,0.5,1.0,GATA4(325); ZFPM2(76)
ICD10:K4,knowledge_full,2,2,1.0,200.5,200.5,300.1,0.31047381546134667,3658.5,0.0,0.5,1.0,GATA4(325); ZFPM2(76)
ICD10:K44,knowledge_full,2,2,1.0,200.5,200.5,300.1,0.31047381546134667,3658.5,0.0,0.5,1.0,GATA4(325); ZFPM2(76)
ICD10:Q790,knowledge_full,2,2,1.0,200.5,200.5,300.1,0.31047381546134667,3658.5,0.0,0.5,1.0,GATA4(325); ZFPM2(76)
Popliteal pterygium syndrome,knowledge_full,1,1,1.0,200.0,200.0,200.0,0.0,2128.0,0.0,0.0,1.0,IRF6(200)
Phagocyte bactericidal dysfunction,knowledge_full,6,6,1.0,199.0,216.72727272727272,372.0,0.3087248322147651,2135.0,0.0,0.36363636363636365,0.9090909090909091,CYBB(372); CYBB(372); CYBA(354); CYBA(354); NCF1(199)
Chronic granulomatous disease,knowledge_full,6,6,1.0,199.0,216.72727272727272,372.0,0.3087248322147651,2135.0,0.0,0.36363636363636365,0.9090909090909091,CYBB(372); CYBB(372); CYBA(354); CYBA(354); NCF1(199)
ICD10:D71,knowledge_full,6,6,1.0,199.0,216.72727272727272,372.0,0.3087248322147651,2135.0,0.0,0.36363636363636365,0.9090909090909091,CYBB(372); CYBB(372); CYBA(354); CYBA(354); NCF1(199)
Diabetes insipidus,knowledge_full,4,4,1.0,199.0,237.28571428571428,333.0,0.1525759009202718,2132.0,0.0,0.42857142857142855,1.0,AVP(333); AVP(333); WFS1(261); AQP2(199); AQP2(199)
ICD10:E232,knowledge_full,4,4,1.0,199.0,237.28571428571428,333.0,0.1525759009202718,2132.0,0.0,0.42857142857142855,1.0,AVP(333); AVP(333); WFS1(261); AQP2(199); AQP2(199)
Nager acrofacial dysostosis,knowledge_full,1,1,1.0,199.0,199.0,199.0,0.0,2141.0,0.0,0.0,1.0,SF3B4(199)
Systemic primary carnitine deficiency disease,knowledge_full,1,1,1.0,199.0,199.0,199.0,0.0,2131.0,0.0,0.0,1.0,SLC22A5(199)
Congenital myopathy 1B,knowledge_full,2,2,1.0,198.0,198.0,315.6,0.3712121212121211,4884.5,0.0,0.5,1.0,RYR1(345); SELENON(51)
Stargardt disease,knowledge_full,2,2,1.0,198.0,198.0,298.0,0.31565656565656575,3796.0,0.0,0.5,1.0,ABCA4(323); ELOVL4(73)
Syndromic microphthalmia 2,knowledge_full,1,1,1.0,198.0,198.0,198.0,0.0,2152.0,0.0,0.0,1.0,BCOR(198)
Donnai-Barrow syndrome,knowledge_full,1,1,1.0,197.0,197.0,197.0,0.0,2157.0,0.0,0.0,1.0,LRP2(197)
Macular degeneration,knowledge_full,38,38,1.0,196.0,384.7719298245614,722.4,0.6153757547251312,2166.0,0.17543859649122806,0.47368421052631576,0.9298245614035088,APOE(5224); TLR4(2775); CFH(890); CFH(890); C3(747)
Age related macular degeneration,knowledge_full,35,35,1.0,196.0,402.52941176470586,747.0,0.6250364142929323,2166.0,0.17647058823529413,0.49019607843137253,0.9215686274509803,APOE(5224); TLR4(2775); CFH(890); CFH(890); C3(747)
Degeneration of macula and posterior pole,knowledge_full,35,35,1.0,196.0,402.52941176470586,747.0,0.6250364142929323,2166.0,0.17647058823529413,0.49019607843137253,0.9215686274509803,APOE(5224); TLR4(2775); CFH(890); CFH(890); C3(747)
ICD10:H353,knowledge_full,35,35,1.0,196.0,402.52941176470586,747.0,0.6250364142929323,2166.0,0.17647058823529413,0.49019607843137253,0.9215686274509803,APOE(5224); TLR4(2775); CFH(890); CFH(890); C3(747)
Autosomal dominant vitreoretinochoroidopathy,knowledge_full,1,1,1.0,196.0,196.0,196.0,0.0,2166.0,0.0,0.0,1.0,BEST1(196)
Hereditary retinal dystrophy,knowledge_full,1,1,1.0,196.0,196.0,196.0,0.0,2166.0,0.0,0.0,1.0,BEST1(196)
ICD10:H355,knowledge_full,1,1,1.0,196.0,196.0,196.0,0.0,2166.0,0.0,0.0,1.0,BEST1(196)
ITM2B-related cerebral amyloid angiopathy 1,knowledge_full,12,12,1.0,195.5,675.5,651.4,0.692326671601283,2216.0,0.25,0.5,1.0,APOE(5224); CLU(652); CST3(646); SDC1(437); SERPINA3(238)
Pseudoachondroplasia,knowledge_full,1,1,1.0,194.0,194.0,194.0,0.0,2209.0,0.0,0.0,1.0,COMP(194)
Hereditary lysozyme Amyloidosis,knowledge_full,1,1,1.0,194.0,194.0,194.0,0.0,2216.0,0.0,0.0,1.0,LYZ(194)
SATB2-associated syndrome,knowledge_full,1,1,1.0,194.0,194.0,194.0,0.0,2206.0,0.0,0.0,1.0,SATB2(194)
Vasculitis,knowledge_full,4,4,1.0,193.5,505.3333333333333,1259.5,0.6433597185576078,3477.0,0.16666666666666666,0.5,1.0,HLA-B(2215); SAA1(304); SAA1(304); ADA2(83); SAA2(63)
Disorder of sexual development,knowledge_full,23,23,1.0,193.0,451.42857142857144,969.2000000000003,0.6298485533453888,2230.0,0.25,0.42857142857142855,0.9285714285714286,AR(2708); AR(2708); NR3C1(1287); CYP19A1(833); WT1(758)
Niemann-Pick disease,knowledge_full,3,3,1.0,193.0,184.66666666666666,249.0,0.16486161251504208,2218.0,0.0,0.3333333333333333,1.0,NPC1(249); NPC1(249); SMPD1(193); SMPD1(193); NPC2(112)
Lipid metabolism disorder,knowledge_full,28,28,1.0,192.0,514.060606060606,937.2,0.6151315084349745,2242.0,0.3333333333333333,0.48484848484848486,0.9696969696969697,APOE(5224); APOA1(1126); APOB(949); APOB(949); LDLR(890)
ICD10:E78,knowledge_full,28,28,1.0,192.0,514.060606060606,937.2,0.6151315084349745,2242.0,0.3333333333333333,0.48484848484848486,0.9696969696969697,APOE(5224); APOA1(1126); APOB(949); APOB(949); LDLR(890)
ICD10:E789,knowledge_full,28,28,1.0,192.0,514.060606060606,937.2,0.6151315084349745,2242.0,0.3333333333333333,0.48484848484848486,0.9696969696969697,APOE(5224); APOA1(1126); APOB(949); APOB(949); LDLR(890)
Osteopetrosis,knowledge_full,13,13,1.0,192.0,288.05,721.0,0.5206474570387085,2790.5,0.2,0.5,0.85,ITGB3(1220); TNFSF11(721); TNFSF11(721); IKBKG(559); MITF(386)
ICD10:Q782,knowledge_full,13,13,1.0,192.0,288.05,721.0,0.5206474570387085,2790.5,0.2,0.5,0.85,ITGB3(1220); TNFSF11(721); TNFSF11(721); IKBKG(559); MITF(386)
Norum disease,knowledge_full,1,1,1.0,192.0,192.0,192.0,0.0,2242.0,0.0,0.0,1.0,LCAT(192)
Hereditary spastic paraplegia 2,knowledge_full,1,1,1.0,192.0,192.0,192.0,0.0,2236.0,0.0,0.0,1.0,PLP1(192)
Pelizaeus-Merzbacher disease,knowledge_full,1,1,1.0,192.0,192.0,192.0,0.0,2236.0,0.0,0.0,1.0,PLP1(192)
Hereditary sensory neuropathy,knowledge_full,8,8,1.0,190.0,280.625,551.4999999999999,0.40417594654788414,2284.0,0.125,0.375,1.0,DNMT1(877); NGF(412); WNK1(219); SCN9A(203); ELP1(177)
Renal coloboma syndrome,knowledge_full,1,1,1.0,190.0,190.0,190.0,0.0,2258.0,0.0,0.0,1.0,PAX2(190)
Common variable immunodeficiency,knowledge_full,13,13,1.0,189.0,510.6923076923077,657.4000000000002,0.579744400801789,2289.0,0.15384615384615385,0.46153846153846156,1.0,NFKB1(3390); PRKCD(718); IL21(415); IKZF1(397); NFKB2(343)
ICD10:D83,knowledge_full,13,13,1.0,189.0,510.6923076923077,657.4000000000002,0.579744400801789,2289.0,0.15384615384615385,0.46153846153846156,1.0,NFKB1(3390); PRKCD(718); IL21(415); IKZF1(397); NFKB2(343)
Mitochondrial DNA depletion syndrome 4b,knowledge_full,3,3,1.0,189.0,214.0,317.0,0.2544132917964694,2278.0,0.0,0.3333333333333333,1.0,POLG(349); TYMP(189); RRM2B(104)
Fibrodysplasia ossificans progressiva,knowledge_full,1,1,1.0,189.0,189.0,189.0,0.0,2275.0,0.0,0.0,1.0,ACVR1(189)
ICD10:M6,knowledge_full,1,1,1.0,189.0,189.0,189.0,0.0,2275.0,0.0,0.0,1.0,ACVR1(189)
ICD10:M61,knowledge_full,1,1,1.0,189.0,189.0,189.0,0.0,2275.0,0.0,0.0,1.0,ACVR1(189)
ICD10:M611,knowledge_full,1,1,1.0,189.0,189.0,189.0,0.0,2275.0,0.0,0.0,1.0,ACVR1(189)
Wolfram syndrome,knowledge_full,2,2,1.0,188.5,188.5,246.5,0.1923076923076923,2779.0,0.0,0.5,1.0,WFS1(261); CISD2(116)
ICD10:D82,knowledge_full,6,6,1.0,187.5,1041.1666666666667,2881.0,0.6523931487113814,3021.0,0.3333333333333333,0.5,0.8333333333333334,STAT3(3689); COMT(2073); WAS(272); ABCB7(103); TBX1(85)
AA Amyloidosis,knowledge_full,6,6,1.0,187.0,1013.0,2764.0,0.7246352966984754,2388.5,0.16666666666666666,0.5,1.0,APOE(5224); SAA1(304); HSPG2(211); MFGE8(163); APCS(113)
Apolipoprotein C-II associated Amyloidosis,knowledge_full,4,4,1.0,187.0,1427.75,3724.600000000001,0.6746191560147085,2441.0,0.25,0.5,1.0,APOE(5224); APOA4(226); APOC2(148); APCS(113)
Gaucher's disease,knowledge_full,2,1,0.5,187.0,187.0,187.0,0.0,2313.0,0.0,0.0,1.0,PSAP(187)
Familial cold autoinflammatory syndrome,knowledge_full,1,1,1.0,187.0,187.0,187.0,0.0,2318.0,0.0,0.0,1.0,PLCG2(187)
Familial cold autoinflammatory syndrome 3,knowledge_full,1,1,1.0,187.0,187.0,187.0,0.0,2318.0,0.0,0.0,1.0,PLCG2(187)
Neurodegeneration with brain iron accumulation 2b,knowledge_full,1,1,1.0,185.0,185.0,185.0,0.0,2345.0,0.0,0.0,1.0,PLA2G6(185)
speech-language disorder-1,knowledge_full,1,1,1.0,184.0,184.0,184.0,0.0,2361.0,0.0,0.0,1.0,FOXP2(184)
Communication disorder,knowledge_full,1,1,1.0,184.0,184.0,184.0,0.0,2361.0,0.0,0.0,1.0,FOXP2(184)
Speech disorder,knowledge_full,1,1,1.0,184.0,184.0,184.0,0.0,2361.0,0.0,0.0,1.0,FOXP2(184)
Mineral metabolism disease,knowledge_full,9,9,1.0,183.5,278.7,654.0,0.447972730534625,2620.0,0.3,0.5,0.9,FGF23(654); FGF23(654); KL(529); ENPP1(278); CP(234)
Nephrogenic diabetes insipidus,knowledge_full,2,2,1.0,183.5,183.5,195.9,0.04223433242506802,2399.5,0.0,0.0,1.0,AQP2(199); AVPR2(168)
ICD10:N25,knowledge_full,2,2,1.0,183.5,183.5,195.9,0.04223433242506802,2399.5,0.0,0.0,1.0,AQP2(199); AVPR2(168)
ICD10:N251,knowledge_full,2,2,1.0,183.5,183.5,195.9,0.04223433242506802,2399.5,0.0,0.0,1.0,AQP2(199); AVPR2(168)
Chronic recurrent multifocal osteomyelitis,knowledge_full,2,2,1.0,183.5,183.5,279.9,0.32833787465940056,4299.5,0.0,0.5,1.0,SAA1(304); SAA2(63)
Lymphoproliferative syndrome,knowledge_full,2,2,1.0,183.5,183.5,279.9,0.32833787465940056,4299.5,0.0,0.5,1.0,SAA1(304); SAA2(63)
Castleman disease,knowledge_full,2,2,1.0,183.5,183.5,279.9,0.32833787465940056,4299.5,0.0,0.5,1.0,SAA1(304); SAA2(63)
Osteomyelitis,knowledge_full,2,2,1.0,183.5,183.5,279.9,0.32833787465940056,4299.5,0.0,0.5,1.0,SAA1(304); SAA2(63)
Fungal infectious disease,knowledge_full,2,2,1.0,183.5,183.5,279.9,0.32833787465940056,4299.5,0.0,0.5,1.0,SAA1(304); SAA2(63)
Schnitzler syndrome,knowledge_full,2,2,1.0,183.5,183.5,279.9,0.32833787465940056,4299.5,0.0,0.5,1.0,SAA1(304); SAA2(63)
Renal cell carcinoma,knowledge_full,2,2,1.0,183.5,183.5,279.9,0.32833787465940056,4299.5,0.0,0.5,1.0,SAA1(304); SAA2(63)
Renal carcinoma,knowledge_full,2,2,1.0,183.5,183.5,279.9,0.32833787465940056,4299.5,0.0,0.5,1.0,SAA1(304); SAA2(63)
Bronchiectasis,knowledge_full,2,2,1.0,183.5,183.5,279.9,0.32833787465940056,4299.5,0.0,0.5,1.0,SAA1(304); SAA2(63)
ICD10:J47,knowledge_full,2,2,1.0,183.5,183.5,279.9,0.32833787465940056,4299.5,0.0,0.5,1.0,SAA1(304); SAA2(63)
ICD10:M86,knowledge_full,2,2,1.0,183.5,183.5,279.9,0.32833787465940056,4299.5,0.0,0.5,1.0,SAA1(304); SAA2(63)
thrombocytopenia-absent radius syndrome,knowledge_full,1,1,1.0,183.0,183.0,183.0,0.0,2384.0,0.0,0.0,1.0,RBM8A(183)
Thyroid gland disease,knowledge_full,26,26,1.0,182.5,306.9736842105263,352.10000000000025,0.6244298057617254,2387.0,0.05263157894736842,0.4473684210526316,0.7894736842105263,APOE(5224); CALCA(542); TSHR(392); TSHR(392); NKX2-1(335)
Congenital hypothyroidism,knowledge_full,20,20,1.0,182.5,170.28125,325.7000000000001,0.3520198660304643,2387.0,0.0,0.4375,0.78125,TSHR(392); TSHR(392); NKX2-1(335); SLC26A4(331); KMT2D(278)
Hypothyroidism,knowledge_full,20,20,1.0,182.5,170.28125,325.7000000000001,0.3520198660304643,2387.0,0.0,0.4375,0.78125,TSHR(392); TSHR(392); NKX2-1(335); SLC26A4(331); KMT2D(278)
ICD10:E0,knowledge_full,20,20,1.0,182.5,170.28125,325.7000000000001,0.3520198660304643,2387.0,0.0,0.4375,0.78125,TSHR(392); TSHR(392); NKX2-1(335); SLC26A4(331); KMT2D(278)
ICD10:E03,knowledge_full,20,20,1.0,182.5,170.28125,325.7000000000001,0.3520198660304643,2387.0,0.0,0.4375,0.78125,TSHR(392); TSHR(392); NKX2-1(335); SLC26A4(331); KMT2D(278)
ICD10:E031,knowledge_full,20,20,1.0,182.5,170.28125,325.7000000000001,0.3520198660304643,2387.0,0.0,0.4375,0.78125,TSHR(392); TSHR(392); NKX2-1(335); SLC26A4(331); KMT2D(278)
ICD10:E039,knowledge_full,20,20,1.0,182.5,170.28125,325.7000000000001,0.3520198660304643,2387.0,0.0,0.4375,0.78125,TSHR(392); TSHR(392); NKX2-1(335); SLC26A4(331); KMT2D(278)
Lissencephaly 1,knowledge_full,4,4,1.0,182.5,215.25,329.20000000000005,0.24593495934959342,2475.0,0.0,0.5,1.0,TUBA1A(379); PAFAH1B1(213); TUBB2B(152); DCX(117)
Charcot-Marie-Tooth disease type 3,knowledge_full,4,4,1.0,182.0,163.25,240.8,0.26837672281776415,2642.0,0.0,0.5,1.0,GJB1(245); PMP22(231); EGR2(133); PRX(44)
Metabolic dysfunction-associated steatotic liver disease,knowledge_full,6,6,1.0,181.5,250.66666666666666,454.0,0.31582446808510634,2673.0,0.0,0.5,1.0,APOC3(467); PNPLA3(441); GCKR(232); TRIB1(131); MBOAT7(128)
Steatotic liver disease,knowledge_full,6,6,1.0,181.5,250.66666666666666,454.0,0.31582446808510634,2673.0,0.0,0.5,1.0,APOC3(467); PNPLA3(441); GCKR(232); TRIB1(131); MBOAT7(128)
ICD10:K70,knowledge_full,6,6,1.0,181.5,250.66666666666666,454.0,0.31582446808510634,2673.0,0.0,0.5,1.0,APOC3(467); PNPLA3(441); GCKR(232); TRIB1(131); MBOAT7(128)
ICD10:K700,knowledge_full,6,6,1.0,181.5,250.66666666666666,454.0,0.31582446808510634,2673.0,0.0,0.5,1.0,APOC3(467); PNPLA3(441); GCKR(232); TRIB1(131); MBOAT7(128)
Ovarian disease,knowledge_full,64,63,0.984375,181.0,724.9076923076923,2009.2000000000007,0.7336645188042714,2407.0,0.3076923076923077,0.49230769230769234,0.8153846153846154,TP53(11608); AKT1(3744); BRCA1(3448); CTNNB1(3354); AR(2708)
Female reproductive system disease,knowledge_full,64,63,0.984375,181.0,724.9076923076923,2009.2000000000007,0.7336645188042714,2407.0,0.3076923076923077,0.49230769230769234,0.8153846153846154,TP53(11608); AKT1(3744); BRCA1(3448); CTNNB1(3354); AR(2708)
Musculoskeletal system cancer,knowledge_full,11,11,1.0,181.0,313.5833333333333,722.0000000000001,0.45581982460802556,2569.5,0.16666666666666666,0.5,0.9166666666666666,COL1A1(856); FUS(747); EWSR1(497); ERG(492); PDGFB(373)
Connective tissue cancer,knowledge_full,11,11,1.0,181.0,313.5833333333333,722.0000000000001,0.45581982460802556,2569.5,0.16666666666666666,0.5,0.9166666666666666,COL1A1(856); FUS(747); EWSR1(497); ERG(492); PDGFB(373)
Sarcoma,knowledge_full,8,8,1.0,181.0,292.375,572.0,0.4399850363403164,2569.5,0.125,0.5,0.875,FUS(747); EWSR1(497); ERG(492); FLI1(221); ETV4(141)
Ewing sarcoma,knowledge_full,8,8,1.0,181.0,292.375,572.0,0.4399850363403164,2569.5,0.125,0.5,0.875,FUS(747); EWSR1(497); ERG(492); FLI1(221); ETV4(141)
Mosaic variegated aneuploidy syndrome,knowledge_full,3,3,1.0,181.0,183.0,281.8,0.2987249544626594,2405.0,0.0,0.3333333333333333,1.0,BUB1B(307); TRIP13(181); CEP57(61)
Chromosome 19p13.13 deletion syndrome,knowledge_full,6,6,1.0,180.5,328.6666666666667,774.5,0.5327924273157539,3441.0,0.3333333333333333,0.5,0.6666666666666666,ABCA1(849); CALR(700); CACNA1A(274); NFIX(87); MAST1(41)
Autonomic nervous system disease,knowledge_full,2,2,1.0,180.5,180.5,198.5,0.06232686980609414,2486.0,0.0,0.0,1.0,SCN9A(203); PHOX2B(158)
ICD10:G90,knowledge_full,2,2,1.0,180.5,180.5,198.5,0.06232686980609414,2486.0,0.0,0.0,1.0,SCN9A(203); PHOX2B(158)
ICD10:Q99,knowledge_full,15,15,1.0,180.0,262.3333333333333,624.3000000000002,0.4973881123817592,2460.5,0.2222222222222222,0.3333333333333333,0.8888888888888888,FMR1(914); WT1(758); SOX9(567); SOX9(567); NR5A1(289)
Buschke-Ollendorff syndrome,knowledge_full,2,2,1.0,180.0,180.0,229.6,0.17222222222222228,2837.5,0.0,0.5,1.0,ASXL1(242); LEMD3(118)
Sjogren-Larsson syndrome,knowledge_full,1,1,1.0,180.0,180.0,180.0,0.0,2426.0,0.0,0.0,1.0,ALDH3A2(180)
ICD10:E3,knowledge_full,199,198,0.9949748743718593,179.5,469.95348837209303,1022.6000000000001,0.6900702973315247,2434.5,0.21705426356589147,0.437984496124031,0.8410852713178295,TP53(11608); IL6(5459); APOE(5224); AKT1(3744); BRCA1(3448)
Colonic disease,knowledge_full,19,19,1.0,179.0,261.96,645.8000000000002,0.5027576729271644,2457.0,0.16,0.48,0.84,RET(994); RET(994); FLNA(697); NRG1(569); ZEB2(350)
Arts syndrome,knowledge_full,1,1,1.0,179.0,179.0,179.0,0.0,2449.0,0.0,0.0,1.0,PRPS1(179)
Phosphoribosylpyrophosphate synthetase superactivity,knowledge_full,1,1,1.0,179.0,179.0,179.0,0.0,2449.0,0.0,0.0,1.0,PRPS1(179)
Alport syndrome,knowledge_full,7,7,1.0,178.0,193.5,247.69999999999982,0.4022222222222222,2468.0,0.1,0.1,0.8,MYH9(695); COL4A5(198); COL4A5(198); ACSL4(186); COL4A3(178)
Griscelli syndrome,knowledge_full,3,3,1.0,178.0,138.0,186.0,0.2254428341384863,2461.0,0.0,0.0,1.0,RAB27A(188); MYO5A(178); MLPH(48)
Riley-Day syndrome,knowledge_full,1,1,1.0,177.0,177.0,177.0,0.0,2480.0,0.0,0.0,1.0,ELP1(177)
Glaucoma,knowledge_full,15,15,1.0,176.0,211.4,453.5999999999999,0.4325449385052034,2519.0,0.13333333333333333,0.4,0.8666666666666667,CYP1B1(591); TBK1(554); TEK(303); OPTN(300); MYOC(280)
ICD10:H40,knowledge_full,15,15,1.0,176.0,211.4,453.5999999999999,0.4325449385052034,2519.0,0.13333333333333333,0.4,0.8666666666666667,CYP1B1(591); TBK1(554); TEK(303); OPTN(300); MYOC(280)
ICD10:H42,knowledge_full,15,15,1.0,176.0,211.4,453.5999999999999,0.4325449385052034,2519.0,0.13333333333333333,0.4,0.8666666666666667,CYP1B1(591); TBK1(554); TEK(303); OPTN(300); MYOC(280)
Bone deterioration disease,knowledge_full,13,13,1.0,176.0,710.4615384615385,1834.6000000000006,0.6227137955158744,2511.0,0.38461538461538464,0.46153846153846156,0.9230769230769231,MMP9(3165); MMP2(1976); IGF1R(1269); IL1A(1007); COL1A1(856)
Bone structure disease,knowledge_full,13,13,1.0,176.0,710.4615384615385,1834.6000000000006,0.6227137955158744,2511.0,0.38461538461538464,0.46153846153846156,0.9230769230769231,MMP9(3165); MMP2(1976); IGF1R(1269); IL1A(1007); COL1A1(856)
Degenerative disc disease,knowledge_full,13,13,1.0,176.0,710.4615384615385,1834.6000000000006,0.6227137955158744,2511.0,0.38461538461538464,0.46153846153846156,0.9230769230769231,MMP9(3165); MMP2(1976); IGF1R(1269); IL1A(1007); COL1A1(856)
ICD10:M5,knowledge_full,13,13,1.0,176.0,710.4615384615385,1834.6000000000006,0.6227137955158744,2511.0,0.38461538461538464,0.46153846153846156,0.9230769230769231,MMP9(3165); MMP2(1976); IGF1R(1269); IL1A(1007); COL1A1(856)
ICD10:M50,knowledge_full,13,13,1.0,176.0,710.4615384615385,1834.6000000000006,0.6227137955158744,2511.0,0.38461538461538464,0.46153846153846156,0.9230769230769231,MMP9(3165); MMP2(1976); IGF1R(1269); IL1A(1007); COL1A1(856)
ICD10:M85,knowledge_full,13,13,1.0,176.0,710.4615384615385,1834.6000000000006,0.6227137955158744,2511.0,0.38461538461538464,0.46153846153846156,0.9230769230769231,MMP9(3165); MMP2(1976); IGF1R(1269); IL1A(1007); COL1A1(856)
ICD10:M859,knowledge_full,13,13,1.0,176.0,710.4615384615385,1834.6000000000006,0.6227137955158744,2511.0,0.38461538461538464,0.46153846153846156,0.9230769230769231,MMP9(3165); MMP2(1976); IGF1R(1269); IL1A(1007); COL1A1(856)
Osteochondritis dissecans,knowledge_full,1,1,1.0,176.0,176.0,176.0,0.0,2511.0,0.0,0.0,1.0,ACAN(176)
Connective tissue disease,knowledge_full,326,324,0.9938650306748467,175.0,458.8270042194093,1037.8999999999996,0.6480459651835682,2528.5,0.2552742616033755,0.46624472573839665,0.8881856540084389,TNF(6439); TNF(6439); IL6(5459); TGFB1(5005); TGFB1(5005)
GM1 gangliosidosis,knowledge_full,1,1,1.0,175.0,175.0,175.0,0.0,2533.0,0.0,0.0,1.0,GLB1(175)
Hepatobiliary disease,knowledge_full,63,63,1.0,174.0,748.9027777777778,2064.3999999999996,0.7274951111605661,2544.0,0.25,0.4583333333333333,0.9027777777777778,TP53(11608); EGFR(6674); BRCA1(3448); KRAS(3044); PTEN(2819)
Bile duct disease,knowledge_full,54,54,1.0,174.0,819.1904761904761,2183.8000000000006,0.7344953676407493,2544.0,0.2857142857142857,0.4444444444444444,0.8888888888888888,TP53(11608); EGFR(6674); BRCA1(3448); KRAS(3044); PTEN(2819)
Biliary tract disease,knowledge_full,54,54,1.0,174.0,819.1904761904761,2183.8000000000006,0.7344953676407493,2544.0,0.2857142857142857,0.4444444444444444,0.8888888888888888,TP53(11608); EGFR(6674); BRCA1(3448); KRAS(3044); PTEN(2819)
ICD10:K8,knowledge_full,54,54,1.0,174.0,819.1904761904761,2183.8000000000006,0.7344953676407493,2544.0,0.2857142857142857,0.4444444444444444,0.8888888888888888,TP53(11608); EGFR(6674); BRCA1(3448); KRAS(3044); PTEN(2819)
ICD10:K83,knowledge_full,54,54,1.0,174.0,819.1904761904761,2183.8000000000006,0.7344953676407493,2544.0,0.2857142857142857,0.4444444444444444,0.8888888888888888,TP53(11608); EGFR(6674); BRCA1(3448); KRAS(3044); PTEN(2819)
ICD10:K839,knowledge_full,54,54,1.0,174.0,819.1904761904761,2183.8000000000006,0.7344953676407493,2544.0,0.2857142857142857,0.4444444444444444,0.8888888888888888,TP53(11608); EGFR(6674); BRCA1(3448); KRAS(3044); PTEN(2819)
Intrahepatic cholestasis of pregnancy,knowledge_full,5,5,1.0,174.0,223.4,344.6,0.24709042076991938,2544.0,0.0,0.4,1.0,ABCC2(361); NR1H4(320); ABCB4(174); ABCB11(172); ATP8B1(90)
beta-ketothiolase deficiency,knowledge_full,1,1,1.0,174.0,174.0,174.0,0.0,2553.0,0.0,0.0,1.0,ACAT1(174)
Trichorhinophalangeal syndrome type II,knowledge_full,3,3,1.0,173.0,179.0,213.0,0.10180012414649282,2562.0,0.0,0.3333333333333333,1.0,RAD21(223); TRPS1(173); EXT1(141)
Adrenoleukodystrophy,knowledge_full,1,1,1.0,173.0,173.0,173.0,0.0,2559.0,0.0,0.0,1.0,ABCD1(173)
ICD10:E713,knowledge_full,1,1,1.0,173.0,173.0,173.0,0.0,2559.0,0.0,0.0,1.0,ABCD1(173)
ICD10:G370,knowledge_full,1,1,1.0,173.0,173.0,173.0,0.0,2559.0,0.0,0.0,1.0,ABCD1(173)
Trichorhinophalangeal syndrome type I,knowledge_full,1,1,1.0,173.0,173.0,173.0,0.0,2562.0,0.0,0.0,1.0,TRPS1(173)
Bone disease,knowledge_full,203,201,0.9901477832512315,172.5,427.99295774647885,856.0,0.6392602012734573,2572.0,0.2535211267605634,0.4647887323943662,0.8838028169014085,TNF(6439); IL6(5459); TGFB1(5005); STAT3(3689); MMP9(3165)
Vitamin D-dependent rickets,knowledge_full,2,2,1.0,172.5,172.5,215.3,0.155072463768116,2900.5,0.0,0.5,1.0,CYP27B1(226); CYP2R1(119)
Chromosome 17q12 deletion syndrome,knowledge_full,2,2,1.0,172.5,172.5,280.9,0.3927536231884059,6069.0,0.0,0.5,0.5,HNF1B(308); LHX1(37)
Endocrine system disease,knowledge_full,193,192,0.9948186528497409,172.0,472.734126984127,1029.8000000000002,0.6950901363827687,2593.0,0.21825396825396826,0.42857142857142855,0.8373015873015873,TP53(11608); IL6(5459); APOE(5224); AKT1(3744); BRCA1(3448)
ICD10:E35,knowledge_full,193,192,0.9948186528497409,172.0,472.734126984127,1029.8000000000002,0.6950901363827687,2593.0,0.21825396825396826,0.42857142857142855,0.8373015873015873,TP53(11608); IL6(5459); APOE(5224); AKT1(3744); BRCA1(3448)
Urea cycle disorder,knowledge_full,6,6,1.0,172.0,177.5,276.5,0.2577464788732395,2591.5,0.0,0.3333333333333333,0.8333333333333334,SLC25A13(278); ARG1(275); ASS1(177); CPS1(167); OTC(131)
Progressive familial intrahepatic cholestasis,knowledge_full,3,3,1.0,172.0,145.33333333333334,173.6,0.12844036697247704,2582.0,0.0,0.0,1.0,ABCB4(174); ABCB11(172); ATP8B1(90)
ICD10:I8,knowledge_full,2,2,1.0,172.0,172.0,276.8,0.3808139534883721,5712.0,0.0,0.5,0.5,TEK(303); ITPKC(41)
Emery-Dreifuss muscular dystrophy,knowledge_full,6,6,1.0,171.0,343.5,1003.1000000000003,0.4388646288209607,2613.5,0.16666666666666666,0.3333333333333333,1.0,LMNA(1073); LMNA(1073); EMD(374); EMD(374); FHL1(179)
Developmental and epileptic encephalopathy 4,knowledge_full,1,1,1.0,171.0,171.0,171.0,0.0,2594.0,0.0,0.0,1.0,STXBP1(171)
Cerebral folate receptor alpha deficiency,knowledge_full,1,1,1.0,171.0,171.0,171.0,0.0,2608.0,0.0,0.0,1.0,FOLR1(171)
ICD10:F,knowledge_full,109,104,0.9541284403669725,170.0,819.780487804878,2735.3999999999987,0.7078546278604911,2614.0,0.3008130081300813,0.4715447154471545,0.9349593495934959,TNF(6439); IL6(5459); APOE(5224); APOE(5224); APOE(5224)
X-linked monogenic disease,knowledge_full,65,64,0.9846153846153847,170.0,326.0128205128205,736.0,0.540309317748462,2631.0,0.21794871794871795,0.3974358974358974,0.9615384615384616,AR(2708); CFTR(1944); FOXP3(1169); FMR1(914); FMR1(914)
Oculocerebrorenal syndrome,knowledge_full,1,1,1.0,170.0,170.0,170.0,0.0,2631.0,0.0,0.0,1.0,OCRL(170)
Thyroid cancer,knowledge_full,6,6,1.0,169.5,1036.0,2883.0,0.7363792363792364,3027.5,0.3333333333333333,0.5,0.8333333333333334,APOE(5224); CALCA(542); APOA4(226); APCS(113); CHGB(80)
Thyroid gland carcinoma,knowledge_full,6,6,1.0,169.5,1036.0,2883.0,0.7363792363792364,3027.5,0.3333333333333333,0.5,0.8333333333333334,APOE(5224); CALCA(542); APOA4(226); APCS(113); CHGB(80)
Thyroid gland medullary carcinoma,knowledge_full,6,6,1.0,169.5,1036.0,2883.0,0.7363792363792364,3027.5,0.3333333333333333,0.5,0.8333333333333334,APOE(5224); CALCA(542); APOA4(226); APCS(113); CHGB(80)
ICD10:C73,knowledge_full,6,6,1.0,169.5,1036.0,2883.0,0.7363792363792364,3027.5,0.3333333333333333,0.5,0.8333333333333334,APOE(5224); CALCA(542); APOA4(226); APCS(113); CHGB(80)
ICD10:D0,knowledge_full,6,6,1.0,169.5,1036.0,2883.0,0.7363792363792364,3027.5,0.3333333333333333,0.5,0.8333333333333334,APOE(5224); CALCA(542); APOA4(226); APCS(113); CHGB(80)
ICD10:D09,knowledge_full,6,6,1.0,169.5,1036.0,2883.0,0.7363792363792364,3027.5,0.3333333333333333,0.5,0.8333333333333334,APOE(5224); CALCA(542); APOA4(226); APCS(113); CHGB(80)
Seasonal affective disorder,knowledge_full,7,6,0.8571428571428571,169.5,254.83333333333334,522.5,0.448332243296272,2751.0,0.16666666666666666,0.3333333333333333,1.0,HTR2A(734); CLOCK(311); PER2(202); CRY2(137); NPAS2(85)
Depressive disorder,knowledge_full,7,6,0.8571428571428571,169.5,254.83333333333334,522.5,0.448332243296272,2751.0,0.16666666666666666,0.3333333333333333,1.0,HTR2A(734); CLOCK(311); PER2(202); CRY2(137); NPAS2(85)
Mood disorder,knowledge_full,7,6,0.8571428571428571,169.5,254.83333333333334,522.5,0.448332243296272,2751.0,0.16666666666666666,0.3333333333333333,1.0,HTR2A(734); CLOCK(311); PER2(202); CRY2(137); NPAS2(85)
ICD10:F3,knowledge_full,7,6,0.8571428571428571,169.5,254.83333333333334,522.5,0.448332243296272,2751.0,0.16666666666666666,0.3333333333333333,1.0,HTR2A(734); CLOCK(311); PER2(202); CRY2(137); NPAS2(85)
ICD10:F32,knowledge_full,7,6,0.8571428571428571,169.5,254.83333333333334,522.5,0.448332243296272,2751.0,0.16666666666666666,0.3333333333333333,1.0,HTR2A(734); CLOCK(311); PER2(202); CRY2(137); NPAS2(85)
ICD10:F33,knowledge_full,7,6,0.8571428571428571,169.5,254.83333333333334,522.5,0.448332243296272,2751.0,0.16666666666666666,0.3333333333333333,1.0,HTR2A(734); CLOCK(311); PER2(202); CRY2(137); NPAS2(85)
ICD10:F39,knowledge_full,7,6,0.8571428571428571,169.5,254.83333333333334,522.5,0.448332243296272,2751.0,0.16666666666666666,0.3333333333333333,1.0,HTR2A(734); CLOCK(311); PER2(202); CRY2(137); NPAS2(85)
Spinocerebellar ataxia type 1,knowledge_full,1,1,1.0,169.0,169.0,169.0,0.0,2638.0,0.0,0.0,1.0,ATXN1(169)
Primary spontaneous pneumothorax,knowledge_full,1,1,1.0,169.0,169.0,169.0,0.0,2642.0,0.0,0.0,1.0,FLCN(169)
Pleural disease,knowledge_full,1,1,1.0,169.0,169.0,169.0,0.0,2642.0,0.0,0.0,1.0,FLCN(169)
Pneumothorax,knowledge_full,1,1,1.0,169.0,169.0,169.0,0.0,2642.0,0.0,0.0,1.0,FLCN(169)
ICD10:J93,knowledge_full,1,1,1.0,169.0,169.0,169.0,0.0,2642.0,0.0,0.0,1.0,FLCN(169)
lymphedema-distichiasis syndrome,knowledge_full,1,1,1.0,169.0,169.0,169.0,0.0,2633.0,0.0,0.0,1.0,FOXC2(169)
Pyruvate decarboxylase deficiency,knowledge_full,5,5,1.0,168.0,148.4,210.4,0.22479784366576822,2662.0,0.0,0.2,1.0,PDHA1(226); PDHB(187); DLAT(168); PDHX(100); PDP1(61)
ICD10:E2,knowledge_full,68,68,1.0,167.5,287.75,675.0999999999998,0.5545446257146228,2679.0,0.125,0.3888888888888889,0.9027777777777778,AR(2708); YAP1(1503); FTO(1049); APC(1019); SOX2(815)
Keratoconus,knowledge_full,19,18,0.9473684210526315,167.5,339.6666666666667,887.3000000000002,0.5231526914549486,2691.0,0.2777777777777778,0.3888888888888889,0.9444444444444444,IL1RN(1046); IL1A(1007); HGF(836); FOXO1(820); ZEB1(654)
ICD10:H186,knowledge_full,19,18,0.9473684210526315,167.5,339.6666666666667,887.3000000000002,0.5231526914549486,2691.0,0.2777777777777778,0.3888888888888889,0.9444444444444444,IL1RN(1046); IL1A(1007); HGF(836); FOXO1(820); ZEB1(654)
Gonadal dysgenesis,knowledge_full,14,14,1.0,167.0,224.0,567.0,0.4718549184379634,2691.0,0.17647058823529413,0.29411764705882354,0.8823529411764706,WT1(758); SOX9(567); SOX9(567); NR5A1(289); NR5A1(289)
ICD10:Q991,knowledge_full,14,14,1.0,167.0,224.0,567.0,0.4718549184379634,2691.0,0.17647058823529413,0.29411764705882354,0.8823529411764706,WT1(758); SOX9(567); SOX9(567); NR5A1(289); NR5A1(289)
ICD10:E722,knowledge_full,7,7,1.0,167.0,161.0,276.2,0.3029534795284573,2685.0,0.0,0.2857142857142857,0.8571428571428571,SLC25A13(278); ARG1(275); ASS1(177); CPS1(167); OTC(131)
ICD10:E744,knowledge_full,6,6,1.0,167.0,151.33333333333334,206.5,0.19970631424375926,2685.5,0.0,0.16666666666666666,1.0,PDHA1(226); PDHB(187); DLAT(168); PC(166); PDHX(100)
proteasome-associated autoinflammatory syndrome 1,knowledge_full,1,1,1.0,167.0,167.0,167.0,0.0,2679.0,0.0,0.0,1.0,PSMB8(167)
proteosome-associated autoinflammatory syndrome,knowledge_full,1,1,1.0,167.0,167.0,167.0,0.0,2679.0,0.0,0.0,1.0,PSMB8(167)
X-linked adrenal hypoplasia congenita,knowledge_full,1,1,1.0,167.0,167.0,167.0,0.0,2691.0,0.0,0.0,1.0,NR0B1(167)
Adrenal cortical hypofunction,knowledge_full,1,1,1.0,167.0,167.0,167.0,0.0,2691.0,0.0,0.0,1.0,NR0B1(167)
Adrenal cortex disease,knowledge_full,1,1,1.0,167.0,167.0,167.0,0.0,2691.0,0.0,0.0,1.0,NR0B1(167)
Carbamoyl phosphate synthetase I deficiency disease,knowledge_full,1,1,1.0,167.0,167.0,167.0,0.0,2685.0,0.0,0.0,1.0,CPS1(167)
Chromosome 1p36 deletion syndrome,knowledge_full,9,9,1.0,166.0,474.0,1164.4000000000003,0.6719279054018857,2707.0,0.2222222222222222,0.3333333333333333,0.8888888888888888,MTOR(2566); CDC42(814); GNB1(287); SKI(168); ECE1(166)
Nephrotic syndrome,knowledge_full,5,5,1.0,166.0,277.6,530.8000000000001,0.3804034582132564,2704.0,0.2,0.2,1.0,WT1(758); PLCE1(190); NPHS2(166); NPHS1(162); LAMB2(112)
Nephrosis,knowledge_full,5,5,1.0,166.0,277.6,530.8000000000001,0.3804034582132564,2704.0,0.2,0.2,1.0,WT1(758); PLCE1(190); NPHS2(166); NPHS1(162); LAMB2(112)
Familial nephrotic syndrome,knowledge_full,5,5,1.0,166.0,277.6,530.8000000000001,0.3804034582132564,2704.0,0.2,0.2,1.0,WT1(758); PLCE1(190); NPHS2(166); NPHS1(162); LAMB2(112)
ICD10:N0,knowledge_full,5,5,1.0,166.0,277.6,530.8000000000001,0.3804034582132564,2704.0,0.2,0.2,1.0,WT1(758); PLCE1(190); NPHS2(166); NPHS1(162); LAMB2(112)
ICD10:N04,knowledge_full,5,5,1.0,166.0,277.6,530.8000000000001,0.3804034582132564,2704.0,0.2,0.2,1.0,WT1(758); PLCE1(190); NPHS2(166); NPHS1(162); LAMB2(112)
Clouston syndrome,knowledge_full,1,1,1.0,166.0,166.0,166.0,0.0,2697.0,0.0,0.0,1.0,GJB6(166)
Glycogen storage disease VII,knowledge_full,1,1,1.0,166.0,166.0,166.0,0.0,2712.0,0.0,0.0,1.0,PFKM(166)
Pyruvate carboxylase deficiency disease,knowledge_full,1,1,1.0,166.0,166.0,166.0,0.0,2709.0,0.0,0.0,1.0,PC(166)
Andersen-Tawil syndrome,knowledge_full,2,2,1.0,165.5,165.5,178.7,0.049848942598187396,2736.0,0.0,0.0,1.0,KCNJ2(182); KCNJ5(149)
purine-pyrimidine metabolic disorder,knowledge_full,5,5,1.0,165.0,169.8,264.4,0.2864546525323911,2738.0,0.0,0.4,0.8,DPYD(268); HPRT1(259); XDH(165); APRT(127); MOCOS(30)
ICD10:E79,knowledge_full,5,5,1.0,165.0,169.8,264.4,0.2864546525323911,2738.0,0.0,0.4,0.8,DPYD(268); HPRT1(259); XDH(165); APRT(127); MOCOS(30)
Myotonic dystrophy type 1,knowledge_full,2,2,1.0,165.0,165.0,173.8,0.03333333333333344,2736.5,0.0,0.0,1.0,DMPK(176); CNBP(154)
Myotonic disease,knowledge_full,2,2,1.0,165.0,165.0,173.8,0.03333333333333344,2736.5,0.0,0.0,1.0,DMPK(176); CNBP(154)
ICD10:G711,knowledge_full,2,2,1.0,165.0,165.0,173.8,0.03333333333333344,2736.5,0.0,0.0,1.0,DMPK(176); CNBP(154)
Subcortical band heterotopia,knowledge_full,2,2,1.0,165.0,165.0,203.4,0.1454545454545455,3013.5,0.0,0.5,1.0,PAFAH1B1(213); DCX(117)
ICD10:Q87,knowledge_full,68,68,1.0,164.0,372.4805194805195,822.8000000000009,0.6074178253669903,2759.0,0.24675324675324675,0.4155844155844156,0.9090909090909091,KRAS(3044); BRAF(2743); PIK3CA(1717); EZH2(1545); EP300(1392)
Hemolytic anemia,knowledge_full,42,41,0.9761904761904762,164.0,206.6153846153846,332.3,0.41227303969299506,2742.0,0.07692307692307693,0.3076923076923077,0.9038461538461539,HBB(871); SLC2A1(790); HBA1(675); G6PD(552); HBA2(340)
Congenital hemolytic anemia,knowledge_full,42,41,0.9761904761904762,164.0,208.86666666666667,333.7,0.424606341100117,2742.0,0.08333333333333333,0.2833333333333333,0.9,HBB(871); HBB(871); SLC2A1(790); HBA1(675); G6PD(552)
Metal metabolism disorder,knowledge_full,18,18,1.0,164.0,258.15,567.8000000000004,0.4871489444121635,2749.0,0.15,0.3,0.95,HFE(1001); PRNP(863); CASR(535); HAMP(478); ATP7B(388)
ICD10:E83,knowledge_full,18,18,1.0,164.0,258.15,567.8000000000004,0.4871489444121635,2749.0,0.15,0.3,0.95,HFE(1001); PRNP(863); CASR(535); HAMP(478); ATP7B(388)
Familial periodic paralysis,knowledge_full,2,2,1.0,164.0,144.66666666666666,164.0,0.08909370199692779,2749.0,0.0,0.0,1.0,SCN4A(164); SCN4A(164); CACNA1S(106)
Medium chain acyl-CoA dehydrogenase deficiency,knowledge_full,1,1,1.0,164.0,164.0,164.0,0.0,2757.0,0.0,0.0,1.0,ACADM(164)
Paramyotonia congenita of Von Eulenburg,knowledge_full,1,1,1.0,164.0,164.0,164.0,0.0,2749.0,0.0,0.0,1.0,SCN4A(164)
Hyperkalemic periodic paralysis,knowledge_full,1,1,1.0,164.0,164.0,164.0,0.0,2749.0,0.0,0.0,1.0,SCN4A(164)
ICD10:Q2,knowledge_full,10,10,1.0,163.0,173.7,312.4,0.3315486470926886,3147.5,0.0,0.5,1.0,GATA4(325); ELN(311); ACTC1(273); NKX2-5(225); GATA6(216)
Medin Amyloidosis,knowledge_full,1,1,1.0,163.0,163.0,163.0,0.0,2784.0,0.0,0.0,1.0,MFGE8(163)
Autosomal recessive spinocerebellar ataxia 8,knowledge_full,1,1,1.0,163.0,163.0,163.0,0.0,2774.0,0.0,0.0,1.0,SYNE1(163)
X-linked recessive disease,knowledge_full,47,46,0.9787234042553191,162.5,273.66,558.3000000000002,0.5147716144120441,2791.0,0.12,0.34,0.98,AR(2708); FOXP3(1169); MECP2(736); FLNA(697); MAOA(651)
ICD10:N,knowledge_full,158,158,1.0,162.0,556.042328042328,1397.2000000000005,0.7272601864388109,2799.0,0.23809523809523808,0.3862433862433862,0.8571428571428571,TP53(11608); TP53(11608); STAT3(3689); BRCA1(3448); CTNNB1(3354)
Proteinuria,knowledge_full,7,7,1.0,162.0,219.28571428571428,417.2000000000002,0.43666821777570963,2797.0,0.14285714285714285,0.14285714285714285,1.0,WT1(758); PLCE1(190); NPHS2(166); NPHS1(162); LAMB2(112)
Progressive myoclonus epilepsy 1A,knowledge_full,1,1,1.0,162.0,162.0,162.0,0.0,2789.0,0.0,0.0,1.0,CSTB(162)
Cardiovascular system disease,knowledge_full,220,216,0.9818181818181818,161.0,289.1675675675676,665.2000000000005,0.5383444177690476,2829.0,0.15945945945945947,0.4297297297297297,0.9081081081081082,CTNNB1(3354); KRAS(3044); BRAF(2743); HLA-B(2215); NOS3(2192)
Familial hypertrophic cardiomyopathy,knowledge_full,19,19,1.0,161.0,199.26315789473685,400.79999999999995,0.4089860149581561,2829.0,0.0,0.42105263157894735,0.8947368421052632,TTN(467); TNNT2(448); TNNI3(389); MYH7(349); TPM1(315)
Hypertrophic cardiomyopathy,knowledge_full,19,19,1.0,161.0,199.26315789473685,400.79999999999995,0.4089860149581561,2829.0,0.0,0.42105263157894735,0.8947368421052632,TTN(467); TNNT2(448); TNNI3(389); MYH7(349); TPM1(315)
ICD10:I,knowledge_full,207,203,0.9806763285024155,160.5,327.68279569892474,652.0,0.5905716695626186,2837.0,0.16666666666666666,0.4274193548387097,0.9086021505376344,APOE(5224); APOE(5224); APOE(5224); APP(3187); APP(3187)
Hereditary sensory and autonomic neuropathy type 2,knowledge_full,4,4,1.0,160.5,154.75,214.2,0.20395799676898219,3063.0,0.0,0.25,1.0,WNK1(219); SCN9A(203); KIF1A(118); RETREG1(79)
Facioscapulohumeral muscular dystrophy,knowledge_full,2,2,1.0,160.5,160.5,173.7,0.051401869158878455,2852.5,0.0,0.0,1.0,SMCHD1(177); DUX4(144)
Alternating hemiplegia of childhood,knowledge_full,2,2,1.0,160.5,160.5,165.7,0.02024922118380057,2819.0,0.0,0.0,1.0,ATP1A2(167); ATP1A3(154)
Hemiplegia,knowledge_full,2,2,1.0,160.5,160.5,165.7,0.02024922118380057,2819.0,0.0,0.0,1.0,ATP1A2(167); ATP1A3(154)
ICD10:G81,knowledge_full,2,2,1.0,160.5,160.5,165.7,0.02024922118380057,2819.0,0.0,0.0,1.0,ATP1A2(167); ATP1A3(154)
ICD10:D8,knowledge_full,47,47,1.0,160.0,368.23214285714283,531.0,0.6027601889890334,2846.5,0.10714285714285714,0.44642857142857145,0.8928571428571429,STAT3(3689); NFKB1(3390); COMT(2073); PRKDC(902); PRKCD(718)
Gangliosidosis,knowledge_full,5,5,1.0,160.0,140.77777777777777,177.4,0.1578531965272296,2833.0,0.0,0.0,1.0,PSAP(187); GLB1(175); GLB1(175); HEXA(160); HEXA(160)
ICD10:E751,knowledge_full,5,5,1.0,160.0,140.77777777777777,177.4,0.1578531965272296,2833.0,0.0,0.0,1.0,PSAP(187); GLB1(175); GLB1(175); HEXA(160); HEXA(160)
Uveal disease,knowledge_full,3,3,1.0,160.0,231.66666666666666,368.0,0.2925659472422062,2849.0,0.0,0.3333333333333333,1.0,PAX6(420); OAT(160); CHM(115)
Spondylocarpotarsal synostosis syndrome,knowledge_full,2,2,1.0,160.0,160.0,239.2,0.30937499999999996,4611.5,0.0,0.5,1.0,FLNB(259); MYH3(61)
Hereditary sensory and autonomic neuropathy type 1A,knowledge_full,1,1,1.0,160.0,160.0,160.0,0.0,2841.0,0.0,0.0,1.0,SPTLC1(160)
Hereditary sensory and autonomic neuropathy type 1,knowledge_full,1,1,1.0,160.0,160.0,160.0,0.0,2841.0,0.0,0.0,1.0,SPTLC1(160)
Holt-Oram syndrome,knowledge_full,1,1,1.0,160.0,160.0,160.0,0.0,2845.0,0.0,0.0,1.0,TBX5(160)
Gyrate atrophy,knowledge_full,1,1,1.0,160.0,160.0,160.0,0.0,2849.0,0.0,0.0,1.0,OAT(160)
Tay-Sachs disease,knowledge_full,1,1,1.0,160.0,160.0,160.0,0.0,2833.0,0.0,0.0,1.0,HEXA(160)
Kleefstra syndrome,knowledge_full,1,1,1.0,159.0,159.0,159.0,0.0,2872.0,0.0,0.0,1.0,EHMT1(159)
Vitelliform macular dystrophy,knowledge_full,2,2,1.0,158.5,158.5,188.5,0.11829652996845419,3049.5,0.0,0.0,1.0,BEST1(196); PRPH2(121)
Cardiomyopathy,knowledge_full,127,123,0.968503937007874,158.0,257.9626168224299,566.400000000001,0.5142931197590314,2885.5,0.10747663551401869,0.42990654205607476,0.9065420560747663,KRAS(3044); BRAF(2743); LMNA(1073); LMNA(1073); LMNA(1073)
ICD10:I42,knowledge_full,127,123,0.968503937007874,158.0,256.25,517.4000000000003,0.5144735996665769,2885.5,0.10377358490566038,0.42924528301886794,0.9056603773584906,KRAS(3044); BRAF(2743); LMNA(1073); LMNA(1073); LMNA(1073)
ICD10:I43,knowledge_full,127,123,0.968503937007874,158.0,256.25,517.4000000000003,0.5144735996665769,2885.5,0.10377358490566038,0.42924528301886794,0.9056603773584906,KRAS(3044); BRAF(2743); LMNA(1073); LMNA(1073); LMNA(1073)
Congenital central hypoventilation syndrome,knowledge_full,1,1,1.0,158.0,158.0,158.0,0.0,2884.0,0.0,0.0,1.0,PHOX2B(158)
Helsmoortel-Van Der Aa Syndrome,knowledge_full,1,1,1.0,158.0,158.0,158.0,0.0,2888.0,0.0,0.0,1.0,ADNP(158)
X-linked severe combined immunodeficiency,knowledge_full,1,1,1.0,158.0,158.0,158.0,0.0,2891.0,0.0,0.0,1.0,IL2RG(158)
Integumentary system disease,knowledge_full,248,247,0.9959677419354839,157.0,446.28395061728395,991.6999999999985,0.672450640678208,2912.5,0.2006172839506173,0.4228395061728395,0.8734567901234568,TNF(6439); APOE(5224); APOE(5224); APOE(5224); MTHFR(3862)
Combined immunodeficiency,knowledge_full,29,29,1.0,157.0,218.73684210526315,360.90000000000015,0.4300314067169849,2905.0,0.07894736842105263,0.42105263157894735,0.868421052631579,PRKDC(902); PIK3R1(872); IKBKB(647); ZAP70(384); PTPRC(351)
ICD10:D81,knowledge_full,25,25,1.0,157.0,205.73529411764707,350.4,0.4105159147290081,2905.0,0.058823529411764705,0.4117647058823529,0.8529411764705882,PRKDC(902); IKBKB(647); ZAP70(384); PTPRC(351); IL7R(349)
Severe combined immunodeficiency,knowledge_full,24,24,1.0,157.0,208.06060606060606,350.6,0.4133411010777745,2905.0,0.06060606060606061,0.42424242424242425,0.8484848484848485,PRKDC(902); IKBKB(647); ZAP70(384); PTPRC(351); IL7R(349)
ICD10:D819,knowledge_full,24,24,1.0,157.0,208.06060606060606,350.6,0.4133411010777745,2905.0,0.06060606060606061,0.42424242424242425,0.8484848484848485,PRKDC(902); IKBKB(647); ZAP70(384); PTPRC(351); IL7R(349)
Fanconi anemia,knowledge_full,23,23,1.0,157.0,431.9318181818182,857.0,0.654848006505465,2905.0,0.13636363636363635,0.36363636363636365,0.9772727272727273,BRCA1(3448); BRCA1(3448); BRCA2(2204); BRCA2(2204); RAD51(857)
Osteoarthritis,knowledge_full,7,7,1.0,157.0,157.14285714285714,277.80000000000007,0.38961038961038963,2909.0,0.0,0.14285714285714285,1.0,NCOA3(435); GDF5(173); DOT1L(164); COL11A1(157); ALDH1A2(71)
Synostosis,knowledge_full,27,27,1.0,156.5,311.3333333333333,729.5,0.48550142755174874,2915.5,0.3333333333333333,0.4722222222222222,0.8888888888888888,FGFR1(758); FGFR1(758); TWIST1(748); TWIST1(748); FGFR2(711)
Liddle syndrome,knowledge_full,2,2,1.0,156.5,156.5,170.5,0.05591054313099031,2946.5,0.0,0.0,1.0,SCNN1B(174); SCNN1G(139)
Sotos syndrome,knowledge_full,1,1,1.0,156.0,156.0,156.0,0.0,2923.0,0.0,0.0,1.0,NSD1(156)
Hailey-Hailey disease,knowledge_full,1,1,1.0,155.0,155.0,155.0,0.0,2931.0,0.0,0.0,1.0,ATP2C1(155)
Pemphigus,knowledge_full,1,1,1.0,155.0,155.0,155.0,0.0,2931.0,0.0,0.0,1.0,ATP2C1(155)
ICD10:L1,knowledge_full,1,1,1.0,155.0,155.0,155.0,0.0,2931.0,0.0,0.0,1.0,ATP2C1(155)
ICD10:L10,knowledge_full,1,1,1.0,155.0,155.0,155.0,0.0,2931.0,0.0,0.0,1.0,ATP2C1(155)
ICD10:Q828,knowledge_full,1,1,1.0,155.0,155.0,155.0,0.0,2931.0,0.0,0.0,1.0,ATP2C1(155)
ICD10:G5,knowledge_full,30,20,0.6666666666666666,154.5,316.4,682.3000000000003,0.6252370417193427,2956.0,0.15,0.3,0.8,GSTM1(2270); COL1A1(856); TTR(663); IL6R(505); TUBB3(374)
Gastrointestinal system disease,knowledge_full,152,152,1.0,154.0,517.6984126984127,1220.2000000000041,0.7215488485865101,2968.0,0.20634920634920634,0.3862433862433862,0.8306878306878307,TP53(11608); EGFR(6674); STAT3(3689); IL10(3485); BRCA1(3448)
Dystonia 12,knowledge_full,1,1,1.0,154.0,154.0,154.0,0.0,2954.0,0.0,0.0,1.0,ATP1A3(154)
Heart septal defect,knowledge_full,8,8,1.0,153.5,164.5,288.59999999999997,0.3415653495440729,3615.0,0.0,0.5,1.0,GATA4(325); ACTC1(273); NKX2-5(225); GATA6(216); CITED2(91)
Atrial heart septal defect,knowledge_full,8,8,1.0,153.5,164.5,288.59999999999997,0.3415653495440729,3615.0,0.0,0.5,1.0,GATA4(325); ACTC1(273); NKX2-5(225); GATA6(216); CITED2(91)
ICD10:Q21,knowledge_full,8,8,1.0,153.5,164.5,288.59999999999997,0.3415653495440729,3615.0,0.0,0.5,1.0,GATA4(325); ACTC1(273); NKX2-5(225); GATA6(216); CITED2(91)
ICD10:Q211,knowledge_full,8,8,1.0,153.5,164.5,288.59999999999997,0.3415653495440729,3615.0,0.0,0.5,1.0,GATA4(325); ACTC1(273); NKX2-5(225); GATA6(216); CITED2(91)
Generalized epilepsy with febrile seizures plus,knowledge_full,7,7,1.0,153.0,155.0,281.4000000000001,0.3931533903884134,2981.0,0.0,0.14285714285714285,0.7142857142857143,SCN1A(399); SCN9A(203); GABRG2(168); SCN2A(153); SCN1B(84)
Idiopathic generalized epilepsy,knowledge_full,7,7,1.0,153.0,155.0,281.4000000000001,0.3931533903884134,2981.0,0.0,0.14285714285714285,0.7142857142857143,SCN1A(399); SCN9A(203); GABRG2(168); SCN2A(153); SCN1B(84)
Episodic ataxia,knowledge_full,5,5,1.0,153.0,149.8,228.4,0.255807743658211,2981.0,0.0,0.2,1.0,CACNA1A(274); SLC1A3(160); SCN2A(153); KCNA1(95); FGF14(67)
ICD10:E23,knowledge_full,35,35,1.0,152.5,203.18421052631578,438.0000000000002,0.4713154145563364,3036.0,0.05263157894736842,0.3157894736842105,0.868421052631579,SOX2(815); FGFR1(758); BMP4(514); GH1(480); PAX6(420)
Intestinal pseudo-obstruction,knowledge_full,5,5,1.0,151.0,238.0,489.80000000000007,0.4618487394957983,3026.0,0.2,0.2,0.8,FLNA(697); MYLK(179); MYH11(151); ACTG2(127); LMOD1(36)
Treacher Collins syndrome,knowledge_full,3,3,1.0,151.0,155.66666666666666,222.2,0.23411848679514632,3025.0,0.0,0.3333333333333333,1.0,TCOF1(240); POLR1C(151); POLR1D(76)
ICD10:Q754,knowledge_full,3,3,1.0,151.0,155.66666666666666,222.2,0.23411848679514632,3025.0,0.0,0.3333333333333333,1.0,TCOF1(240); POLR1C(151); POLR1D(76)
Pseudoxanthoma elasticum,knowledge_full,1,1,1.0,151.0,151.0,151.0,0.0,3020.0,0.0,0.0,1.0,ABCC6(151)
Heart disease,knowledge_full,163,159,0.9754601226993865,149.0,249.39261744966444,628.9000000000001,0.5216826954293079,3076.0,0.12416107382550336,0.39932885906040266,0.8993288590604027,KRAS(3044); BRAF(2743); CAV1(1219); LMNA(1073); LMNA(1073)
ICD10:I5,knowledge_full,163,159,0.9754601226993865,149.0,249.39261744966444,628.9000000000001,0.5216826954293079,3076.0,0.12416107382550336,0.39932885906040266,0.8993288590604027,KRAS(3044); BRAF(2743); CAV1(1219); LMNA(1073); LMNA(1073)
ICD10:I51,knowledge_full,163,159,0.9754601226993865,149.0,249.39261744966444,628.9000000000001,0.5216826954293079,3076.0,0.12416107382550336,0.39932885906040266,0.8993288590604027,KRAS(3044); BRAF(2743); CAV1(1219); LMNA(1073); LMNA(1073)
ICD10:I519,knowledge_full,163,159,0.9754601226993865,149.0,249.39261744966444,628.9000000000001,0.5216826954293079,3076.0,0.12416107382550336,0.39932885906040266,0.8993288590604027,KRAS(3044); BRAF(2743); CAV1(1219); LMNA(1073); LMNA(1073)
ICD10:I4,knowledge_full,147,143,0.9727891156462585,149.0,245.5611510791367,625.0,0.5228528395166854,3076.0,0.11510791366906475,0.39568345323741005,0.89568345323741,KRAS(3044); BRAF(2743); LMNA(1073); LMNA(1073); LMNA(1073)
ICD10:I45,knowledge_full,45,45,1.0,149.0,240.66336633663366,685.0,0.49836517777749717,3076.0,0.18811881188118812,0.3564356435643564,0.8910891089108911,LMNA(1073); SCN5A(730); SCN5A(730); SCN5A(730); SCN5A(730)
Sphingolipidosis,knowledge_full,14,13,0.9285714285714286,149.0,149.65217391304347,237.80000000000004,0.23563145794911958,3064.0,0.0,0.13043478260869565,1.0,GLA(295); NPC1(249); NPC1(249); SMPD1(193); SMPD1(193)
ICD10:E753,knowledge_full,14,13,0.9285714285714286,149.0,149.65217391304347,237.80000000000004,0.23563145794911958,3064.0,0.0,0.13043478260869565,1.0,GLA(295); NPC1(249); NPC1(249); SMPD1(193); SMPD1(193)
ICD10:E80,knowledge_full,12,12,1.0,149.0,320.7692307692308,750.0,0.500571850212138,3077.0,0.23076923076923078,0.38461538461538464,1.0,HFE(1001); UGT1A1(750); UGT1A1(750); CAT(482); ABCC2(361)
Congenital dyserythropoietic anemia,knowledge_full,9,8,0.8888888888888888,149.0,191.53846153846155,210.0,0.4194624652455978,3069.0,0.07692307692307693,0.07692307692307693,0.8461538461538461,HBB(871); RACGAP1(210); RACGAP1(210); KIF23(177); KIF23(177)
ICD10:D644,knowledge_full,9,8,0.8888888888888888,149.0,191.53846153846155,210.0,0.4194624652455978,3069.0,0.07692307692307693,0.07692307692307693,0.8461538461538461,HBB(871); RACGAP1(210); RACGAP1(210); KIF23(177); KIF23(177)
Hereditary elliptocytosis,knowledge_full,8,8,1.0,149.0,147.625,234.2,0.33202794242167655,3116.5,0.0,0.125,0.75,SLC4A1(321); EPB41(197); ACSL4(186); SPTA1(164); SPTB(134)
ICD10:D581,knowledge_full,8,8,1.0,149.0,147.625,234.2,0.33202794242167655,3116.5,0.0,0.125,0.75,SLC4A1(321); EPB41(197); ACSL4(186); SPTA1(164); SPTB(134)
Metachromatic leukodystrophy,knowledge_full,4,4,1.0,149.0,135.66666666666666,187.0,0.19574119574119578,3064.0,0.0,0.0,1.0,PSAP(187); PSAP(187); ARSA(149); ARSA(149); ARSB(85)
Wolff-Parkinson-White syndrome,knowledge_full,1,1,1.0,149.0,149.0,149.0,0.0,3063.0,0.0,0.0,1.0,PRKAG2(149)
ICD10:I456,knowledge_full,1,1,1.0,149.0,149.0,149.0,0.0,3063.0,0.0,0.0,1.0,PRKAG2(149)
Isolated elevated serum creatine phosphokinase levels,knowledge_full,1,1,1.0,149.0,149.0,149.0,0.0,3061.0,0.0,0.0,1.0,CAV3(149)
Alstrom syndrome,knowledge_full,1,1,1.0,149.0,149.0,149.0,0.0,3065.0,0.0,0.0,1.0,ALMS1(149)
ICD10:K,knowledge_full,147,147,1.0,148.0,506.44198895027625,1107.0,0.7289876422607031,3081.0,0.19337016574585636,0.3756906077348066,0.8232044198895028,TP53(11608); EGFR(6674); STAT3(3689); IL10(3485); BRCA1(3448)
Microcephalic osteodysplastic primordial dwarfism type II,knowledge_full,1,1,1.0,148.0,148.0,148.0,0.0,3090.0,0.0,0.0,1.0,PCNT(148)
Disease of mental health,knowledge_full,138,135,0.9782608695652174,147.5,540.474358974359,2073.0,0.6886860046359061,3099.0,0.2564102564102564,0.391025641025641,0.9230769230769231,TNF(6439); APOE(5224); AKT1(3744); APP(3187); HLA-DRB1(2868)
Omenn syndrome,knowledge_full,6,6,1.0,147.0,177.33333333333334,281.5,0.2478070175438596,3148.5,0.0,0.3333333333333333,1.0,IL7R(349); LIG4(214); RAG1(157); CARD11(137); RAG2(105)
GNE myopathy,knowledge_full,1,1,1.0,147.0,147.0,147.0,0.0,3125.0,0.0,0.0,1.0,GNE(147)
Sialuria,knowledge_full,1,1,1.0,147.0,147.0,147.0,0.0,3125.0,0.0,0.0,1.0,GNE(147)
Cutis laxa,knowledge_full,12,12,1.0,146.5,148.91666666666666,210.4,0.23255922402536836,3175.0,0.0,0.16666666666666666,1.0,ELN(311); ATP7A(214); ATP6AP2(178); ALDH18A1(172); ATP6V1A(164)
Wolf-Hirschhorn syndrome,knowledge_full,4,4,1.0,146.5,133.5,190.0,0.2415730337078652,3234.5,0.0,0.0,0.75,NSD2(199); MSX1(169); LETM1(124); CPLX1(42)
ICD10:Q933,knowledge_full,4,4,1.0,146.5,133.5,190.0,0.2415730337078652,3234.5,0.0,0.0,0.75,NSD2(199); MSX1(169); LETM1(124); CPLX1(42)
ICD10:D5,knowledge_full,27,27,1.0,146.0,241.09677419354838,675.0,0.4823085621552565,3140.0,0.12903225806451613,0.3548387096774194,0.9032258064516129,CFH(890); HBB(871); C3(747); HBA1(675); ATRX(364)
Vitamin B12 deficiency,knowledge_full,1,1,1.0,146.0,146.0,146.0,0.0,3140.0,0.0,0.0,1.0,TCN2(146)
Transcobalamin II deficiency,knowledge_full,1,1,1.0,146.0,146.0,146.0,0.0,3140.0,0.0,0.0,1.0,TCN2(146)
ICD10:D51,knowledge_full,1,1,1.0,146.0,146.0,146.0,0.0,3140.0,0.0,0.0,1.0,TCN2(146)
ICD10:D512,knowledge_full,1,1,1.0,146.0,146.0,146.0,0.0,3140.0,0.0,0.0,1.0,TCN2(146)
ICD10:E5,knowledge_full,1,1,1.0,146.0,146.0,146.0,0.0,3140.0,0.0,0.0,1.0,TCN2(146)
ICD10:E53,knowledge_full,1,1,1.0,146.0,146.0,146.0,0.0,3140.0,0.0,0.0,1.0,TCN2(146)
ICD10:E538,knowledge_full,1,1,1.0,146.0,146.0,146.0,0.0,3140.0,0.0,0.0,1.0,TCN2(146)
Gamstorp-Wohlfart syndrome,knowledge_full,1,1,1.0,146.0,146.0,146.0,0.0,3132.0,0.0,0.0,1.0,HINT1(146)
ICD10:Q75,knowledge_full,29,29,1.0,145.0,267.5483870967742,711.0,0.49644126729777455,3176.0,0.25806451612903225,0.41935483870967744,0.9032258064516129,FGFR1(758); TWIST1(748); FGFR2(711); FGFR2(711); TGFBR2(622)
Autosomal dominant intellectual developmental disorder,knowledge_full,18,18,1.0,144.5,216.05555555555554,501.8,0.41511671095111574,3188.5,0.1111111111111111,0.3333333333333333,1.0,SMARCA4(756); SMARCB1(527); ARID1A(491); SOX4(274); SMARCC2(238)
Exostosis,knowledge_full,2,2,1.0,144.5,144.5,148.0,0.01211072664359869,3189.5,0.0,0.0,1.0,EXT2(148); EXT2(148); EXT1(141); EXT1(141)
Hereditary multiple exostoses,knowledge_full,2,2,1.0,144.5,144.5,148.0,0.01211072664359869,3189.5,0.0,0.0,1.0,EXT2(148); EXT2(148); EXT1(141); EXT1(141)
ICD10:M2,knowledge_full,2,2,1.0,144.5,144.5,148.0,0.01211072664359869,3189.5,0.0,0.0,1.0,EXT2(148); EXT2(148); EXT1(141); EXT1(141)
ICD10:M25,knowledge_full,2,2,1.0,144.5,144.5,148.0,0.01211072664359869,3189.5,0.0,0.0,1.0,EXT2(148); EXT2(148); EXT1(141); EXT1(141)
ICD10:M257,knowledge_full,2,2,1.0,144.5,144.5,148.0,0.01211072664359869,3189.5,0.0,0.0,1.0,EXT2(148); EXT2(148); EXT1(141); EXT1(141)
ICD10:Q786,knowledge_full,2,2,1.0,144.5,144.5,148.0,0.01211072664359869,3189.5,0.0,0.0,1.0,EXT2(148); EXT2(148); EXT1(141); EXT1(141)
Acrocallosal syndrome,knowledge_full,2,2,1.0,144.5,144.5,202.5,0.25086505190311414,4298.5,0.0,0.5,1.0,GLI3(217); KIF7(72)
Cognitive disorder,knowledge_full,39,36,0.9230769230769231,143.0,825.8205128205128,2280.2000000000003,0.6837994288548516,3232.0,0.358974358974359,0.41025641025641024,0.9230769230769231,APOE(5224); AKT1(3744); APP(3187); SLC6A4(2401); SNCA(2250)
hemolytic-uremic syndrome,knowledge_full,11,11,1.0,143.0,270.72727272727275,747.0,0.5032663776787349,3244.0,0.18181818181818182,0.45454545454545453,1.0,CFH(890); C3(747); THBD(348); CD46(253); CFB(231)
ICD10:D59,knowledge_full,11,11,1.0,143.0,270.72727272727275,747.0,0.5032663776787349,3244.0,0.18181818181818182,0.45454545454545453,1.0,CFH(890); C3(747); THBD(348); CD46(253); CFB(231)
ICD10:D593,knowledge_full,11,11,1.0,143.0,270.72727272727275,747.0,0.5032663776787349,3244.0,0.18181818181818182,0.45454545454545453,1.0,CFH(890); C3(747); THBD(348); CD46(253); CFB(231)
Neonatal period electroclinical syndrome,knowledge_full,2,2,1.0,143.0,143.0,179.0,0.1573426573426573,3627.0,0.0,0.0,1.0,KCNQ2(188); KCNQ3(98)
Benign neonatal seizures,knowledge_full,2,2,1.0,143.0,143.0,179.0,0.1573426573426573,3627.0,0.0,0.0,1.0,KCNQ2(188); KCNQ3(98)
Pyruvate kinase deficiency of red cells,knowledge_full,1,1,1.0,143.0,143.0,143.0,0.0,3233.0,0.0,0.0,1.0,PKLR(143)
Congenital nonspherocytic hemolytic anemia,knowledge_full,1,1,1.0,143.0,143.0,143.0,0.0,3233.0,0.0,0.0,1.0,PKLR(143)
Complement factor I deficiency,knowledge_full,1,1,1.0,143.0,143.0,143.0,0.0,3244.0,0.0,0.0,1.0,CFI(143)
Dent disease,knowledge_full,2,2,1.0,142.5,142.5,164.5,0.09649122807017552,3408.0,0.0,0.0,1.0,OCRL(170); CLCN5(115)
Progressive myoclonus epilepsy 4,knowledge_full,1,1,1.0,142.0,142.0,142.0,0.0,3257.0,0.0,0.0,1.0,SCARB2(142)
Developmental and epileptic encephalopathy,knowledge_full,29,29,1.0,141.0,145.90322580645162,259.0,0.3045937252608531,3282.0,0.0,0.16129032258064516,1.0,SCN1A(399); SMC1A(334); WWOX(329); KARS1(259); AIMP1(216)
Craniosynostosis,knowledge_full,26,26,1.0,141.0,279.5357142857143,711.0,0.4982888901056781,3285.0,0.2857142857142857,0.42857142857142855,0.8928571428571429,FGFR1(758); TWIST1(748); FGFR2(711); FGFR2(711); TGFBR2(622)
ICD10:Q750,knowledge_full,26,26,1.0,141.0,279.5357142857143,711.0,0.4982888901056781,3285.0,0.2857142857142857,0.42857142857142855,0.8928571428571429,FGFR1(758); TWIST1(748); FGFR2(711); FGFR2(711); TGFBR2(622)
Developmental and epileptic encephalopathy 14,knowledge_full,25,25,1.0,141.0,151.52,301.0000000000001,0.32810982048574444,3275.0,0.0,0.2,1.0,SCN1A(399); SMC1A(334); WWOX(329); KARS1(259); AIMP1(216)
Spinal muscular atrophy,knowledge_full,15,15,1.0,141.0,391.1333333333333,671.3999999999999,0.629646042838475,3276.0,0.13333333333333333,0.4,0.9333333333333333,AR(2708); HSPB1(807); SMN1(468); DYNC1H1(361); UBA1(343)
ICD10:G129,knowledge_full,15,15,1.0,141.0,391.1333333333333,671.3999999999999,0.629646042838475,3276.0,0.13333333333333333,0.4,0.9333333333333333,AR(2708); HSPB1(807); SMN1(468); DYNC1H1(361); UBA1(343)
Childhood electroclinical syndrome,knowledge_full,12,12,1.0,141.0,148.76923076923077,203.80000000000004,0.281282316442606,3282.0,0.0,0.15384615384615385,0.9230769230769231,SCN1A(399); DNM1(212); STXBP1(171); GABRG2(168); GABRA1(157)
Childhood absence epilepsy,knowledge_full,5,5,1.0,141.0,123.8,163.6,0.20420032310177713,3282.0,0.0,0.0,0.8,GABRG2(168); GABRA1(157); GABRB3(141); CACNA1H(129); JRK(24)
Developmental and epileptic encephalopathy 2,knowledge_full,1,1,1.0,141.0,141.0,141.0,0.0,3275.0,0.0,0.0,1.0,CDKL5(141)
Cerebrovascular disease,knowledge_full,4,4,1.0,140.5,148.75,202.10000000000002,0.17941176470588238,3304.0,0.0,0.25,1.0,RNF213(227); KRIT1(144); PDCD10(137); CCM2(87)
ICD10:I67,knowledge_full,4,4,1.0,140.5,148.75,202.10000000000002,0.17941176470588238,3304.0,0.0,0.25,1.0,RNF213(227); KRIT1(144); PDCD10(137); CCM2(87)
ICD10:I679,knowledge_full,4,4,1.0,140.5,148.75,202.10000000000002,0.17941176470588238,3304.0,0.0,0.25,1.0,RNF213(227); KRIT1(144); PDCD10(137); CCM2(87)
Autosomal recessive cerebellar ataxia,knowledge_full,9,9,1.0,140.0,423.77777777777777,1386.4,0.5920293654955427,3318.0,0.2222222222222222,0.3333333333333333,0.8888888888888888,ATM(1572); XRCC1(1340); FXN(231); SYNE1(163); SETX(140)
Complement component 2 deficiency,knowledge_full,1,1,1.0,140.0,140.0,140.0,0.0,3324.0,0.0,0.0,1.0,C2(140)
Mitochondrial DNA depletion syndrome 7,knowledge_full,1,1,1.0,140.0,140.0,140.0,0.0,3323.0,0.0,0.0,1.0,TWNK(140)
Chronic pulmonary heart disease,knowledge_full,10,10,1.0,139.5,289.5,600.6999999999998,0.5346113989637306,3344.0,0.2,0.3,0.9,CAV1(1219); ENG(532); BMPR2(348); ACVRL1(195); EIF2AK4(144)
Primary pulmonary hypertension,knowledge_full,10,10,1.0,139.5,289.5,600.6999999999998,0.5346113989637306,3344.0,0.2,0.3,0.9,CAV1(1219); ENG(532); BMPR2(348); ACVRL1(195); EIF2AK4(144)
Congestive heart failure,knowledge_full,10,10,1.0,139.5,289.5,600.6999999999998,0.5346113989637306,3344.0,0.2,0.3,0.9,CAV1(1219); ENG(532); BMPR2(348); ACVRL1(195); EIF2AK4(144)
Cor pulmonale,knowledge_full,10,10,1.0,139.5,289.5,600.6999999999998,0.5346113989637306,3344.0,0.2,0.3,0.9,CAV1(1219); ENG(532); BMPR2(348); ACVRL1(195); EIF2AK4(144)
ICD10:I2,knowledge_full,10,10,1.0,139.5,289.5,600.6999999999998,0.5346113989637306,3344.0,0.2,0.3,0.9,CAV1(1219); ENG(532); BMPR2(348); ACVRL1(195); EIF2AK4(144)
ICD10:I27,knowledge_full,10,10,1.0,139.5,289.5,600.6999999999998,0.5346113989637306,3344.0,0.2,0.3,0.9,CAV1(1219); ENG(532); BMPR2(348); ACVRL1(195); EIF2AK4(144)
ICD10:I270,knowledge_full,10,10,1.0,139.5,289.5,600.6999999999998,0.5346113989637306,3344.0,0.2,0.3,0.9,CAV1(1219); ENG(532); BMPR2(348); ACVRL1(195); EIF2AK4(144)
ICD10:I279,knowledge_full,10,10,1.0,139.5,289.5,600.6999999999998,0.5346113989637306,3344.0,0.2,0.3,0.9,CAV1(1219); ENG(532); BMPR2(348); ACVRL1(195); EIF2AK4(144)
ICD10:I50,knowledge_full,10,10,1.0,139.5,289.5,600.6999999999998,0.5346113989637306,3344.0,0.2,0.3,0.9,CAV1(1219); ENG(532); BMPR2(348); ACVRL1(195); EIF2AK4(144)
ICD10:I500,knowledge_full,10,10,1.0,139.5,289.5,600.6999999999998,0.5346113989637306,3344.0,0.2,0.3,0.9,CAV1(1219); ENG(532); BMPR2(348); ACVRL1(195); EIF2AK4(144)
Interstitial lung disease 1,knowledge_full,25,25,1.0,139.0,647.32,2172.6000000000004,0.708303775566953,3345.0,0.24,0.4,0.92,TGFB1(5005); HLA-DRB1(2868); MAPT(2219); TERT(2103); TLR3(749)
Interstitial lung disease,knowledge_full,25,25,1.0,139.0,647.32,2172.6000000000004,0.708303775566953,3345.0,0.24,0.4,0.92,TGFB1(5005); HLA-DRB1(2868); MAPT(2219); TERT(2103); TLR3(749)
Pachyonychia congenita,knowledge_full,5,5,1.0,139.0,131.4,189.0,0.22770167427701668,3343.0,0.0,0.2,1.0,KRT17(215); KRT16(150); KRT6A(139); KRT6B(100); KRT6C(53)
megacystis-microcolon-intestinal hypoperistalsis syndrome,knowledge_full,4,4,1.0,139.0,123.25,170.6,0.22971602434077076,3371.5,0.0,0.0,0.75,MYLK(179); MYH11(151); ACTG2(127); LMOD1(36)
Frontotemporal dementia and/or amyotrophic lateral sclerosis 7,knowledge_full,1,1,1.0,139.0,139.0,139.0,0.0,3350.0,0.0,0.0,1.0,CHMP2B(139)
Myotonia congenita,knowledge_full,1,1,1.0,139.0,139.0,139.0,0.0,3340.0,0.0,0.0,1.0,CLCN1(139)
Hereditary ataxia,knowledge_full,56,55,0.9821428571428571,138.0,213.32258064516128,366.99999999999994,0.5054584567055117,3378.0,0.06451612903225806,0.2903225806451613,0.8709677419354839,ATM(1572); XRCC1(1340); FMR1(914); STUB1(671); TBP(424)
GM2 gangliosidosis,knowledge_full,3,3,1.0,138.0,121.66666666666667,155.6,0.1698630136986301,3390.0,0.0,0.0,1.0,HEXA(160); HEXB(138); GM2A(67)
ICD10:E750,knowledge_full,3,3,1.0,138.0,121.66666666666667,155.6,0.1698630136986301,3390.0,0.0,0.0,1.0,HEXA(160); HEXB(138); GM2A(67)
Sandhoff disease,knowledge_full,1,1,1.0,138.0,138.0,138.0,0.0,3390.0,0.0,0.0,1.0,HEXB(138)
Leri-Weill dyschondrosteosis,knowledge_full,1,1,1.0,138.0,138.0,138.0,0.0,3384.0,0.0,0.0,1.0,SHOX(138)
Turner syndrome,knowledge_full,1,1,1.0,138.0,138.0,138.0,0.0,3384.0,0.0,0.0,1.0,SHOX(138)
ICD10:Q96,knowledge_full,1,1,1.0,138.0,138.0,138.0,0.0,3384.0,0.0,0.0,1.0,SHOX(138)
ICD10:Q960,knowledge_full,1,1,1.0,138.0,138.0,138.0,0.0,3384.0,0.0,0.0,1.0,SHOX(138)
Aromatic L-amino acid decarboxylase deficiency,knowledge_full,1,1,1.0,138.0,138.0,138.0,0.0,3381.0,0.0,0.0,1.0,DDC(138)
Very long chain acyl-CoA dehydrogenase deficiency,knowledge_full,1,1,1.0,138.0,138.0,138.0,0.0,3385.0,0.0,0.0,1.0,ACADVL(138)
Choroid disease,knowledge_full,2,2,1.0,137.5,137.5,155.5,0.08181818181818179,3503.0,0.0,0.0,1.0,OAT(160); CHM(115)
ICD10:H31,knowledge_full,2,2,1.0,137.5,137.5,155.5,0.08181818181818179,3503.0,0.0,0.0,1.0,OAT(160); CHM(115)
ICD10:H319,knowledge_full,2,2,1.0,137.5,137.5,155.5,0.08181818181818179,3503.0,0.0,0.0,1.0,OAT(160); CHM(115)
Pervasive developmental disorder,knowledge_full,40,40,1.0,137.0,236.390243902439,420.0,0.5836143462548946,3426.0,0.07317073170731707,0.21951219512195122,0.926829268292683,PTEN(2819); MECP2(736); MECP2(736); EIF4E(504); UBE3A(420)
ICD10:F8,knowledge_full,40,40,1.0,137.0,236.390243902439,420.0,0.5836143462548946,3426.0,0.07317073170731707,0.21951219512195122,0.926829268292683,PTEN(2819); MECP2(736); MECP2(736); EIF4E(504); UBE3A(420)
ICD10:F84,knowledge_full,40,40,1.0,137.0,236.390243902439,420.0,0.5836143462548946,3426.0,0.07317073170731707,0.21951219512195122,0.926829268292683,PTEN(2819); MECP2(736); MECP2(736); EIF4E(504); UBE3A(420)
Cerebral cavernous malformation,knowledge_full,3,3,1.0,137.0,122.66666666666667,142.6,0.10326086956521745,3402.0,0.0,0.0,1.0,KRIT1(144); PDCD10(137); CCM2(87)
White-Sutton syndrome,knowledge_full,1,1,1.0,137.0,137.0,137.0,0.0,3426.0,0.0,0.0,1.0,POGZ(137)
ankyrin-B-related cardiac arrhythmia,knowledge_full,1,1,1.0,137.0,137.0,137.0,0.0,3416.0,0.0,0.0,1.0,ANK2(137)
Baller-Gerold syndrome,knowledge_full,1,1,1.0,137.0,137.0,137.0,0.0,3394.0,0.0,0.0,1.0,RECQL4(137)
Rapadilino syndrome,knowledge_full,1,1,1.0,137.0,137.0,137.0,0.0,3394.0,0.0,0.0,1.0,RECQL4(137)
Rothmund-Thomson syndrome,knowledge_full,1,1,1.0,137.0,137.0,137.0,0.0,3394.0,0.0,0.0,1.0,RECQL4(137)
X-linked dominant disease,knowledge_full,15,15,1.0,136.5,260.8125,697.0,0.4989665708123652,3415.5,0.1875,0.375,1.0,FMR1(914); FLNA(697); FLNA(697); ATRX(364); LAMP2(277)
Musculoskeletal system disease,knowledge_full,574,555,0.9668989547038328,136.0,326.8375,721.5000000000001,0.6413669401574759,3438.0,0.15,0.3613636363636364,0.8829545454545454,TNF(6439); TNF(6439); IL6(5459); APOE(5224); TGFB1(5005)
Autosomal genetic disease,knowledge_full,934,927,0.9925053533190579,135.5,327.6082644628099,676.4000000000019,0.6480985330883943,3460.0,0.14132231404958678,0.3537190082644628,0.8727272727272727,TP53(11608); TP53(11608); APOE(5224); APOE(5224); APOE(5224)
Familial atrial fibrillation,knowledge_full,21,21,1.0,135.0,230.65714285714284,666.2,0.5232114101679319,3479.0,0.17142857142857143,0.2857142857142857,0.8285714285714286,LMNA(1073); SCN5A(730); SCN5A(730); KCNH2(685); KCNQ1(638)
Atrial fibrillation,knowledge_full,21,21,1.0,135.0,230.65714285714284,666.2,0.5232114101679319,3479.0,0.17142857142857143,0.2857142857142857,0.8285714285714286,LMNA(1073); SCN5A(730); SCN5A(730); KCNH2(685); KCNQ1(638)
Phelan-McDermid syndrome,knowledge_full,2,2,1.0,135.0,135.0,160.6,0.11851851851851847,3692.0,0.0,0.0,1.0,SHANK3(167); ABCB7(103)
Hypokalemic periodic paralysis,knowledge_full,2,2,1.0,135.0,135.0,158.2,0.1074074074074074,3658.5,0.0,0.0,1.0,SCN4A(164); CACNA1S(106)
Prolidase deficiency,knowledge_full,1,1,1.0,135.0,135.0,135.0,0.0,3486.0,0.0,0.0,1.0,PEPD(135)
Neuronal ceroid lipofuscinosis 3,knowledge_full,1,1,1.0,135.0,135.0,135.0,0.0,3470.0,0.0,0.0,1.0,CLN3(135)
Lipodystrophy,knowledge_full,13,13,1.0,134.0,443.7647058823529,1219.0,0.6186763146403843,3497.0,0.23529411764705882,0.35294117647058826,1.0,PPARG(2273); CAV1(1219); CAV1(1219); LMNA(1073); AKT2(392)
ICD10:D58,knowledge_full,9,9,1.0,134.0,151.69230769230768,296.2000000000001,0.32290528943672964,3491.0,0.0,0.15384615384615385,0.8461538461538461,SLC4A1(321); SLC4A1(321); EPB41(197); ACSL4(186); SPTA1(164)
Autosomal dominant distal hereditary motor neuronopathy,knowledge_full,7,7,1.0,134.0,197.85714285714286,433.2000000000002,0.5619391438886023,3497.0,0.14285714285714285,0.14285714285714285,0.8571428571428571,HSPB1(807); GARS1(184); HSPB8(141); BSCL2(134); FBXO38(52)
Congenital generalized lipodystrophy,knowledge_full,6,6,1.0,134.0,328.6,1219.0,0.5872793670115641,3497.0,0.2,0.2,1.0,CAV1(1219); CAV1(1219); CAVIN1(161); CAVIN1(161); BSCL2(134)
Complete generalized lipodystrophy,knowledge_full,6,6,1.0,134.0,328.6,1219.0,0.5872793670115641,3497.0,0.2,0.2,1.0,CAV1(1219); CAV1(1219); CAVIN1(161); CAVIN1(161); BSCL2(134)
Hereditary spherocytosis,knowledge_full,5,5,1.0,134.0,158.2,258.20000000000005,0.29785082174462707,3491.0,0.0,0.2,1.0,SLC4A1(321); SPTA1(164); SPTB(134); ANK1(127); EPB42(45)
ICD10:D580,knowledge_full,5,5,1.0,134.0,158.2,258.20000000000005,0.29785082174462707,3491.0,0.0,0.2,1.0,SLC4A1(321); SPTA1(164); SPTB(134); ANK1(127); EPB42(45)
2-hydroxyglutaric aciduria,knowledge_full,4,4,1.0,134.0,204.0,415.90000000000003,0.47120098039215685,4626.5,0.0,0.25,0.75,IDH2(508); SLC25A1(201); L2HGDH(67); D2HGDH(40)
Autosomal dominant distal hereditary motor neuronopathy 5,knowledge_full,3,3,1.0,134.0,121.66666666666667,174.0,0.25022831050228306,3497.0,0.0,0.0,1.0,GARS1(184); BSCL2(134); REEP1(47)
Hereditary spastic paraplegia 17,knowledge_full,1,1,1.0,134.0,134.0,134.0,0.0,3497.0,0.0,0.0,1.0,BSCL2(134)
alpha-methylacyl-CoA racemase deficiency,knowledge_full,1,1,1.0,134.0,134.0,134.0,0.0,3499.0,0.0,0.0,1.0,AMACR(134)
Congenital merosin-deficient muscular dystrophy 1A,knowledge_full,1,1,1.0,134.0,134.0,134.0,0.0,3489.0,0.0,0.0,1.0,LAMA2(134)
3-methylcrotonyl-CoA carboxylase deficiency,knowledge_full,2,2,1.0,133.5,133.5,134.7,0.00561797752808979,3527.0,0.0,0.0,1.0,MCCC1(135); MCCC2(132)
Autism spectrum disorder,knowledge_full,40,40,1.0,133.0,223.9,409.20000000000005,0.5785562751228227,3550.5,0.05,0.2,0.925,PTEN(2819); MECP2(736); EIF4E(504); UBE3A(420); GRIN2B(408)
Mucolipidosis type IV,knowledge_full,1,1,1.0,133.0,133.0,133.0,0.0,3526.0,0.0,0.0,1.0,MCOLN1(133)
Cerebellar ataxia,knowledge_full,52,51,0.9807692307692307,132.5,206.48214285714286,351.0,0.5038747359187556,3547.0,0.05357142857142857,0.2857142857142857,0.8571428571428571,ATM(1572); XRCC1(1340); STUB1(671); TBP(424); EEF2(389)
Feingold syndrome,knowledge_full,3,3,1.0,132.0,225.66666666666666,435.20000000000005,0.46971935007385524,3559.0,0.0,0.3333333333333333,0.6666666666666666,MYCN(511); MIR17HG(132); AADAC(34)
Angelman syndrome,knowledge_full,3,3,1.0,132.0,199.33333333333334,362.40000000000003,0.41694537346711263,3574.0,0.0,0.3333333333333333,1.0,UBE3A(420); OCA2(132); AANAT(46)
ICD10:Q935,knowledge_full,3,3,1.0,132.0,199.33333333333334,362.40000000000003,0.41694537346711263,3574.0,0.0,0.3333333333333333,1.0,UBE3A(420); OCA2(132); AANAT(46)
Craniofrontonasal syndrome,knowledge_full,1,1,1.0,132.0,132.0,132.0,0.0,3556.0,0.0,0.0,1.0,EFNB1(132)
Hereditary spastic paraplegia 3A,knowledge_full,1,1,1.0,132.0,132.0,132.0,0.0,3549.0,0.0,0.0,1.0,ATL1(132)
Trimethylaminuria,knowledge_full,1,1,1.0,132.0,132.0,132.0,0.0,3570.0,0.0,0.0,1.0,FMO3(132)
Lipoid proteinosis,knowledge_full,1,1,1.0,132.0,132.0,132.0,0.0,3552.0,0.0,0.0,1.0,ECM1(132)
Central precocious puberty,knowledge_full,3,3,1.0,131.0,172.66666666666666,275.8,0.3050193050193051,3596.0,0.0,0.3333333333333333,1.0,KISS1(312); KISS1R(131); MKRN3(75)
Sitosterolemia,knowledge_full,2,2,1.0,131.0,131.0,135.0,0.01908396946564883,3600.5,0.0,0.0,1.0,ABCG8(136); ABCG5(126)
Benign recurrent intrahepatic cholestasis,knowledge_full,2,2,1.0,131.0,131.0,163.8,0.1564885496183206,3982.5,0.0,0.0,1.0,ABCB11(172); ATP8B1(90)
Ornithine carbamoyltransferase deficiency,knowledge_full,1,1,1.0,131.0,131.0,131.0,0.0,3605.0,0.0,0.0,1.0,OTC(131)
Troyer syndrome,knowledge_full,1,1,1.0,131.0,131.0,131.0,0.0,3591.0,0.0,0.0,1.0,SPART(131)
Lennox-Gastaut syndrome,knowledge_full,8,8,1.0,130.5,164.375,268.09999999999997,0.2953422053231939,3630.0,0.0,0.25,1.0,SCN1A(399); DNM1(212); STXBP1(171); GABRB3(141); FOXG1(120)
Propionic acidemia,knowledge_full,2,2,1.0,130.0,130.0,135.6,0.026923076923076827,3645.5,0.0,0.0,1.0,PCCA(137); PCCB(123)
Wiedemann-Rautenstrauch syndrome,knowledge_full,1,1,1.0,130.0,130.0,130.0,0.0,3631.0,0.0,0.0,1.0,POLR3A(130)
Polymicrogyria,knowledge_full,2,2,1.0,129.5,129.5,147.5,0.08687258687258681,3762.5,0.0,0.0,1.0,TUBB2B(152); ADGRG1(107)
Developmental disorder of mental health,knowledge_full,68,68,1.0,129.0,222.85333333333332,517.8000000000002,0.5538303218858442,3675.0,0.10666666666666667,0.24,0.9066666666666666,PTEN(2819); SMARCA4(756); MECP2(736); MECP2(736); MECP2(736)
Cerebellar disease,knowledge_full,55,54,0.9818181818181818,129.0,201.47457627118644,339.0000000000001,0.5068833207620346,3656.0,0.05084745762711865,0.288135593220339,0.847457627118644,ATM(1572); XRCC1(1340); STUB1(671); TBP(424); EEF2(389)
Autosomal dominant cerebellar ataxia,knowledge_full,43,42,0.9767441860465116,129.0,164.87234042553192,331.0,0.41069952746133337,3656.0,0.02127659574468085,0.2765957446808511,0.851063829787234,STUB1(671); TBP(424); EEF2(389); MME(371); ATXN3(331)
Combined T cell and B cell immunodeficiency,knowledge_full,5,5,1.0,129.0,289.2,615.6000000000001,0.4636237897648686,3649.0,0.2,0.4,1.0,PIK3R1(872); PIK3CD(231); PNP(129); MAGT1(129); PGM3(85)
Purine nucleoside phosphorylase deficiency,knowledge_full,1,1,1.0,129.0,129.0,129.0,0.0,3655.0,0.0,0.0,1.0,PNP(129)
ICD10:D815,knowledge_full,1,1,1.0,129.0,129.0,129.0,0.0,3655.0,0.0,0.0,1.0,PNP(129)
"X-linked immunodeficiency with magnesium defect, Epstein-Barr virus infection, and neoplasia",knowledge_full,1,1,1.0,129.0,129.0,129.0,0.0,3649.0,0.0,0.0,1.0,MAGT1(129)
Neutropenia,knowledge_full,9,9,1.0,128.0,173.1,336.0,0.34841132293471977,3914.5,0.0,0.4,1.0,ELANE(336); ELANE(336); WAS(272); HAX1(253); CSF3R(158)
Agranulocytosis,knowledge_full,9,9,1.0,128.0,173.1,336.0,0.34841132293471977,3914.5,0.0,0.4,1.0,ELANE(336); ELANE(336); WAS(272); HAX1(253); CSF3R(158)
Leukopenia,knowledge_full,9,9,1.0,128.0,173.1,336.0,0.34841132293471977,3914.5,0.0,0.4,1.0,ELANE(336); ELANE(336); WAS(272); HAX1(253); CSF3R(158)
ICD10:D70,knowledge_full,9,9,1.0,128.0,173.1,336.0,0.34841132293471977,3914.5,0.0,0.4,1.0,ELANE(336); ELANE(336); WAS(272); HAX1(253); CSF3R(158)
ICD10:Q93,knowledge_full,8,8,1.0,128.0,153.75,265.29999999999995,0.3691056910569106,3699.0,0.0,0.125,0.875,UBE3A(420); NSD2(199); MSX1(169); OCA2(132); LETM1(124)
Xanthomatosis,knowledge_full,1,1,1.0,128.0,128.0,128.0,0.0,3678.0,0.0,0.0,1.0,CYP27A1(128)
Cerebrotendinous xanthomatosis,knowledge_full,1,1,1.0,128.0,128.0,128.0,0.0,3678.0,0.0,0.0,1.0,CYP27A1(128)
Carnitine palmitoyltransferase II deficiency,knowledge_full,1,1,1.0,128.0,128.0,128.0,0.0,3704.0,0.0,0.0,1.0,CPT2(128)
ICD10:G2,knowledge_full,97,94,0.9690721649484536,127.5,310.0344827586207,787.5,0.6128096487291889,3712.0,0.16379310344827586,0.3620689655172414,0.8706896551724138,SNCA(2250); SNCA(2250); SNCA(2250); MAPT(2219); MAPT(2219)
Van der Woude syndrome,knowledge_full,2,2,1.0,127.0,127.0,185.4,0.28740157480314954,5315.5,0.0,0.0,1.0,IRF6(200); GRHL3(54)
Adenine phosphoribosyltransferase deficiency,knowledge_full,1,1,1.0,127.0,127.0,127.0,0.0,3738.0,0.0,0.0,1.0,APRT(127)
Congenital fibrosis of the extraocular muscles,knowledge_full,4,4,1.0,126.5,166.5,307.40000000000003,0.39639639639639634,3895.0,0.0,0.25,0.75,TUBB3(374); TUBB2B(152); KIF21A(101); PHOX2A(39)
Gonadal disease,knowledge_full,108,107,0.9907407407407407,125.0,486.8880597014925,979.8000000000001,0.7297585078607393,3777.0,0.21641791044776118,0.3656716417910448,0.8059701492537313,TP53(11608); AKT1(3744); BRCA1(3448); CTNNB1(3354); AR(2708)
Charcot-Marie-Tooth disease,knowledge_full,87,85,0.9770114942528736,125.0,188.979020979021,362.6,0.4685506175293031,3785.0,0.04895104895104895,0.3076923076923077,0.9300699300699301,LMNA(1073); LMNA(1073); DNMT1(877); VCP(836); VCP(836)
Dysostosis,knowledge_full,37,37,1.0,125.0,250.82978723404256,711.0,0.5542599213475238,3792.0,0.2553191489361702,0.3617021276595745,0.7446808510638298,FGFR1(758); FGFR1(758); TWIST1(748); TWIST1(748); FGFR2(711)
Mullerian aplasia and hyperandrogenism,knowledge_full,1,1,1.0,125.0,125.0,125.0,0.0,3780.0,0.0,0.0,1.0,WNT4(125)
Electroclinical syndrome,knowledge_full,45,45,1.0,124.5,135.98214285714286,214.0,0.3102452865584842,3826.5,0.0,0.125,0.9642857142857143,SCN1A(399); SCN1A(399); SMC1A(334); WWOX(329); KARS1(259)
Absence epilepsy,knowledge_full,16,16,1.0,124.5,127.83333333333333,183.30000000000004,0.3277077599111497,3826.5,0.0,0.1111111111111111,0.8888888888888888,SCN1A(399); DNM1(212); STXBP1(171); GABRG2(168); GABRA1(157)
Polygenic disease,knowledge_full,28,28,1.0,124.0,300.25714285714287,588.4000000000001,0.6061090493862403,3819.0,0.14285714285714285,0.2857142857142857,0.9428571428571428,TERT(2103); TERT(2103); CAV1(1219); TYMS(626); ENG(532)
Digenic disease,knowledge_full,28,28,1.0,124.0,300.25714285714287,588.4000000000001,0.6061090493862403,3819.0,0.14285714285714285,0.2857142857142857,0.9428571428571428,TERT(2103); TERT(2103); CAV1(1219); TYMS(626); ENG(532)
Hypophosphatemia,knowledge_full,6,6,1.0,124.0,213.83333333333334,466.0,0.4877890361132762,3860.0,0.16666666666666666,0.3333333333333333,0.8333333333333334,FGF23(654); ENPP1(278); PHEX(133); CLCN5(115); DMP1(74)
Phosphorus metabolism disease,knowledge_full,6,6,1.0,124.0,213.83333333333334,466.0,0.4877890361132762,3860.0,0.16666666666666666,0.3333333333333333,0.8333333333333334,FGF23(654); ENPP1(278); PHEX(133); CLCN5(115); DMP1(74)
Charlevoix-Saguenay spastic ataxia,knowledge_full,1,1,1.0,124.0,124.0,124.0,0.0,3838.0,0.0,0.0,1.0,SACS(124)
Schizophrenia,knowledge_full,17,16,0.9411764705882353,123.0,562.3125,1699.0,0.7143006002000667,3964.5,0.25,0.3125,0.875,AKT1(3744); COMT(2073); DRD2(1325); YWHAE(600); C4A(245)
ICD10:F20,knowledge_full,17,16,0.9411764705882353,123.0,562.3125,1699.0,0.7143006002000667,3964.5,0.25,0.3125,0.875,AKT1(3744); COMT(2073); DRD2(1325); YWHAE(600); C4A(245)
Trichothiodystrophy,knowledge_full,10,10,1.0,123.0,195.5,298.09999999999974,0.5335549872122762,4002.0,0.1,0.3,0.8,ERCC2(920); ERCC3(229); MARS1(219); AARS1(147); TARS1(146)
pyridoxine-dependent epilepsy,knowledge_full,1,1,1.0,123.0,123.0,123.0,0.0,3869.0,0.0,0.0,1.0,ALDH7A1(123)
Autosomal dominant intellectual developmental disorder 35,knowledge_full,1,1,1.0,123.0,123.0,123.0,0.0,3848.0,0.0,0.0,1.0,PPP2R5D(123)
Lipid storage disease,knowledge_full,42,41,0.9761904761904762,122.5,152.453125,281.20000000000016,0.38895952905606235,3885.5,0.03125,0.15625,0.921875,GRN(608); GRN(608); APOC3(467); PNPLA3(441); CTSD(428)
ICD10:E75,knowledge_full,42,41,0.9761904761904762,122.5,152.453125,281.20000000000016,0.38895952905606235,3885.5,0.03125,0.15625,0.921875,GRN(608); GRN(608); APOC3(467); PNPLA3(441); CTSD(428)
ICD10:E756,knowledge_full,42,41,0.9761904761904762,122.5,152.453125,281.20000000000016,0.38895952905606235,3885.5,0.03125,0.15625,0.921875,GRN(608); GRN(608); APOC3(467); PNPLA3(441); CTSD(428)
Specific developmental disorder,knowledge_full,33,33,1.0,122.5,206.52941176470588,586.4999999999999,0.5059728249032452,3868.0,0.14705882352941177,0.2647058823529412,0.8823529411764706,SMARCA4(756); MECP2(736); MECP2(736); DNMT3A(612); SMARCB1(527)
Intellectual disability,knowledge_full,31,31,1.0,122.5,212.28125,603.5000000000002,0.5068682835271603,3868.0,0.15625,0.28125,0.875,SMARCA4(756); MECP2(736); MECP2(736); DNMT3A(612); SMARCB1(527)
Dilated cardiomyopathy,knowledge_full,30,30,1.0,122.0,227.86666666666667,478.8000000000002,0.5343475716793447,3904.5,0.1,0.4,0.8,LMNA(1073); SCN5A(730); DMD(585); TTN(467); TNNT2(448)
Syndromic intellectual disability,knowledge_full,10,10,1.0,122.0,257.09090909090907,736.0,0.5211521152115212,3920.0,0.2727272727272727,0.2727272727272727,0.9090909090909091,MECP2(736); MECP2(736); DNMT3A(612); PRPS1(179); PHF8(122)
Corneal endothelial dystrophy,knowledge_full,8,8,1.0,122.0,186.875,413.8999999999999,0.5362040133779264,4387.0,0.125,0.25,0.75,ZEB1(654); TCF4(311); LAMC1(196); ATP1B1(163); SLC4A11(81)
Fuchs' endothelial dystrophy,knowledge_full,8,8,1.0,122.0,186.875,413.8999999999999,0.5362040133779264,4387.0,0.125,0.25,0.75,ZEB1(654); TCF4(311); LAMC1(196); ATP1B1(163); SLC4A11(81)
Syndromic X-linked intellectual disability,knowledge_full,8,8,1.0,122.0,241.44444444444446,736.0,0.5126553152323976,3920.0,0.2222222222222222,0.2222222222222222,1.0,MECP2(736); MECP2(736); PRPS1(179); PHF8(122); PQBP1(122)
Spondyloepimetaphyseal dysplasia,knowledge_full,4,4,1.0,122.0,156.0,259.6,0.3044871794871795,3988.0,0.0,0.25,1.0,TRPV4(310); POP1(142); SMARCAL1(102); RMRP(70)
Mevalonic aciduria,knowledge_full,3,3,1.0,122.0,163.0,267.6,0.32856169052488066,3901.0,0.0,0.3333333333333333,1.0,SAA1(304); MVK(122); SAA2(63)
Orofaciodigital syndrome,knowledge_full,1,1,1.0,122.0,122.0,122.0,0.0,3904.0,0.0,0.0,1.0,OFD1(122)
Syndromic X-linked intellectual disability Siderius type,knowledge_full,1,1,1.0,122.0,122.0,122.0,0.0,3920.0,0.0,0.0,1.0,PHF8(122)
Renpenning syndrome,knowledge_full,1,1,1.0,122.0,122.0,122.0,0.0,3888.0,0.0,0.0,1.0,PQBP1(122)
Fibrochondrogenesis,knowledge_full,2,2,1.0,121.5,121.5,149.9,0.14609053497942392,4266.0,0.0,0.0,1.0,COL11A1(157); COL11A2(86)
Carbohydrate metabolic disorder,knowledge_full,203,198,0.9753694581280788,120.5,333.8467741935484,657.0,0.6495174186691103,3956.5,0.16532258064516128,0.3467741935483871,0.8911290322580645,IL6(5459); APOE(5224); STAT3(3689); HLA-DRB1(2868); ADIPOQ(2462)
Miyoshi muscular dystrophy,knowledge_full,2,2,1.0,120.5,120.5,162.5,0.21784232365145217,4818.0,0.0,0.0,1.0,DYSF(173); ANO5(68)
ICD10:root,knowledge_full,3396,3336,0.9823321554770318,120.0,339.11153289949385,711.0,0.6790456978575532,3979.0,0.14298626174981924,0.3277295733911786,0.8548445408532176,TP53(11608); TP53(11608); TP53(11608); TP53(11608); TP53(11608)
Disease of anatomical entity,knowledge_full,2775,2723,0.9812612612612612,120.0,325.52275225324246,697.0,0.6702693625224905,3969.0,0.13937129039349308,0.3321609144867004,0.8430424269070125,TP53(11608); TP53(11608); TP53(11608); TP53(11608); TP53(11608)
Neurodegenerative disease,knowledge_full,475,466,0.9810526315789474,120.0,294.7586705202312,607.1999999999998,0.6413981984864878,3971.0,0.11849710982658959,0.3208092485549133,0.8598265895953757,IL6(5459); APOE(5224); APOE(5224); APOE(5224); APOE(5224)
Episodic kinesigenic dyskinesia 1,knowledge_full,6,6,1.0,120.0,236.66666666666666,503.0,0.4654929577464788,4138.0,0.16666666666666666,0.3333333333333333,1.0,SLC2A1(790); CHRNA4(216); PRRT2(145); KCNA1(95); DEPDC5(94)
Farber lipogranulomatosis,knowledge_full,1,1,1.0,120.0,120.0,120.0,0.0,3971.0,0.0,0.0,1.0,ASAH1(120)
Spinal muscular atrophy with progressive myoclonic epilepsy,knowledge_full,1,1,1.0,120.0,120.0,120.0,0.0,3971.0,0.0,0.0,1.0,ASAH1(120)
Disease,knowledge_full,3819,3739,0.9790521078816444,119.0,332.3886775224471,711.0,0.6757141146608797,3994.0,0.14366154314411808,0.32932582559732154,0.8440115659716938,TP53(11608); TP53(11608); TP53(11608); TP53(11608); TP53(11608)
ICD10:G3,knowledge_full,113,98,0.8672566371681416,119.0,619.352,2237.6000000000004,0.7462201268422479,4003.0,0.2,0.392,0.856,IL6(5459); APOE(5224); APOE(5224); APOE(5224); APOE(5224)
Holoprosencephaly,knowledge_full,16,15,0.9375,118.0,207.28571428571428,601.0,0.4885081990526512,4031.0,0.14285714285714285,0.38095238095238093,0.9047619047619048,FGFR1(758); SHH(601); SHH(601); PTCH1(323); PTCH1(323)
ICD10:Q04,knowledge_full,16,15,0.9375,118.0,207.28571428571428,601.0,0.4885081990526512,4031.0,0.14285714285714285,0.38095238095238093,0.9047619047619048,FGFR1(758); SHH(601); SHH(601); PTCH1(323); PTCH1(323)
ICD10:Q042,knowledge_full,16,15,0.9375,118.0,207.28571428571428,601.0,0.4885081990526512,4031.0,0.14285714285714285,0.38095238095238093,0.9047619047619048,FGFR1(758); SHH(601); SHH(601); PTCH1(323); PTCH1(323)
Exudative vitreoretinopathy,knowledge_full,7,7,1.0,118.0,617.4285714285714,1536.600000000001,0.7052951675811462,4024.0,0.14285714285714285,0.42857142857142855,0.8571428571428571,CTNNB1(3354); LRP5(325); KIF11(309); NDP(118); FZD4(117)
Retinal vascular disease,knowledge_full,7,7,1.0,118.0,617.4285714285714,1536.600000000001,0.7052951675811462,4024.0,0.14285714285714285,0.42857142857142855,0.8571428571428571,CTNNB1(3354); LRP5(325); KIF11(309); NDP(118); FZD4(117)
Congenital contractural arachnodactyly,knowledge_full,1,1,1.0,118.0,118.0,118.0,0.0,4028.0,0.0,0.0,1.0,FBN2(118)
Norrie disease,knowledge_full,1,1,1.0,118.0,118.0,118.0,0.0,4024.0,0.0,0.0,1.0,NDP(118)
ICD10:Q0,knowledge_full,57,54,0.9473684210526315,117.0,210.08955223880596,342.5999999999999,0.5657284761189788,4097.0,0.05970149253731343,0.22388059701492538,0.9104477611940298,MTHFR(3862); FGFR1(758); SHH(601); SHH(601); CDK6(474)
Dyskeratosis congenita,knowledge_full,15,15,1.0,117.0,325.3636363636364,592.8000000000008,0.6360588280118875,4084.0,0.13636363636363635,0.2727272727272727,0.9545454545454546,TERT(2103); TERT(2103); TYMS(626); DKC1(294); DKC1(294)
Primary autosomal recessive microcephaly,knowledge_full,8,7,0.875,117.0,117.42857142857143,152.0,0.12130691692735494,4097.0,0.0,0.0,1.0,MCPH1(152); ASPM(152); CDK5RAP2(120); KNL1(117); WDR62(107)
Primary microcephaly,knowledge_full,8,7,0.875,117.0,117.42857142857143,152.0,0.12130691692735494,4097.0,0.0,0.0,1.0,MCPH1(152); ASPM(152); CDK5RAP2(120); KNL1(117); WDR62(107)
Spinocerebellar ataxia with axonal neuropathy 2,knowledge_full,5,5,1.0,117.0,344.8,860.0000000000001,0.617169373549884,4059.0,0.2,0.2,0.8,XRCC1(1340); SETX(140); PNKP(117); APTX(94); PIK3R5(33)
Galactosemia,knowledge_full,3,3,1.0,117.0,105.33333333333333,128.2,0.13291139240506325,4071.0,0.0,0.0,1.0,GALT(131); GALK1(117); GALE(68)
ICD10:E742,knowledge_full,3,3,1.0,117.0,105.33333333333333,128.2,0.13291139240506325,4071.0,0.0,0.0,1.0,GALT(131); GALK1(117); GALE(68)
"microcephaly, seizures, and developmental delay",knowledge_full,1,1,1.0,117.0,117.0,117.0,0.0,4059.0,0.0,0.0,1.0,PNKP(117)
Robinow syndrome,knowledge_full,8,8,1.0,116.5,153.75,267.59999999999997,0.41117886178861784,4490.5,0.0,0.125,0.875,WNT5A(479); ROR2(177); DVL1(173); DVL3(152); GPC4(81)
Gitelman syndrome,knowledge_full,2,2,1.0,116.5,116.5,156.9,0.21673819742489275,4951.5,0.0,0.0,1.0,SLC12A3(167); CLCNKB(66)
Congenital myopathy,knowledge_full,21,21,1.0,116.0,193.58536585365854,454.0,0.46362666978061995,4144.0,0.0,0.4146341463414634,0.7317073170731707,TTN(467); TTN(467); ACTA1(454); ACTA1(454); ACTA1(454)
Mucopolysaccharidosis II,knowledge_full,1,1,1.0,116.0,116.0,116.0,0.0,4111.0,0.0,0.0,1.0,IDS(116)
Glutaric acidemia I,knowledge_full,1,1,1.0,116.0,116.0,116.0,0.0,4137.0,0.0,0.0,1.0,GCDH(116)
Mitochondrial DNA depletion syndrome 5,knowledge_full,1,1,1.0,116.0,116.0,116.0,0.0,4127.0,0.0,0.0,1.0,SUCLA2(116)
ICD10:E,knowledge_full,876,849,0.9691780821917808,115.0,357.7012345679012,722.8000000000072,0.6929384165918936,4182.0,0.145679012345679,0.31851851851851853,0.8658436213991769,TP53(11608); IL6(5459); APOE(5224); APOE(5224); APOE(5224)
ICD10:Q78,knowledge_full,72,72,1.0,115.0,279.5272727272727,615.0,0.5679115862672517,4186.0,0.14545454545454545,0.39090909090909093,0.9272727272727272,TGFB1(5005); ITGB3(1220); IDH1(979); COL1A1(856); COL1A1(856)
Pituitary gland disease,knowledge_full,31,31,1.0,115.0,195.48387096774192,480.0,0.5205578622378366,4177.0,0.06451612903225806,0.2903225806451613,0.8387096774193549,SOX2(815); FGFR1(758); BMP4(514); GH1(480); PAX6(420)
ICD10:E237,knowledge_full,31,31,1.0,115.0,195.48387096774192,480.0,0.5205578622378366,4177.0,0.06451612903225806,0.2903225806451613,0.8387096774193549,SOX2(815); FGFR1(758); BMP4(514); GH1(480); PAX6(420)
Hypotrichosis 2,knowledge_full,2,2,1.0,115.0,115.0,116.6,0.008695652173912993,4156.0,0.0,0.0,1.0,CDSN(117); APCS(113)
ICD10:L65,knowledge_full,2,2,1.0,115.0,115.0,116.6,0.008695652173912993,4156.0,0.0,0.0,1.0,CDSN(117); APCS(113)
Choroideremia,knowledge_full,1,1,1.0,115.0,115.0,115.0,0.0,4157.0,0.0,0.0,1.0,CHM(115)
ICD10:H312,knowledge_full,1,1,1.0,115.0,115.0,115.0,0.0,4157.0,0.0,0.0,1.0,CHM(115)
Boucher-Neuhauser syndrome,knowledge_full,1,1,1.0,115.0,115.0,115.0,0.0,4177.0,0.0,0.0,1.0,PNPLA6(115)
Keratosis,knowledge_full,45,44,0.9777777777777777,114.0,185.68085106382978,393.59999999999997,0.48579487967155,4223.0,0.06382978723404255,0.2978723404255319,0.9148936170212766,GJB2(860); ACTB(774); GJA1(769); ATP2A2(444); DSP(399)
Spinal disease,knowledge_full,35,35,1.0,114.0,369.3157894736842,722.1000000000017,0.692839945095745,4226.5,0.13157894736842105,0.39473684210526316,0.7894736842105263,STAT3(3689); HLA-B(2215); IL17A(1651); IL1A(1007); IL12B(600)
dentatorubral-pallidoluysian atrophy,knowledge_full,1,1,1.0,114.0,114.0,114.0,0.0,4218.0,0.0,0.0,1.0,ATN1(114)
"Craniofacial dysmorphism, skeletal anomalies, and mental retardation syndrome",knowledge_full,1,1,1.0,114.0,114.0,114.0,0.0,4204.0,0.0,0.0,1.0,TMCO1(114)
Urinary system disease,knowledge_full,124,124,1.0,113.5,498.08,1010.8999999999997,0.7503128457722098,4243.5,0.2,0.3333333333333333,0.8266666666666667,TP53(11608); TP53(11608); CTNNB1(3354); ERBB2(3350); PTEN(2819)
ICD10:N3,knowledge_full,124,124,1.0,113.5,498.08,1010.8999999999997,0.7503128457722098,4243.5,0.2,0.3333333333333333,0.8266666666666667,TP53(11608); TP53(11608); CTNNB1(3354); ERBB2(3350); PTEN(2819)
ICD10:N39,knowledge_full,124,124,1.0,113.5,498.08,1010.8999999999997,0.7503128457722098,4243.5,0.2,0.3333333333333333,0.8266666666666667,TP53(11608); TP53(11608); CTNNB1(3354); ERBB2(3350); PTEN(2819)
ICD10:N399,knowledge_full,124,124,1.0,113.5,498.08,1010.8999999999997,0.7503128457722098,4243.5,0.2,0.3333333333333333,0.8266666666666667,TP53(11608); TP53(11608); CTNNB1(3354); ERBB2(3350); PTEN(2819)
Ectodermal dysplasia,knowledge_full,12,12,1.0,113.5,265.1666666666667,702.1,0.548240100565682,4464.5,0.25,0.3333333333333333,0.8333333333333334,TP63(963); NFKBIA(718); IKBKG(559); KRT14(250); GJB6(166)
Hypomyelinating leukodystrophy,knowledge_full,4,4,1.0,113.5,115.25,173.4,0.2619305856832972,4318.0,0.0,0.0,0.75,PLP1(192); POLR3A(130); POLR3B(97); GJC2(42)
Hypomyelinating leukodystrophy 7,knowledge_full,2,2,1.0,113.5,113.5,126.7,0.07268722466960353,4318.0,0.0,0.0,1.0,POLR3A(130); POLR3B(97)
Monogenic disease,knowledge_full,1239,1216,0.9814366424535916,113.0,289.15691007845504,646.8000000000002,0.6602703038418263,4256.0,0.12794206397103197,0.30416415208207603,0.8213639106819554,TP53(11608); TP53(11608); APOE(5224); APOE(5224); APOE(5224)
ICD10:E8,knowledge_full,694,668,0.962536023054755,113.0,343.8964435146444,660.0,0.6938571013225799,4256.0,0.13807531380753138,0.2939330543933054,0.8744769874476988,IL6(5459); APOE(5224); APOE(5224); APOE(5224); APOE(5224)
Disease of metabolism,knowledge_full,693,667,0.9624819624819625,113.0,342.55403987408187,657.0,0.6935890098167063,4256.0,0.13746065057712487,0.29275970619097585,0.8740818467995802,IL6(5459); APOE(5224); APOE(5224); APOE(5224); APOE(5224)
ICD10:E88,knowledge_full,693,667,0.9624819624819625,113.0,342.55403987408187,657.0,0.6935890098167063,4256.0,0.13746065057712487,0.29275970619097585,0.8740818467995802,IL6(5459); APOE(5224); APOE(5224); APOE(5224); APOE(5224)
ICD10:E9,knowledge_full,693,667,0.9624819624819625,113.0,342.55403987408187,657.0,0.6935890098167063,4256.0,0.13746065057712487,0.29275970619097585,0.8740818467995802,IL6(5459); APOE(5224); APOE(5224); APOE(5224); APOE(5224)
ICD10:E90,knowledge_full,693,667,0.9624819624819625,113.0,342.55403987408187,657.0,0.6935890098167063,4256.0,0.13746065057712487,0.29275970619097585,0.8740818467995802,IL6(5459); APOE(5224); APOE(5224); APOE(5224); APOE(5224)
ICD10:G6,knowledge_full,5,5,1.0,113.0,1504.0,4208.6,0.722659574468085,4256.0,0.4,0.4,1.0,TNF(6439); PRNP(863); APCS(113); PHYH(55); PEX7(50)
Leukocyte chemotactic factor 2 Amyloidosis,knowledge_full,3,3,1.0,113.0,1797.6666666666667,4201.8,0.6388528339205143,4256.0,0.3333333333333333,0.3333333333333333,1.0,APOE(5224); APCS(113); LECT2(56)
Glycogen storage disease VI,knowledge_full,1,1,1.0,113.0,113.0,113.0,0.0,4243.0,0.0,0.0,1.0,PYGL(113)
Cerebral creatine deficiency syndrome 1,knowledge_full,1,1,1.0,113.0,113.0,113.0,0.0,4264.0,0.0,0.0,1.0,SLC6A8(113)
Congenital disorder of glycosylation Ia,knowledge_full,1,1,1.0,113.0,113.0,113.0,0.0,4236.0,0.0,0.0,1.0,PMM2(113)
tarsal-carpal coalition syndrome,knowledge_full,1,1,1.0,113.0,113.0,113.0,0.0,4250.0,0.0,0.0,1.0,NOG(113)
CHILD syndrome,knowledge_full,1,1,1.0,113.0,113.0,113.0,0.0,4265.0,0.0,0.0,1.0,NSDHL(113)
Inherited metabolic disorder,knowledge_full,614,589,0.9592833876221498,112.0,303.375,646.0,0.6735262705208315,4313.0,0.125,0.27184466019417475,0.8762135922330098,IL6(5459); APOE(5224); APOE(5224); APOE(5224); APOE(5224)
Lysosomal acid lipase deficiency,knowledge_full,1,1,1.0,112.0,112.0,112.0,0.0,4296.0,0.0,0.0,1.0,LIPA(112)
Galactosialidosis,knowledge_full,1,1,1.0,112.0,112.0,112.0,0.0,4309.0,0.0,0.0,1.0,CTSA(112)
Neuronal ceroid lipofuscinosis 1,knowledge_full,1,1,1.0,112.0,112.0,112.0,0.0,4317.0,0.0,0.0,1.0,PPT1(112)
Microcephaly,knowledge_full,37,35,0.9459459459459459,111.5,131.83333333333334,211.49999999999997,0.34069076429560446,4314.5,0.0,0.11904761904761904,0.9285714285714286,CDK6(474); PDCD6IP(374); LMNB1(372); TCF4(311); COPB2(214)
ICD10:Q02,knowledge_full,37,35,0.9459459459459459,111.5,131.83333333333334,211.49999999999997,0.34069076429560446,4314.5,0.0,0.11904761904761904,0.9285714285714286,CDK6(474); PDCD6IP(374); LMNB1(372); TCF4(311); COPB2(214)
ICD10:H4,knowledge_full,34,32,0.9411764705882353,111.5,166.925,349.0,0.41784858469372477,4304.5,0.05,0.3,0.95,CYP1B1(591); TBK1(554); OPA1(386); POLG(349); POLG(349)
Hereditary spastic paraplegia 11,knowledge_full,1,1,1.0,111.0,111.0,111.0,0.0,4323.0,0.0,0.0,1.0,SPG11(111)
Martsolf syndrome,knowledge_full,4,4,1.0,110.5,96.0,124.8,0.18880208333333326,4386.5,0.0,0.0,0.75,RAB18(126); RAB3GAP1(122); RAB3GAP2(99); TBC1D20(37)
ICD10:Q,knowledge_full,467,462,0.9892933618843683,110.0,244.63636363636363,590.500000000001,0.5961990269233199,4374.5,0.11755485893416928,0.31191222570532917,0.841692789968652,APOE(5224); TGFB1(5005); MTHFR(3862); APP(3187); KRAS(3044)
ICD10:G1,knowledge_full,299,286,0.9565217391304348,110.0,197.40972222222223,394.6000000000005,0.5352096088008835,4379.0,0.0763888888888889,0.2662037037037037,0.8657407407407407,AR(2708); ATM(1572); SOD1(1324); SOD1(1324); SOD1(1324)
Peripheral nervous system disease,knowledge_full,208,197,0.9471153846153846,110.0,212.52397260273972,362.80000000000007,0.5700850918984999,4384.0,0.05821917808219178,0.24315068493150685,0.886986301369863,TNF(6439); ERBB2(3350); GSTM1(2270); APOA1(1126); LMNA(1073)
Congenital heart disease,knowledge_full,9,9,1.0,110.0,158.44444444444446,283.40000000000003,0.339566775751909,4380.0,0.0,0.4444444444444444,1.0,GATA4(325); ACTC1(273); NKX2-5(225); GATA6(216); TFAP2B(110)
ICD10:Q24,knowledge_full,9,9,1.0,110.0,158.44444444444446,283.40000000000003,0.339566775751909,4380.0,0.0,0.4444444444444444,1.0,GATA4(325); ACTC1(273); NKX2-5(225); GATA6(216); TFAP2B(110)
ICD10:Q249,knowledge_full,9,9,1.0,110.0,158.44444444444446,283.40000000000003,0.339566775751909,4380.0,0.0,0.4444444444444444,1.0,GATA4(325); ACTC1(273); NKX2-5(225); GATA6(216); TFAP2B(110)
Char syndrome,knowledge_full,1,1,1.0,110.0,110.0,110.0,0.0,4380.0,0.0,0.0,1.0,TFAP2B(110)
Patent ductus arteriosus,knowledge_full,1,1,1.0,110.0,110.0,110.0,0.0,4380.0,0.0,0.0,1.0,TFAP2B(110)
ICD10:Q250,knowledge_full,1,1,1.0,110.0,110.0,110.0,0.0,4380.0,0.0,0.0,1.0,TFAP2B(110)
Metaphyseal dysplasia,knowledge_full,1,1,1.0,110.0,110.0,110.0,0.0,4383.0,0.0,0.0,1.0,SFRP4(110)
ICD10:Q785,knowledge_full,1,1,1.0,110.0,110.0,110.0,0.0,4383.0,0.0,0.0,1.0,SFRP4(110)
Adams-Oliver syndrome,knowledge_full,6,6,1.0,109.5,352.1666666666667,913.5,0.6697428616501026,5430.5,0.16666666666666666,0.3333333333333333,0.6666666666666666,NOTCH1(1587); RBPJ(240); DLL4(161); DOCK6(58); ARHGAP31(34)
Distal arthrogryposis type 1,knowledge_full,2,2,1.0,109.5,109.5,152.3,0.2442922374429224,5518.5,0.0,0.0,1.0,TPM2(163); MYBPC1(56)
Congenital nervous system abnormality,knowledge_full,95,92,0.968421052631579,109.0,190.56637168141592,378.0,0.5355564487030594,4418.0,0.05309734513274336,0.23893805309734514,0.8849557522123894,MTHFR(3862); FGFR1(758); FLNA(697); TP73(693); SHH(601)
Movement disease,knowledge_full,55,53,0.9636363636363636,109.0,219.7846153846154,673.6000000000004,0.5770899966616052,4416.0,0.12307692307692308,0.27692307692307694,0.8153846153846154,MAPT(2219); SLC6A3(868); SLC6A3(868); RAD51(857); SLC2A1(790)
Hypopituitarism,knowledge_full,30,30,1.0,109.0,190.53333333333333,483.40000000000003,0.5283181712153021,4432.0,0.06666666666666667,0.26666666666666666,0.8333333333333334,SOX2(815); FGFR1(758); BMP4(514); GH1(480); PAX6(420)
ICD10:E230,knowledge_full,30,30,1.0,109.0,190.53333333333333,483.40000000000003,0.5283181712153021,4432.0,0.06666666666666667,0.26666666666666666,0.8333333333333334,SOX2(815); FGFR1(758); BMP4(514); GH1(480); PAX6(420)
UV-sensitive syndrome,knowledge_full,3,3,1.0,109.0,139.66666666666666,240.20000000000002,0.37549721559268096,4395.0,0.0,0.3333333333333333,0.6666666666666666,ERCC6(273); ERCC8(109); UVSSA(37)
Branchiootic syndrome,knowledge_full,3,3,1.0,109.0,109.66666666666667,171.4,0.3120567375886525,4433.0,0.0,0.0,0.6666666666666666,SIX1(187); EYA1(109); SIX5(33)
Glycogen storage disease III,knowledge_full,1,1,1.0,109.0,109.0,109.0,0.0,4422.0,0.0,0.0,1.0,AGL(109)
Developmental and epileptic encephalopathy 13,knowledge_full,1,1,1.0,109.0,109.0,109.0,0.0,4407.0,0.0,0.0,1.0,SCN8A(109)
Genetic disease,knowledge_full,1723,1675,0.9721416134648868,108.0,278.97083685545226,625.5,0.6602702541215475,4473.5,0.11961115807269654,0.28233305156382077,0.8300929839391378,TP53(11608); TP53(11608); IL6(5459); APOE(5224); APOE(5224)
ICD10:E71,knowledge_full,14,14,1.0,108.0,93.82352941176471,147.0,0.26892863728563526,4458.0,0.0,0.0,0.8235294117647058,ABCD1(173); DLD(162); PCCA(137); PCCB(123); DBT(123)
Adrenal gland disease,knowledge_full,14,14,1.0,108.0,249.86666666666667,569.3999999999999,0.508182141586624,4437.0,0.13333333333333333,0.3333333333333333,0.9333333333333333,APC(1019); GNAS(691); MEN1(387); CYP11B2(369); MCM4(270)
ICD10:E27,knowledge_full,14,14,1.0,108.0,249.86666666666667,569.3999999999999,0.508182141586624,4437.0,0.13333333333333333,0.3333333333333333,0.9333333333333333,APC(1019); GNAS(691); MEN1(387); CYP11B2(369); MCM4(270)
ICD10:E279,knowledge_full,14,14,1.0,108.0,249.86666666666667,569.3999999999999,0.508182141586624,4437.0,0.13333333333333333,0.3333333333333333,0.9333333333333333,APC(1019); GNAS(691); MEN1(387); CYP11B2(369); MCM4(270)
Maple syrup urine disease,knowledge_full,5,5,1.0,108.0,102.625,134.7,0.1810292326431181,4458.0,0.0,0.0,1.0,DLD(162); DBT(123); DBT(123); BCKDHA(108); BCKDHA(108)
ICD10:E710,knowledge_full,5,5,1.0,108.0,102.625,134.7,0.1810292326431181,4458.0,0.0,0.0,1.0,DLD(162); DBT(123); DBT(123); BCKDHA(108); BCKDHA(108)
Progressive familial heart block,knowledge_full,4,4,1.0,108.0,257.5,545.2,0.4733009708737864,4478.0,0.25,0.25,1.0,SCN5A(730); TRPM4(114); GJA5(102); SCN1B(84)
corticosteroid-binding globulin deficiency,knowledge_full,1,1,1.0,108.0,108.0,108.0,0.0,4437.0,0.0,0.0,1.0,SERPINA6(108)
Glycoproteinosis,knowledge_full,4,4,1.0,107.0,105.5,150.5,0.22274881516587675,4761.5,0.0,0.0,1.0,NEU1(158); MCOLN1(133); GNPTAB(81); GNPTG(50)
Bone development disease,knowledge_full,108,106,0.9814814814814815,106.0,231.59477124183007,685.8000000000006,0.5326655355939294,4562.0,0.1830065359477124,0.3660130718954248,0.8431372549019608,LMNA(1073); COL1A1(856); COL1A1(856); FGFR1(758); FGFR1(758)
Neural tube defect,knowledge_full,3,3,1.0,106.0,1338.6666666666667,3110.8,0.6331341301460823,4562.0,0.3333333333333333,0.3333333333333333,1.0,MTHFR(3862); MSX2(106); ALX4(48)
Anauxetic dysplasia,knowledge_full,2,2,1.0,106.0,106.0,134.8,0.16981132075471694,5031.0,0.0,0.0,1.0,POP1(142); RMRP(70)
"3-methylglutaconic aciduria with cataracts, neurologic involvement and neutropenia",knowledge_full,1,1,1.0,106.0,106.0,106.0,0.0,4575.0,0.0,0.0,1.0,CLPB(106)
ICD10:Q9,knowledge_full,65,65,1.0,105.5,285.54411764705884,567.0,0.6833725146854333,4560.0,0.11764705882352941,0.17647058823529413,0.8235294117647058,APOE(5224); APP(3187); FMR1(914); FGFR1(758); WT1(758)
Unverricht-Lundborg syndrome,knowledge_full,2,2,1.0,105.5,105.5,150.7,0.26777251184834117,6002.5,0.0,0.0,1.0,CSTB(162); PRICKLE1(49)
Dystonia,knowledge_full,51,49,0.9607843137254902,105.0,166.41666666666666,257.0,0.5074461692538808,4597.0,0.08333333333333333,0.25,0.8,SLC6A3(868); SLC2A1(790); SLC2A1(790); ACTB(774); EIF2AK2(523)
ICD10:G24,knowledge_full,51,49,0.9607843137254902,105.0,166.41666666666666,257.0,0.5074461692538808,4597.0,0.08333333333333333,0.25,0.8,SLC6A3(868); SLC2A1(790); SLC2A1(790); ACTB(774); EIF2AK2(523)
ICD10:G249,knowledge_full,51,49,0.9607843137254902,105.0,166.41666666666666,257.0,0.5074461692538808,4597.0,0.08333333333333333,0.25,0.8,SLC6A3(868); SLC2A1(790); SLC2A1(790); ACTB(774); EIF2AK2(523)
Leukoencephalopathy with vanishing white matter,knowledge_full,5,5,1.0,105.0,105.8,120.6,0.06654064272211713,4593.0,0.0,0.0,1.0,EIF2B5(121); EIF2B4(120); EIF2B1(105); EIF2B3(92); EIF2B2(91)
Generalized dystonia,knowledge_full,1,1,1.0,105.0,105.0,105.0,0.0,4597.0,0.0,0.0,1.0,THAP1(105)
Torsion dystonia 6,knowledge_full,1,1,1.0,105.0,105.0,105.0,0.0,4597.0,0.0,0.0,1.0,THAP1(105)
ICD10:G241,knowledge_full,1,1,1.0,105.0,105.0,105.0,0.0,4597.0,0.0,0.0,1.0,THAP1(105)
Choreaacanthocytosis,knowledge_full,1,1,1.0,105.0,105.0,105.0,0.0,4605.0,0.0,0.0,1.0,VPS13A(105)
ICD10:E7,knowledge_full,212,209,0.9858490566037735,104.5,193.8153846153846,325.79999999999995,0.5573822767960727,4643.5,0.057692307692307696,0.18461538461538463,0.8923076923076924,APOE(5224); MTHFR(3862); APOA1(1126); APOB(949); APOB(949)
Neuropathy,knowledge_full,195,184,0.9435897435897436,104.0,169.33827893175075,353.80000000000024,0.47728904631283786,4622.0,0.04154302670623145,0.2433234421364985,0.8902077151335311,APOA1(1126); LMNA(1073); LMNA(1073); LMNA(1073); DNMT1(877)
Muscular disease,knowledge_full,144,129,0.8958333333333334,104.0,156.8122270742358,349.0,0.47916491860412797,4665.0,0.017467248908296942,0.22707423580786026,0.8602620087336245,LMNA(1073); LMNA(1073); LMNA(1073); SCN5A(730); TTN(467)
Muscle tissue disease,knowledge_full,136,121,0.8897058823529411,104.0,154.8733031674208,349.0,0.47880566359785554,4665.0,0.013574660633484163,0.22624434389140272,0.8552036199095022,LMNA(1073); LMNA(1073); LMNA(1073); TTN(467); TTN(467)
Myopathy,knowledge_full,128,113,0.8828125,104.0,157.018779342723,349.0,0.48510588121342796,4665.0,0.014084507042253521,0.2300469483568075,0.8450704225352113,LMNA(1073); LMNA(1073); LMNA(1073); TTN(467); TTN(467)
Chronic progressive external ophthalmoplegia,knowledge_full,18,16,0.8888888888888888,104.0,144.08333333333334,311.7999999999999,0.3603961827646038,4622.0,0.0,0.25,1.0,OPA1(386); POLG(349); POLG(349); RRM1(225); SLC25A4(224)
Mitochondrial myopathy,knowledge_full,30,16,0.5333333333333333,104.0,144.08333333333334,311.7999999999999,0.3603961827646038,4622.0,0.0,0.25,1.0,OPA1(386); POLG(349); POLG(349); RRM1(225); SLC25A4(224)
ICD10:H49,knowledge_full,18,16,0.8888888888888888,104.0,144.08333333333334,311.7999999999999,0.3603961827646038,4622.0,0.0,0.25,1.0,OPA1(386); POLG(349); POLG(349); RRM1(225); SLC25A4(224)
ICD10:H494,knowledge_full,18,16,0.8888888888888888,104.0,144.08333333333334,311.7999999999999,0.3603961827646038,4622.0,0.0,0.25,1.0,OPA1(386); POLG(349); POLG(349); RRM1(225); SLC25A4(224)
"46,XY sex reversal",knowledge_full,11,11,1.0,104.0,162.72727272727272,289.0,0.461858811579482,4639.0,0.09090909090909091,0.18181818181818182,0.8181818181818182,SOX9(567); NR5A1(289); MAP3K1(203); SRY(193); NR0B1(167)
Mitochondrial DNA depletion syndrome,knowledge_full,9,9,1.0,104.0,143.27272727272728,349.0,0.371481310567605,4622.0,0.0,0.18181818181818182,1.0,POLG(349); POLG(349); TYMP(189); TWNK(140); SUCLA2(116)
Multiple acyl-CoA dehydrogenase deficiency,knowledge_full,4,4,1.0,104.0,104.75,138.10000000000002,0.16766109785202854,4642.0,0.0,0.0,1.0,ETFA(151); ETFB(108); AMPD1(100); ETFDH(60)
Mitochondrial DNA depletion syndrome 8a,knowledge_full,1,1,1.0,104.0,104.0,104.0,0.0,4622.0,0.0,0.0,1.0,RRM2B(104)
Succinic semialdehyde dehydrogenase deficiency,knowledge_full,1,1,1.0,104.0,104.0,104.0,0.0,4670.0,0.0,0.0,1.0,ALDH5A1(104)
Aicardi-Goutieres syndrome,knowledge_full,9,8,0.8888888888888888,103.5,193.5,437.0,0.4828811369509044,5481.0,0.0,0.375,0.75,ADAR(516); ADAR(516); SAMHD1(358); SAMHD1(358); IFIH1(350)
ICD10:G9,knowledge_full,902,885,0.9811529933481153,103.0,233.11769911504425,424.4000000000001,0.627062234672932,4706.0,0.08672566371681416,0.24513274336283186,0.8362831858407079,IL6(5459); APOE(5224); APOE(5224); APOE(5224); APOE(5224)
Central nervous system disease,knowledge_full,901,884,0.9811320754716981,103.0,233.21099290780143,425.2000000000003,0.6275351869426893,4707.0,0.08687943262411348,0.24556737588652483,0.8359929078014184,IL6(5459); APOE(5224); APOE(5224); APOE(5224); APOE(5224)
ICD10:G96,knowledge_full,901,884,0.9811320754716981,103.0,233.21099290780143,425.2000000000003,0.6275351869426893,4707.0,0.08687943262411348,0.24556737588652483,0.8359929078014184,IL6(5459); APOE(5224); APOE(5224); APOE(5224); APOE(5224)
ICD10:G969,knowledge_full,901,884,0.9811320754716981,103.0,233.21099290780143,425.2000000000003,0.6275351869426893,4707.0,0.08687943262411348,0.24556737588652483,0.8359929078014184,IL6(5459); APOE(5224); APOE(5224); APOE(5224); APOE(5224)
Chromosomal deletion syndrome,knowledge_full,89,86,0.9662921348314607,103.0,253.94565217391303,675.3000000000014,0.6478866621134496,4697.0,0.10869565217391304,0.22826086956521738,0.782608695652174,MTOR(2566); BDNF(2559); COMT(2073); EP300(1392); CREBBP(1007)
ICD10:E74,knowledge_full,32,31,0.96875,103.0,130.10526315789474,212.70000000000007,0.3315981093510475,4682.0,0.0,0.10526315789473684,0.9736842105263158,LDHA(515); ALDOA(333); LAMP2(277); PDHA1(226); GAA(207)
Opitz GBBB syndrome,knowledge_full,3,3,1.0,103.0,113.66666666666667,129.4,0.06647116324535673,4697.0,0.0,0.0,1.0,MID1(136); ABCB7(103); SPECC1L(102)
DiGeorge syndrome,knowledge_full,3,3,1.0,103.0,753.6666666666666,1679.0,0.5861713106295149,4697.0,0.3333333333333333,0.3333333333333333,1.0,COMT(2073); ABCB7(103); TBX1(85)
ICD10:D821,knowledge_full,3,3,1.0,103.0,753.6666666666666,1679.0,0.5861713106295149,4697.0,0.3333333333333333,0.3333333333333333,1.0,COMT(2073); ABCB7(103); TBX1(85)
Glycogen storage disease V,knowledge_full,1,1,1.0,103.0,103.0,103.0,0.0,4682.0,0.0,0.0,1.0,PYGM(103)
X-linked sideroblastic anemia with ataxia,knowledge_full,1,1,1.0,103.0,103.0,103.0,0.0,4697.0,0.0,0.0,1.0,ABCB7(103)
Chromosome 22q11.2 microduplication syndrome,knowledge_full,1,1,1.0,103.0,103.0,103.0,0.0,4697.0,0.0,0.0,1.0,ABCB7(103)
Developmental and epileptic encephalopathy 1,knowledge_full,1,1,1.0,103.0,103.0,103.0,0.0,4706.0,0.0,0.0,1.0,ARX(103)
Partington syndrome,knowledge_full,1,1,1.0,103.0,103.0,103.0,0.0,4706.0,0.0,0.0,1.0,ARX(103)
hand-foot-genital syndrome,knowledge_full,1,1,1.0,103.0,103.0,103.0,0.0,4691.0,0.0,0.0,1.0,HOXA13(103)
Syndrome,knowledge_full,569,552,0.9701230228471002,102.5,292.43108108108106,693.0,0.6729667469862665,4719.5,0.14594594594594595,0.31216216216216214,0.7743243243243243,TP53(11608); TP53(11608); AKT1(3744); AKT1(3744); KRAS(3044)
Physical disorder,knowledge_full,449,440,0.9799554565701559,102.5,191.86963696369637,336.5,0.5794175389948755,4729.5,0.052805280528052806,0.24917491749174916,0.8184818481848185,MTHFR(3862); MTHFR(3862); BRCA1(3448); BRCA1(3448); BRAF(2743)
Chromosomal disease,knowledge_full,132,129,0.9772727272727273,102.0,273.72340425531917,646.0,0.6812476168687562,4733.0,0.10638297872340426,0.20567375886524822,0.7943262411347518,APOE(5224); APP(3187); MTOR(2566); BDNF(2559); COMT(2073)
Neuromuscular disease,knowledge_full,114,112,0.9824561403508771,102.0,167.59217877094972,350.00000000000017,0.4762940887601281,4763.0,0.03910614525139665,0.24581005586592178,0.8994413407821229,LMNA(1073); LMNA(1073); DNMT1(877); VCP(836); VCP(836)
Heart conduction disease,knowledge_full,39,39,1.0,102.0,219.26315789473685,661.5,0.526721643884074,4733.0,0.15789473684210525,0.3026315789473684,0.868421052631579,LMNA(1073); SCN5A(730); SCN5A(730); SCN5A(730); SCN5A(730)
ICD10:I459,knowledge_full,39,39,1.0,102.0,219.26315789473685,661.5,0.526721643884074,4733.0,0.15789473684210525,0.3026315789473684,0.868421052631579,LMNA(1073); SCN5A(730); SCN5A(730); SCN5A(730); SCN5A(730)
Glycogen metabolism disorder,knowledge_full,22,21,0.9545454545454546,102.0,130.0,228.00000000000006,0.3605769230769231,4744.0,0.0,0.10714285714285714,0.9642857142857143,LDHA(515); ALDOA(333); LAMP2(277); GAA(207); GAA(207)
Glycogen storage disease,knowledge_full,22,21,0.9545454545454546,102.0,130.0,228.00000000000006,0.3605769230769231,4744.0,0.0,0.10714285714285714,0.9642857142857143,LDHA(515); ALDOA(333); LAMP2(277); GAA(207); GAA(207)
ICD10:E740,knowledge_full,22,21,0.9545454545454546,102.0,130.0,228.00000000000006,0.3605769230769231,4744.0,0.0,0.10714285714285714,0.9642857142857143,LDHA(515); ALDOA(333); LAMP2(277); GAA(207); GAA(207)
Schimke immuno-osseous dysplasia,knowledge_full,1,1,1.0,102.0,102.0,102.0,0.0,4727.0,0.0,0.0,1.0,SMARCAL1(102)
ICD10:G13,knowledge_full,195,184,0.9435897435897436,101.5,164.38686131386862,348.0,0.47649152761558805,4775.0,0.040145985401459854,0.22627737226277372,0.8832116788321168,APOA1(1126); LMNA(1073); LMNA(1073); DNMT1(877); DNMT1(877)
ICD10:G130,knowledge_full,195,184,0.9435897435897436,101.5,164.38686131386862,348.0,0.47649152761558805,4775.0,0.040145985401459854,0.22627737226277372,0.8832116788321168,APOA1(1126); LMNA(1073); LMNA(1073); DNMT1(877); DNMT1(877)
Simpson-Golabi-Behmel syndrome type 1,knowledge_full,4,4,1.0,101.5,132.75,218.60000000000002,0.2904896421845574,4940.0,0.0,0.25,1.0,GPC3(260); OFD1(122); GPC4(81); PIGA(68)
Congenital diarrhea,knowledge_full,2,2,1.0,101.5,101.5,110.7,0.05665024630541882,4829.5,0.0,0.0,1.0,MYO5B(113); STX3(90)
Microvillus inclusion disease,knowledge_full,2,2,1.0,101.5,101.5,110.7,0.05665024630541882,4829.5,0.0,0.0,1.0,MYO5B(113); STX3(90)
Diarrhea,knowledge_full,2,2,1.0,101.5,101.5,110.7,0.05665024630541882,4829.5,0.0,0.0,1.0,MYO5B(113); STX3(90)
Osteochondrodysplasia,knowledge_full,54,54,1.0,101.0,211.4578313253012,501.79999999999967,0.47944681695272917,4776.0,0.10843373493975904,0.3614457831325301,0.9397590361445783,COL1A1(856); COL1A1(856); FGFR1(758); RUNX2(641); FGFR3(615)
ICD10:Q789,knowledge_full,54,54,1.0,101.0,211.4578313253012,501.79999999999967,0.47944681695272917,4776.0,0.10843373493975904,0.3614457831325301,0.9397590361445783,COL1A1(856); COL1A1(856); FGFR1(758); RUNX2(641); FGFR3(615)
Ocular motility disease,knowledge_full,7,7,1.0,101.0,129.85714285714286,240.80000000000007,0.3888103096023889,4787.0,0.0,0.14285714285714285,0.8571428571428571,TUBB3(374); TUBB2B(152); MAFB(117); KIF21A(101); FRMD7(63)
Neurodegeneration with brain iron accumulation,knowledge_full,5,5,1.0,101.0,129.4,218.6,0.3109737248840803,4791.0,0.0,0.2,1.0,FTL(241); PLA2G6(185); PANK2(101); WDR45(76); C19ORF12(44)
Floating-Harbor syndrome,knowledge_full,1,1,1.0,101.0,101.0,101.0,0.0,4795.0,0.0,0.0,1.0,SRCAP(101)
Pantothenate kinase-associated neurodegeneration,knowledge_full,1,1,1.0,101.0,101.0,101.0,0.0,4791.0,0.0,0.0,1.0,PANK2(101)
ICD10:G230,knowledge_full,1,1,1.0,101.0,101.0,101.0,0.0,4791.0,0.0,0.0,1.0,PANK2(101)
X-linked juvenile retinoschisis 1,knowledge_full,1,1,1.0,101.0,101.0,101.0,0.0,4811.0,0.0,0.0,1.0,RS1(101)
Retinoschisis,knowledge_full,1,1,1.0,101.0,101.0,101.0,0.0,4811.0,0.0,0.0,1.0,RS1(101)
Bowen-Conradi syndrome,knowledge_full,1,1,1.0,101.0,101.0,101.0,0.0,4778.0,0.0,0.0,1.0,EMG1(101)
Sinoatrial node disease,knowledge_full,3,3,1.0,100.0,306.0,604.0,0.4662309368191721,4865.0,0.3333333333333333,0.3333333333333333,1.0,SCN5A(730); HCN4(100); MYH6(88)
Sick sinus syndrome,knowledge_full,3,3,1.0,100.0,306.0,604.0,0.4662309368191721,4865.0,0.3333333333333333,0.3333333333333333,1.0,SCN5A(730); HCN4(100); MYH6(88)
ICD10:I49,knowledge_full,3,3,1.0,100.0,306.0,604.0,0.4662309368191721,4865.0,0.3333333333333333,0.3333333333333333,1.0,SCN5A(730); HCN4(100); MYH6(88)
ICD10:I495,knowledge_full,3,3,1.0,100.0,306.0,604.0,0.4662309368191721,4865.0,0.3333333333333333,0.3333333333333333,1.0,SCN5A(730); HCN4(100); MYH6(88)
ICD10:G,knowledge_full,1116,1085,0.9722222222222222,99.0,231.911434236616,410.79999999999995,0.633722177887194,4911.0,0.07997356245869135,0.23132848645076007,0.8420356906807667,TNF(6439); TNF(6439); IL6(5459); APOE(5224); APOE(5224)
Chromosomal duplication syndrome,knowledge_full,46,46,1.0,99.0,326.5217391304348,493.0,0.7258380130840039,4895.0,0.10869565217391304,0.17391304347826086,0.8260869565217391,APOE(5224); APP(3187); FGFR1(758); MECP2(736); CST3(646)
Osteogenesis imperfecta,knowledge_full,27,27,1.0,99.0,188.11363636363637,388.0,0.48867343240304456,4891.0,0.045454545454545456,0.36363636363636365,0.8863636363636364,COL1A1(856); COL1A1(856); COL1A2(405); COL1A2(405); SPARC(388)
ICD10:Q780,knowledge_full,27,27,1.0,99.0,188.11363636363637,388.0,0.48867343240304456,4891.0,0.045454545454545456,0.36363636363636365,0.8863636363636364,COL1A1(856); COL1A1(856); COL1A2(405); COL1A2(405); SPARC(388)
Variable age at onset electroclinical syndrome,knowledge_full,5,5,1.0,99.0,101.0,154.0,0.24950495049504956,4911.0,0.0,0.0,1.0,CSTB(162); SCARB2(142); EPM2A(99); NHLRC1(53); PRICKLE1(49)
Progressive myoclonus epilepsy,knowledge_full,5,5,1.0,99.0,101.0,154.0,0.24950495049504956,4911.0,0.0,0.0,1.0,CSTB(162); SCARB2(142); EPM2A(99); NHLRC1(53); PRICKLE1(49)
Achondrogenesis,knowledge_full,3,3,1.0,99.0,187.33333333333334,324.6,0.35468564650059314,4882.0,0.0,0.3333333333333333,1.0,COL2A1(381); TRIP11(99); SLC26A2(82)
ICD10:Q770,knowledge_full,3,3,1.0,99.0,187.33333333333334,324.6,0.35468564650059314,4882.0,0.0,0.3333333333333333,1.0,COL2A1(381); TRIP11(99); SLC26A2(82)
Smith-Magenis syndrome,knowledge_full,1,1,1.0,99.0,99.0,99.0,0.0,4880.0,0.0,0.0,1.0,RAI1(99)
Potocki-Lupski syndrome,knowledge_full,1,1,1.0,99.0,99.0,99.0,0.0,4880.0,0.0,0.0,1.0,RAI1(99)
Netherton syndrome,knowledge_full,1,1,1.0,99.0,99.0,99.0,0.0,4901.0,0.0,0.0,1.0,SPINK5(99)
Centronuclear myopathy X-linked,knowledge_full,1,1,1.0,99.0,99.0,99.0,0.0,4884.0,0.0,0.0,1.0,MTM1(99)
Bronchial disease,knowledge_full,14,14,1.0,98.5,161.57142857142858,327.1,0.45541240368826574,4926.0,0.07142857142857142,0.2857142857142857,0.8571428571428571,CHI3L1(574); PLA2G7(337); SAA1(304); TBX21(226); ADAM33(160)
ICD10:J4,knowledge_full,14,14,1.0,98.5,161.57142857142858,327.1,0.45541240368826574,4926.0,0.07142857142857142,0.2857142857142857,0.8571428571428571,CHI3L1(574); PLA2G7(337); SAA1(304); TBX21(226); ADAM33(160)
Asthma,knowledge_full,12,12,1.0,98.5,157.91666666666666,325.90000000000003,0.4637203166226913,4926.0,0.08333333333333333,0.25,0.8333333333333334,CHI3L1(574); PLA2G7(337); TBX21(226); ADAM33(160); ORMDL3(133)
ICD10:J45,knowledge_full,12,12,1.0,98.5,157.91666666666666,325.90000000000003,0.4637203166226913,4926.0,0.08333333333333333,0.25,0.8333333333333334,CHI3L1(574); PLA2G7(337); TBX21(226); ADAM33(160); ORMDL3(133)
Septooptic dysplasia,knowledge_full,4,4,1.0,98.5,265.5,607.7000000000002,0.5522598870056498,5208.0,0.25,0.25,1.0,SOX2(815); OTX2(124); SOX3(73); HESX1(50)
ICD10:Q7,knowledge_full,141,139,0.9858156028368794,98.0,222.9402985074627,615.0,0.5783616784746904,4940.0,0.12437810945273632,0.29850746268656714,0.835820895522388,TGFB1(5005); ITGB3(1220); IDH1(979); COL1A1(856); COL1A1(856)
Migraine,knowledge_full,21,20,0.9523809523809523,98.0,199.25,402.6,0.6174027603513175,4996.0,0.05,0.25,0.75,YAP1(1503); NRP1(435); SCN1A(399); CACNA1A(274); RNF213(227)
ICD10:G43,knowledge_full,21,20,0.9523809523809523,98.0,199.25,402.6,0.6174027603513175,4996.0,0.05,0.25,0.75,YAP1(1503); NRP1(435); SCN1A(399); CACNA1A(274); RNF213(227)
Severe congenital neutropenia,knowledge_full,9,9,1.0,98.0,155.0,284.8,0.3506172839506173,4953.0,0.0,0.3333333333333333,1.0,ELANE(336); WAS(272); HAX1(253); CSF3R(158); GFI1(98)
Restless legs syndrome,knowledge_full,6,6,1.0,98.0,89.16666666666667,137.0,0.27881619937694707,4978.0,0.0,0.0,0.8333333333333334,MEIS1(144); PTPRD(130); MAP2K5(105); TOX3(91); BTBD9(48)
ICD10:G25,knowledge_full,6,6,1.0,98.0,89.16666666666667,137.0,0.27881619937694707,4978.0,0.0,0.0,0.8333333333333334,MEIS1(144); PTPRD(130); MAP2K5(105); TOX3(91); BTBD9(48)
ICD10:G258,knowledge_full,6,6,1.0,98.0,89.16666666666667,137.0,0.27881619937694707,4978.0,0.0,0.0,0.8333333333333334,MEIS1(144); PTPRD(130); MAP2K5(105); TOX3(91); BTBD9(48)
Meier-Gorlin syndrome,knowledge_full,5,5,1.0,98.0,116.6,166.4,0.1914236706689536,4983.0,0.0,0.0,1.0,CDC6(186); CDT1(137); ORC1(98); ORC4(94); ORC6(68)
Fundus dystrophy,knowledge_full,4,4,1.0,98.0,112.0,177.70000000000002,0.2756696428571429,5607.0,0.0,0.0,1.0,BEST1(196); RPE65(135); RDH5(61); RLBP1(56)
Cri-Du-Chat syndrome,knowledge_full,1,1,1.0,98.0,98.0,98.0,0.0,4976.0,0.0,0.0,1.0,CTNND2(98)
ICD10:Q934,knowledge_full,1,1,1.0,98.0,98.0,98.0,0.0,4976.0,0.0,0.0,1.0,CTNND2(98)
Hereditary spastic paraplegia 7,knowledge_full,1,1,1.0,98.0,98.0,98.0,0.0,4940.0,0.0,0.0,1.0,SPG7(98)
Lissencephaly,knowledge_full,38,38,1.0,97.5,142.79545454545453,342.10000000000036,0.4652923473152663,4980.5,0.022727272727272728,0.22727272727272727,0.8181818181818182,TP73(693); CDK5(458); TUBA1A(379); TUBA1A(379); TUBA1A(379)
Xanthinuria,knowledge_full,2,2,1.0,97.5,97.5,151.5,0.34615384615384626,7628.5,0.0,0.0,0.5,XDH(165); MOCOS(30)
Panhypopituitarism,knowledge_full,27,27,1.0,97.0,176.2962962962963,457.6000000000002,0.5413165266106442,5018.0,0.07407407407407407,0.2222222222222222,0.8148148148148148,SOX2(815); FGFR1(758); BMP4(514); PAX6(420); GLI2(226)
Nemaline myopathy,knowledge_full,11,11,1.0,97.0,142.1818181818182,438.9000000000003,0.5327830737037899,5019.0,0.0,0.22727272727272727,0.6363636363636364,ACTA1(454); ACTA1(454); ACTA1(454); TPM3(303); TPM3(303)
Pigmentation disease,knowledge_full,5,5,1.0,97.0,218.4,461.8,0.46483516483516485,5029.0,0.2,0.4,1.0,IKBKG(559); KRT5(316); PSENEN(97); POFUT1(75); POGLUT1(45)
ICD10:L81,knowledge_full,5,5,1.0,97.0,218.4,461.8,0.46483516483516485,5029.0,0.2,0.4,1.0,IKBKG(559); KRT5(316); PSENEN(97); POFUT1(75); POGLUT1(45)
ICD10:L819,knowledge_full,5,5,1.0,97.0,218.4,461.8,0.46483516483516485,5029.0,0.2,0.4,1.0,IKBKG(559); KRT5(316); PSENEN(97); POFUT1(75); POGLUT1(45)
Familial glucocorticoid deficiency,knowledge_full,5,5,1.0,97.0,118.6,203.20000000000002,0.32782462057335576,5009.0,0.0,0.2,0.8,MCM4(270); NNT(103); MC2R(97); TXNRD2(89); MRAP(34)
Mucopolysaccharidosis I,knowledge_full,1,1,1.0,97.0,97.0,97.0,0.0,4991.0,0.0,0.0,1.0,IDUA(97)
Brody myopathy,knowledge_full,1,1,1.0,97.0,97.0,97.0,0.0,5027.0,0.0,0.0,1.0,ATP2A1(97)
Atrophic muscular disease,knowledge_full,1,1,1.0,97.0,97.0,97.0,0.0,5027.0,0.0,0.0,1.0,ATP2A1(97)
Autosomal dominant distal hereditary motor neuronopathy 2,knowledge_full,4,4,1.0,96.5,255.0,607.2000000000002,0.6004901960784313,6034.0,0.25,0.25,0.75,HSPB1(807); HSPB8(141); FBXO38(52); HSPB3(20)
Nuclear type mitochondrial complex I deficiency,knowledge_full,1,1,1.0,96.0,96.0,96.0,0.0,5039.0,0.0,0.0,1.0,ACAD9(96)
Nuclear type mitochondrial complex I deficiency 20,knowledge_full,1,1,1.0,96.0,96.0,96.0,0.0,5039.0,0.0,0.0,1.0,ACAD9(96)
nail-patella syndrome,knowledge_full,1,1,1.0,96.0,96.0,96.0,0.0,5041.0,0.0,0.0,1.0,LMX1B(96)
Lysosomal storage disease,knowledge_full,62,61,0.9838709677419355,95.5,131.52173913043478,247.3000000000001,0.3867445203018326,5072.0,0.021739130434782608,0.11956521739130435,0.9130434782608695,GRN(608); GRN(608); APOC3(467); PNPLA3(441); CTSD(428)
Senile Seminal Vesicle Amyloidosis,knowledge_full,1,1,1.0,95.0,95.0,95.0,0.0,5092.0,0.0,0.0,1.0,SEMG1(95)
Allan-Herndon-Dudley syndrome,knowledge_full,1,1,1.0,95.0,95.0,95.0,0.0,5096.0,0.0,0.0,1.0,SLC16A2(95)
Leukodystrophy,knowledge_full,53,52,0.9811320754716981,94.5,135.8125,271.7,0.43482153129314316,5142.5,0.015625,0.171875,0.828125,HSPD1(728); NOTCH3(508); GFAP(380); GFAP(380); LMNB1(372)
Cerebral degeneration,knowledge_full,53,52,0.9811320754716981,94.5,135.8125,271.7,0.43482153129314316,5142.5,0.015625,0.171875,0.828125,HSPD1(728); NOTCH3(508); GFAP(380); GFAP(380); LMNB1(372)
Brain disease,knowledge_full,543,533,0.9815837937384899,94.0,175.09021406727828,334.0,0.5642927710261306,5195.0,0.05504587155963303,0.18654434250764526,0.8134556574923547,APOE(5224); APP(3187); MTOR(2566); MAPT(2219); MAPT(2219)
ICD10:G93,knowledge_full,543,533,0.9815837937384899,94.0,175.09021406727828,334.0,0.5642927710261306,5195.0,0.05504587155963303,0.18654434250764526,0.8134556574923547,APOE(5224); APP(3187); MTOR(2566); MAPT(2219); MAPT(2219)
ICD10:G939,knowledge_full,543,533,0.9815837937384899,94.0,175.09021406727828,334.0,0.5642927710261306,5195.0,0.05504587155963303,0.18654434250764526,0.8134556574923547,APOE(5224); APP(3187); MTOR(2566); MAPT(2219); MAPT(2219)
Kindler syndrome,knowledge_full,1,1,1.0,94.0,94.0,94.0,0.0,5158.0,0.0,0.0,1.0,FERMT1(94)
Developmental and epileptic encephalopathy 26,knowledge_full,1,1,1.0,94.0,94.0,94.0,0.0,5192.0,0.0,0.0,1.0,KCNB1(94)
Fucosidosis,knowledge_full,1,1,1.0,94.0,94.0,94.0,0.0,5153.0,0.0,0.0,1.0,FUCA1(94)
Ghosal hematodiaphyseal syndrome,knowledge_full,1,1,1.0,94.0,94.0,94.0,0.0,5166.0,0.0,0.0,1.0,TBXAS1(94)
Hereditary folate malabsorption,knowledge_full,1,1,1.0,94.0,94.0,94.0,0.0,5200.0,0.0,0.0,1.0,SLC46A1(94)
Psychotic disorder,knowledge_full,23,22,0.9565217391304348,93.5,425.6818181818182,1252.5000000000016,0.7435179342814154,5219.0,0.18181818181818182,0.22727272727272727,0.8636363636363636,AKT1(3744); COMT(2073); DRD2(1325); YWHAE(600); C4A(245)
ICD10:F2,knowledge_full,23,22,0.9565217391304348,93.5,425.6818181818182,1252.5000000000016,0.7435179342814154,5219.0,0.18181818181818182,0.22727272727272727,0.8636363636363636,AKT1(3744); COMT(2073); DRD2(1325); YWHAE(600); C4A(245)
Nervous system disease,knowledge_full,1590,1554,0.9773584905660377,93.0,216.67147225862823,399.40000000000055,0.6339863324189685,5252.0,0.07951070336391437,0.22804718217562253,0.8051550895587593,TNF(6439); IL6(5459); APOE(5224); APOE(5224); APOE(5224)
Cholestasis,knowledge_full,20,20,1.0,93.0,131.10344827586206,286.4,0.38783580329771994,5247.0,0.0,0.13793103448275862,0.8275862068965517,ABCC2(361); NR1H4(320); NR1H4(320); SLC25A13(278); TJP2(198)
Intrahepatic cholestasis,knowledge_full,20,20,1.0,93.0,131.10344827586206,286.4,0.38783580329771994,5247.0,0.0,0.13793103448275862,0.8275862068965517,ABCC2(361); NR1H4(320); NR1H4(320); SLC25A13(278); TJP2(198)
ICD10:K831,knowledge_full,20,20,1.0,93.0,131.10344827586206,286.4,0.38783580329771994,5247.0,0.0,0.13793103448275862,0.8275862068965517,ABCC2(361); NR1H4(320); NR1H4(320); SLC25A13(278); TJP2(198)
Hemophagocytic lymphohistiocytosis,knowledge_full,3,3,1.0,93.0,128.66666666666666,205.0,0.29879101899827293,5207.0,0.0,0.3333333333333333,1.0,PRF1(233); UNC13D(93); STX11(60)
ICD10:D76,knowledge_full,3,3,1.0,93.0,128.66666666666666,205.0,0.29879101899827293,5207.0,0.0,0.3333333333333333,1.0,PRF1(233); UNC13D(93); STX11(60)
ICD10:D761,knowledge_full,3,3,1.0,93.0,128.66666666666666,205.0,0.29879101899827293,5207.0,0.0,0.3333333333333333,1.0,PRF1(233); UNC13D(93); STX11(60)
KBG syndrome,knowledge_full,1,1,1.0,93.0,93.0,93.0,0.0,5231.0,0.0,0.0,1.0,ANKRD11(93)
Neuronal ceroid lipofuscinosis,knowledge_full,14,14,1.0,92.0,156.8695652173913,428.0,0.5029885279089945,5284.0,0.08695652173913043,0.17391304347826086,0.782608695652174,GRN(608); GRN(608); CTSD(428); CTSD(428); TPP1(161)
ICD10:E754,knowledge_full,14,14,1.0,92.0,156.8695652173913,428.0,0.5029885279089945,5284.0,0.08695652173913043,0.17391304347826086,0.782608695652174,GRN(608); GRN(608); CTSD(428); CTSD(428); TPP1(161)
Neuronal ceroid lipofuscinosis 6A,knowledge_full,1,1,1.0,92.0,92.0,92.0,0.0,5284.0,0.0,0.0,1.0,CLN6(92)
Bone cancer,knowledge_full,1,1,1.0,92.0,92.0,92.0,0.0,5269.0,0.0,0.0,1.0,TBXT(92)
Chordoma,knowledge_full,1,1,1.0,92.0,92.0,92.0,0.0,5269.0,0.0,0.0,1.0,TBXT(92)
Notochordal cancer,knowledge_full,1,1,1.0,92.0,92.0,92.0,0.0,5269.0,0.0,0.0,1.0,TBXT(92)
Sly syndrome,knowledge_full,1,1,1.0,92.0,92.0,92.0,0.0,5299.0,0.0,0.0,1.0,GUSB(92)
Gordon Holmes syndrome,knowledge_full,2,2,1.0,91.5,91.5,110.3,0.12841530054644812,5616.0,0.0,0.0,1.0,PNPLA6(115); RNF216(68)
Microphthalmia,knowledge_full,66,66,1.0,91.0,177.97894736842105,411.20000000000016,0.5693337317744325,5354.0,0.07368421052631578,0.23157894736842105,0.7684210526315789,YAP1(1503); SOX2(815); SOX2(815); SOX2(815); GJA1(769)
ICD10:Q1,knowledge_full,66,66,1.0,91.0,177.97894736842105,411.20000000000016,0.5693337317744325,5354.0,0.07368421052631578,0.23157894736842105,0.7684210526315789,YAP1(1503); SOX2(815); SOX2(815); SOX2(815); GJA1(769)
ICD10:Q11,knowledge_full,66,66,1.0,91.0,177.97894736842105,411.20000000000016,0.5693337317744325,5354.0,0.07368421052631578,0.23157894736842105,0.7684210526315789,YAP1(1503); SOX2(815); SOX2(815); SOX2(815); GJA1(769)
ICD10:Q112,knowledge_full,66,66,1.0,91.0,177.97894736842105,411.20000000000016,0.5693337317744325,5354.0,0.07368421052631578,0.23157894736842105,0.7684210526315789,YAP1(1503); SOX2(815); SOX2(815); SOX2(815); GJA1(769)
Oculocutaneous albinism,knowledge_full,8,8,1.0,91.0,131.125,273.29999999999995,0.4369637750238322,5377.0,0.0,0.25,0.75,MC1R(379); TYR(228); OCA2(132); TYRP1(100); SLC45A2(82)
Birk-Barel syndrome,knowledge_full,1,1,1.0,91.0,91.0,91.0,0.0,5364.0,0.0,0.0,1.0,KCNK9(91)
Familial temporal lobe epilepsy 1,knowledge_full,4,4,1.0,90.5,127.0,207.40000000000003,0.27657480314960625,5373.5,0.0,0.25,1.0,RELN(256); DEPDC5(94); LGI1(87); MICAL1(71)
Temporal lobe epilepsy,knowledge_full,4,4,1.0,90.5,127.0,207.40000000000003,0.27657480314960625,5373.5,0.0,0.25,1.0,RELN(256); DEPDC5(94); LGI1(87); MICAL1(71)
Duane retraction syndrome,knowledge_full,2,2,1.0,90.0,90.0,111.6,0.1499999999999999,5796.0,0.0,0.0,1.0,MAFB(117); CHN1(63)
Strabismus,knowledge_full,2,2,1.0,90.0,90.0,111.6,0.1499999999999999,5796.0,0.0,0.0,1.0,MAFB(117); CHN1(63)
ICD10:G4,knowledge_full,345,340,0.9855072463768116,89.0,159.4820143884892,285.40000000000003,0.5481197863794853,5447.0,0.02877697841726619,0.1510791366906475,0.8249400479616307,TNF(6439); HLA-DRB1(2868); MTOR(2566); HLA-DQB1(1556); YAP1(1503)
Prader-Willi syndrome,knowledge_full,2,2,1.0,89.0,89.0,123.4,0.2415730337078652,6575.0,0.0,0.0,1.0,OCA2(132); AANAT(46)
Otulipenia,knowledge_full,1,1,1.0,89.0,89.0,89.0,0.0,5440.0,0.0,0.0,1.0,OTULIN(89)
Autosomal recessive disease,knowledge_full,498,496,0.9959839357429718,88.0,197.73639455782313,364.30000000000007,0.6081381154410693,5505.0,0.06462585034013606,0.20748299319727892,0.8078231292517006,APOE(5224); TGFB1(5005); NFKB1(3390); HLA-DRB1(2868); MAPT(2219)
Epilepsy,knowledge_full,321,317,0.9875389408099688,88.0,128.82776349614397,256.59999999999997,0.45008886166276113,5527.0,0.015424164524421594,0.13624678663239073,0.8251928020565553,MTOR(2566); SLC2A1(790); USP7(636); PAK1(569); TSC2(541)
ICD10:G40,knowledge_full,321,317,0.9875389408099688,88.0,128.82776349614397,256.59999999999997,0.45008886166276113,5527.0,0.015424164524421594,0.13624678663239073,0.8251928020565553,MTOR(2566); SLC2A1(790); USP7(636); PAK1(569); TSC2(541)
Palmoplantar keratosis,knowledge_full,40,39,0.975,88.0,154.1,275.70000000000016,0.48088092147955874,5509.0,0.05,0.2,0.9,GJB2(860); GJA1(769); DSP(399); JUP(390); KRT1(263)
Hypogonadotropic hypogonadism,knowledge_full,24,24,1.0,88.0,133.7560975609756,230.0,0.5097845617405846,5488.0,0.04878048780487805,0.12195121951219512,0.7073170731707317,FGFR1(758); FGFR1(758); AXL(408); SOX10(230); SOX10(230)
Hypogonadism,knowledge_full,24,24,1.0,88.0,133.7560975609756,230.0,0.5097845617405846,5488.0,0.04878048780487805,0.12195121951219512,0.7073170731707317,FGFR1(758); FGFR1(758); AXL(408); SOX10(230); SOX10(230)
Kallmann syndrome,knowledge_full,24,24,1.0,88.0,133.7560975609756,230.0,0.5097845617405846,5488.0,0.04878048780487805,0.12195121951219512,0.7073170731707317,FGFR1(758); FGFR1(758); AXL(408); SOX10(230); SOX10(230)
3-M syndrome,knowledge_full,3,3,1.0,88.0,92.66666666666667,118.4,0.14868105515587526,5490.0,0.0,0.0,1.0,CUL7(126); OBSL1(88); CCDC8(64)
Bernard-Soulier syndrome,knowledge_full,3,3,1.0,88.0,172.66666666666666,353.0,0.3552123552123552,5505.0,0.0,0.3333333333333333,1.0,GP1BA(353); GP1BA(353); GP1BB(88); GP1BB(88); GP9(77)
Krabbe disease,knowledge_full,1,1,1.0,88.0,88.0,88.0,0.0,5480.0,0.0,0.0,1.0,GALC(88)
Chronic atrial and intestinal dysrhythmia,knowledge_full,1,1,1.0,88.0,88.0,88.0,0.0,5532.0,0.0,0.0,1.0,SGO1(88)
Hyaline fibromatosis syndrome,knowledge_full,1,1,1.0,88.0,88.0,88.0,0.0,5494.0,0.0,0.0,1.0,ANTXR2(88)
ICD10:E77,knowledge_full,6,6,1.0,87.5,97.5,145.5,0.21225071225071224,5575.0,0.0,0.0,1.0,NEU1(158); MCOLN1(133); FUCA1(94); GNPTAB(81); AGA(69)
ICD10:E771,knowledge_full,6,6,1.0,87.5,97.5,145.5,0.21225071225071224,5575.0,0.0,0.0,1.0,NEU1(158); MCOLN1(133); FUCA1(94); GNPTAB(81); AGA(69)
CAKUT,knowledge_full,17,17,1.0,87.0,119.76470588235294,237.20000000000005,0.47781116375823407,5567.0,0.0,0.11764705882352941,0.7058823529411765,BMP4(514); HNF1B(308); PAX2(190); SIX1(187); WNT4(125)
Townes-Brocks syndrome,knowledge_full,1,1,1.0,87.0,87.0,87.0,0.0,5567.0,0.0,0.0,1.0,SALL1(87)
Adermatoglyphia,knowledge_full,1,1,1.0,87.0,87.0,87.0,0.0,5588.0,0.0,0.0,1.0,SMARCAD1(87)
Glycogen storage disease IV,knowledge_full,1,1,1.0,87.0,87.0,87.0,0.0,5593.0,0.0,0.0,1.0,GBE1(87)
Dentinogenesis imperfecta,knowledge_full,1,1,1.0,87.0,87.0,87.0,0.0,5565.0,0.0,0.0,1.0,DSPP(87)
Porphyria,knowledge_full,9,9,1.0,86.0,203.0,334.60000000000014,0.5230189138235115,5632.0,0.1111111111111111,0.1111111111111111,1.0,HFE(1001); FECH(168); ALAD(149); HMBS(145); CPOX(86)
ICD10:E802,knowledge_full,9,9,1.0,86.0,203.0,334.60000000000014,0.5230189138235115,5632.0,0.1111111111111111,0.1111111111111111,1.0,HFE(1001); FECH(168); ALAD(149); HMBS(145); CPOX(86)
Dowling-Degos disease,knowledge_full,4,4,1.0,86.0,133.25,250.30000000000004,0.39165103189493433,5722.5,0.0,0.25,1.0,KRT5(316); PSENEN(97); POFUT1(75); POGLUT1(45)
White sponge nevus,knowledge_full,2,2,1.0,86.0,86.0,99.6,0.09883720930232553,5797.5,0.0,0.0,1.0,KRT13(103); KRT4(69)
Hypertrichotic osteochondrodysplasia Cantu type,knowledge_full,1,1,1.0,86.0,86.0,86.0,0.0,5649.0,0.0,0.0,1.0,ABCC9(86)
Combined oxidative phosphorylation deficiency 1,knowledge_full,1,1,1.0,86.0,86.0,86.0,0.0,5651.0,0.0,0.0,1.0,GFM1(86)
"Otospondylomegaepiphyseal dysplasia, autosomal recessive",knowledge_full,1,1,1.0,86.0,86.0,86.0,0.0,5623.0,0.0,0.0,1.0,COL11A2(86)
"Otospondylomegaepiphyseal dysplasia, autosomal dominant",knowledge_full,1,1,1.0,86.0,86.0,86.0,0.0,5623.0,0.0,0.0,1.0,COL11A2(86)
Cystinosis,knowledge_full,1,1,1.0,86.0,86.0,86.0,0.0,5643.0,0.0,0.0,1.0,CTNS(86)
Autosomal dominant intellectual developmental disorder 29,knowledge_full,1,1,1.0,86.0,86.0,86.0,0.0,5635.0,0.0,0.0,1.0,SETBP1(86)
Schinzel Giedion syndrome,knowledge_full,1,1,1.0,86.0,86.0,86.0,0.0,5635.0,0.0,0.0,1.0,SETBP1(86)
Klinefelter syndrome,knowledge_full,33,33,1.0,85.0,114.72727272727273,197.00000000000003,0.45337687492996526,5681.0,0.030303030303030304,0.06060606060606061,0.7575757575757576,FGFR1(758); KISS1(312); CHD7(209); SEMA3A(202); SMCHD1(177)
ICD10:Q98,knowledge_full,33,33,1.0,85.0,114.72727272727273,197.00000000000003,0.45337687492996526,5681.0,0.030303030303030304,0.06060606060606061,0.7575757575757576,FGFR1(758); KISS1(312); CHD7(209); SEMA3A(202); SMCHD1(177)
ICD10:Q980,knowledge_full,33,33,1.0,85.0,114.72727272727273,197.00000000000003,0.45337687492996526,5681.0,0.030303030303030304,0.06060606060606061,0.7575757575757576,FGFR1(758); KISS1(312); CHD7(209); SEMA3A(202); SMCHD1(177)
ICD10:Q984,knowledge_full,33,33,1.0,85.0,114.72727272727273,197.00000000000003,0.45337687492996526,5681.0,0.030303030303030304,0.06060606060606061,0.7575757575757576,FGFR1(758); KISS1(312); CHD7(209); SEMA3A(202); SMCHD1(177)
Shwachman-Diamond syndrome,knowledge_full,4,4,1.0,85.0,81.75,111.1,0.19036697247706424,6062.5,0.0,0.0,1.0,SBDS(112); SRP54(109); DNAJC21(61); EFL1(45)
Mucopolysaccharidosis VI,knowledge_full,1,1,1.0,85.0,85.0,85.0,0.0,5700.0,0.0,0.0,1.0,ARSB(85)
Immunodeficiency 23,knowledge_full,1,1,1.0,85.0,85.0,85.0,0.0,5695.0,0.0,0.0,1.0,PGM3(85)
ICD10:E70,knowledge_full,15,15,1.0,84.5,140.6875,323.0,0.4231175033318525,5752.5,0.0,0.3125,0.8125,MC1R(379); PAH(323); PAH(323); TYR(228); GCH1(226)
Mucopolysaccharidosis,knowledge_full,14,14,1.0,84.5,76.95454545454545,114.10000000000004,0.22872254738763897,5718.5,0.0,0.0,0.8636363636363636,GLB1(175); IDS(116); IDS(116); IDUA(97); IDUA(97)
ICD10:E76,knowledge_full,14,14,1.0,84.5,76.95454545454545,114.10000000000004,0.22872254738763897,5718.5,0.0,0.0,0.8636363636363636,GLB1(175); IDS(116); IDS(116); IDUA(97); IDUA(97)
Acquired metabolic disease,knowledge_full,74,73,0.9864864864864865,84.0,260.37333333333333,653.2,0.650923118940325,5782.0,0.14666666666666667,0.26666666666666666,0.7866666666666666,ADIPOQ(2462); PPARG(2273); LEP(1911); FTO(1049); LEPR(744)
ICD10:G60,knowledge_full,4,4,1.0,84.0,270.25,638.0000000000001,0.5774745605920444,6304.5,0.25,0.25,1.0,PRNP(863); APCS(113); PHYH(55); PEX7(50)
thiamine-responsive megaloblastic anemia syndrome,knowledge_full,1,1,1.0,84.0,84.0,84.0,0.0,5744.0,0.0,0.0,1.0,SLC19A2(84)
Hereditary spastic paraplegia 8,knowledge_full,1,1,1.0,84.0,84.0,84.0,0.0,5773.0,0.0,0.0,1.0,WASHC5(84)
deafness-dystonia-optic neuronopathy syndrome,knowledge_full,1,1,1.0,84.0,84.0,84.0,0.0,5757.0,0.0,0.0,1.0,TIMM8A(84)
Koolen de Vries syndrome,knowledge_full,1,1,1.0,84.0,84.0,84.0,0.0,5756.0,0.0,0.0,1.0,KANSL1(84)
Coloboma,knowledge_full,86,86,1.0,83.0,175.24418604651163,393.0,0.5670022359282343,5849.0,0.06976744186046512,0.2441860465116279,0.7558139534883721,YAP1(1503); SOX2(815); ACTB(774); GJA1(769); ERCC1(756)
Polyarteritis nodosa,knowledge_full,3,3,1.0,83.0,150.0,259.8,0.35703703703703704,5819.0,0.0,0.3333333333333333,1.0,SAA1(304); ADA2(83); SAA2(63)
ICD10:M30,knowledge_full,3,3,1.0,83.0,150.0,259.8,0.35703703703703704,5819.0,0.0,0.3333333333333333,1.0,SAA1(304); ADA2(83); SAA2(63)
Neuronal ceroid lipofuscinosis 4,knowledge_full,1,1,1.0,83.0,83.0,83.0,0.0,5829.0,0.0,0.0,1.0,DNAJC5(83)
X-linked chondrodysplasia punctata 2,knowledge_full,1,1,1.0,83.0,83.0,83.0,0.0,5844.0,0.0,0.0,1.0,EBP(83)
Autosomal dominant intellectual developmental disorder 5,knowledge_full,1,1,1.0,83.0,83.0,83.0,0.0,5830.0,0.0,0.0,1.0,SYNGAP1(83)
ICD10:G31,knowledge_full,85,70,0.8235294117647058,82.0,304.91764705882355,349.0,0.7399000467537891,5900.0,0.08235294117647059,0.18823529411764706,0.8117647058823529,APOE(5224); APP(3187); SNCA(2250); SNCA(2250); MAPT(2219)
Focal epilepsy,knowledge_full,12,12,1.0,82.0,104.1875,221.5,0.3251724655068986,5922.5,0.0,0.1875,0.9375,RELN(256); CRH(227); CHRNA4(216); CHRNB2(131); DEPDC5(94)
Usher syndrome,knowledge_full,11,11,1.0,82.0,88.8,162.0,0.28628628628628633,5883.0,0.0,0.0,0.8,MYO7A(164); USH2A(162); USH2A(162); PCDH15(128); CDH23(100)
Chromosome 1q21.1 deletion syndrome,knowledge_full,9,9,1.0,82.0,68.44444444444444,103.4,0.2604617604617605,5925.0,0.0,0.0,0.5555555555555556,CHD1L(109); GJA5(102); GJA8(98); BCL9(91); PRKAB2(82)
ICD10:E703,knowledge_full,9,9,1.0,82.0,124.66666666666667,258.20000000000005,0.4272133095662507,5914.0,0.0,0.2222222222222222,0.7777777777777778,MC1R(379); TYR(228); OCA2(132); TYRP1(100); SLC45A2(82)
Diastrophic dysplasia,knowledge_full,1,1,1.0,82.0,82.0,82.0,0.0,5929.0,0.0,0.0,1.0,SLC26A2(82)
Ohdo syndrome,knowledge_full,1,1,1.0,82.0,82.0,82.0,0.0,5933.0,0.0,0.0,1.0,KAT6B(82)
"Ohdo syndrome,  SBBYS variant",knowledge_full,1,1,1.0,82.0,82.0,82.0,0.0,5933.0,0.0,0.0,1.0,KAT6B(82)
Legius syndrome,knowledge_full,1,1,1.0,82.0,82.0,82.0,0.0,5919.0,0.0,0.0,1.0,SPRED1(82)
Schuurs-Hoeijmakers Syndrome,knowledge_full,1,1,1.0,82.0,82.0,82.0,0.0,5931.0,0.0,0.0,1.0,PACS1(82)
Hypotrichosis,knowledge_full,45,45,1.0,81.0,174.0408163265306,250.4000000000002,0.6276898188919094,6005.0,0.061224489795918366,0.16326530612244897,0.7142857142857143,AR(2708); GJA1(769); SMARCB1(527); AHSG(389); SMARCA2(312)
Perrault syndrome,knowledge_full,5,5,1.0,81.0,112.8,177.8,0.2418439716312056,6000.0,0.0,0.0,1.0,HSD17B4(203); TWNK(140); LARS2(81); CLPP(75); HARS2(65)
Mucolipidosis,knowledge_full,4,4,1.0,81.0,95.875,140.5,0.21626466753585394,5997.0,0.0,0.0,1.0,NEU1(158); MCOLN1(133); MCOLN1(133); GNPTAB(81); GNPTAB(81)
gamma-amino butyric acid metabolism disorder,knowledge_full,2,2,1.0,81.0,81.0,99.4,0.14197530864197527,6369.0,0.0,0.0,1.0,ALDH5A1(104); ABAT(58)
Mucolipidosis II alpha/beta,knowledge_full,1,1,1.0,81.0,81.0,81.0,0.0,5997.0,0.0,0.0,1.0,GNPTAB(81)
Mucolipidosis III alpha/beta,knowledge_full,1,1,1.0,81.0,81.0,81.0,0.0,5997.0,0.0,0.0,1.0,GNPTAB(81)
Cohen syndrome,knowledge_full,1,1,1.0,81.0,81.0,81.0,0.0,5980.0,0.0,0.0,1.0,VPS13B(81)
Eye disease,knowledge_full,458,449,0.980349344978166,80.0,196.4763948497854,390.00000000000045,0.628613826229878,6054.0,0.07725321888412018,0.21745350500715308,0.7682403433476395,APOE(5224); APOE(5224); APOE(5224); APOE(5224); CTNNB1(3354)
Male infertility,knowledge_full,3,3,1.0,80.0,683.3333333333334,1571.2,0.6237398373983739,6079.0,0.3333333333333333,0.3333333333333333,0.6666666666666666,CFTR(1944); AURKC(80); DPY19L2(26)
ICD10:N46,knowledge_full,3,3,1.0,80.0,683.3333333333334,1571.2,0.6237398373983739,6079.0,0.3333333333333333,0.3333333333333333,0.6666666666666666,CFTR(1944); AURKC(80); DPY19L2(26)
Hypermethioninemia,knowledge_full,3,3,1.0,80.0,126.0,202.4,0.2962962962962963,6027.0,0.0,0.3333333333333333,1.0,AHCY(233); MAT1A(80); GNMT(65)
Spermatogenic failure 5,knowledge_full,1,1,1.0,80.0,80.0,80.0,0.0,6079.0,0.0,0.0,1.0,AURKC(80)
"fructose-1,6-bisphosphatase deficiency",knowledge_full,1,1,1.0,80.0,80.0,80.0,0.0,6074.0,0.0,0.0,1.0,ALDOB(80)
ICD10:E741,knowledge_full,1,1,1.0,80.0,80.0,80.0,0.0,6074.0,0.0,0.0,1.0,ALDOB(80)
ICD10:Q79,knowledge_full,23,23,1.0,79.5,150.55,333.0000000000001,0.5400614413816008,6094.0,0.05,0.175,0.7,COL1A1(856); COL1A1(856); COL1A2(405); COL1A2(405); GATA4(325)
Ehlers-Danlos syndrome,knowledge_full,21,21,1.0,79.5,147.92105263157896,336.40000000000043,0.5463955655015497,6094.0,0.05263157894736842,0.15789473684210525,0.6842105263157895,COL1A1(856); COL1A1(856); COL1A2(405); COL1A2(405); COL3A1(307)
Collagen disease,knowledge_full,21,21,1.0,79.5,147.92105263157896,336.40000000000043,0.5463955655015497,6094.0,0.05263157894736842,0.15789473684210525,0.6842105263157895,COL1A1(856); COL1A1(856); COL1A2(405); COL1A2(405); COL3A1(307)
ICD10:Q796,knowledge_full,21,21,1.0,79.5,147.92105263157896,336.40000000000043,0.5463955655015497,6094.0,0.05263157894736842,0.15789473684210525,0.6842105263157895,COL1A1(856); COL1A1(856); COL1A2(405); COL1A2(405); COL3A1(307)
Nutrition disease,knowledge_full,66,65,0.9848484848484849,79.0,257.55384615384617,602.0000000000002,0.6727068045746739,6109.0,0.12307692307692308,0.23076923076923078,0.7692307692307693,ADIPOQ(2462); PPARG(2273); LEP(1911); FTO(1049); LEPR(744)
Overnutrition,knowledge_full,66,65,0.9848484848484849,79.0,257.55384615384617,602.0000000000002,0.6727068045746739,6109.0,0.12307692307692308,0.23076923076923078,0.7692307692307693,ADIPOQ(2462); PPARG(2273); LEP(1911); FTO(1049); LEPR(744)
Obesity,knowledge_full,66,65,0.9848484848484849,79.0,257.55384615384617,602.0000000000002,0.6727068045746739,6109.0,0.12307692307692308,0.23076923076923078,0.7692307692307693,ADIPOQ(2462); PPARG(2273); LEP(1911); FTO(1049); LEPR(744)
ICD10:E6,knowledge_full,66,65,0.9848484848484849,79.0,257.55384615384617,602.0000000000002,0.6727068045746739,6109.0,0.12307692307692308,0.23076923076923078,0.7692307692307693,ADIPOQ(2462); PPARG(2273); LEP(1911); FTO(1049); LEPR(744)
ICD10:E66,knowledge_full,66,65,0.9848484848484849,79.0,257.55384615384617,602.0000000000002,0.6727068045746739,6109.0,0.12307692307692308,0.23076923076923078,0.7692307692307693,ADIPOQ(2462); PPARG(2273); LEP(1911); FTO(1049); LEPR(744)
Pentosuria,knowledge_full,1,1,1.0,79.0,79.0,79.0,0.0,6138.0,0.0,0.0,1.0,DCXR(79)
Kidney disease,knowledge_full,81,81,1.0,78.5,321.74528301886795,552.0,0.7260128958018107,6130.0,0.12264150943396226,0.25471698113207547,0.8018867924528302,TP53(11608); CTNNB1(3354); SPP1(1203); IL1RN(1046); CFH(890)
ICD10:H2,knowledge_full,102,99,0.9705882352941176,78.0,156.37373737373738,384.6,0.5306641768110666,6162.0,0.0707070707070707,0.18181818181818182,0.8181818181818182,VIM(930); ERCC2(920); SLC2A1(790); GJA1(769); ERCC1(756)
Lens disease,knowledge_full,101,98,0.9702970297029703,78.0,153.68367346938774,334.0999999999998,0.529993671992401,6179.5,0.07142857142857142,0.17346938775510204,0.8163265306122449,VIM(930); ERCC2(920); SLC2A1(790); GJA1(769); ERCC1(756)
ICD10:H27,knowledge_full,101,98,0.9702970297029703,78.0,153.68367346938774,334.0999999999998,0.529993671992401,6179.5,0.07142857142857142,0.17346938775510204,0.8163265306122449,VIM(930); ERCC2(920); SLC2A1(790); GJA1(769); ERCC1(756)
ICD10:H279,knowledge_full,101,98,0.9702970297029703,78.0,153.68367346938774,334.0999999999998,0.529993671992401,6179.5,0.07142857142857142,0.17346938775510204,0.8163265306122449,VIM(930); ERCC2(920); SLC2A1(790); GJA1(769); ERCC1(756)
Cataract,knowledge_full,99,96,0.9696969696969697,78.0,150.85416666666666,304.0,0.526580410164342,6179.5,0.0625,0.16666666666666666,0.8125,VIM(930); ERCC2(920); SLC2A1(790); GJA1(769); ERCC1(756)
ICD10:H26,knowledge_full,99,96,0.9696969696969697,78.0,150.85416666666666,304.0,0.526580410164342,6179.5,0.0625,0.16666666666666666,0.8125,VIM(930); ERCC2(920); SLC2A1(790); GJA1(769); ERCC1(756)
ICD10:H269,knowledge_full,99,96,0.9696969696969697,78.0,150.85416666666666,304.0,0.526580410164342,6179.5,0.0625,0.16666666666666666,0.8125,VIM(930); ERCC2(920); SLC2A1(790); GJA1(769); ERCC1(756)
ICD10:E72,knowledge_full,80,79,0.9875,78.0,167.7816091954023,294.0000000000002,0.5689800848702181,6163.0,0.022988505747126436,0.14942528735632185,0.8275862068965517,MTHFR(3862); MAOA(651); IDH2(508); MTR(487); CBS(458)
Amino acid metabolic disorder,knowledge_full,79,78,0.9873417721518988,78.0,168.7325581395349,298.0,0.5710126880490022,6163.0,0.023255813953488372,0.1511627906976744,0.8255813953488372,MTHFR(3862); MAOA(651); IDH2(508); MTR(487); CBS(458)
ICD10:E729,knowledge_full,79,78,0.9873417721518988,78.0,168.7325581395349,298.0,0.5710126880490022,6163.0,0.023255813953488372,0.1511627906976744,0.8255813953488372,MTHFR(3862); MAOA(651); IDH2(508); MTR(487); CBS(458)
NGLY1-deficiency,knowledge_full,1,1,1.0,78.0,78.0,78.0,0.0,6223.0,0.0,0.0,1.0,NGLY1(78)
Peroxisomal acyl-CoA oxidase deficiency,knowledge_full,1,1,1.0,78.0,78.0,78.0,0.0,6196.0,0.0,0.0,1.0,ACOX1(78)
Progressive pseudorheumatoid arthropathy of childhood,knowledge_full,1,1,1.0,78.0,78.0,78.0,0.0,6204.0,0.0,0.0,1.0,CCN6(78)
Bjornstad syndrome,knowledge_full,1,1,1.0,78.0,78.0,78.0,0.0,6190.0,0.0,0.0,1.0,BCS1L(78)
GRACILE syndrome,knowledge_full,1,1,1.0,78.0,78.0,78.0,0.0,6190.0,0.0,0.0,1.0,BCS1L(78)
Muscular dystrophy,knowledge_full,69,68,0.9855072463768116,77.5,139.32258064516128,222.20000000000002,0.48800405559829413,6225.5,0.024193548387096774,0.13709677419354838,0.8467741935483871,LMNA(1073); LMNA(1073); LMNA(1073); TTN(467); TTN(467)
ICD10:G7,knowledge_full,69,68,0.9855072463768116,77.5,139.32258064516128,222.20000000000002,0.48800405559829413,6225.5,0.024193548387096774,0.13709677419354838,0.8467741935483871,LMNA(1073); LMNA(1073); LMNA(1073); TTN(467); TTN(467)
ICD10:G71,knowledge_full,69,68,0.9855072463768116,77.5,139.32258064516128,222.20000000000002,0.48800405559829413,6225.5,0.024193548387096774,0.13709677419354838,0.8467741935483871,LMNA(1073); LMNA(1073); LMNA(1073); TTN(467); TTN(467)
ICD10:G710,knowledge_full,69,68,0.9855072463768116,77.5,139.32258064516128,222.20000000000002,0.48800405559829413,6225.5,0.024193548387096774,0.13709677419354838,0.8467741935483871,LMNA(1073); LMNA(1073); LMNA(1073); TTN(467); TTN(467)
Hair disease,knowledge_full,48,48,1.0,77.0,164.1509433962264,232.60000000000005,0.6285014096725222,6299.0,0.05660377358490566,0.1509433962264151,0.6981132075471698,AR(2708); GJA1(769); SMARCB1(527); AHSG(389); SMARCA2(312)
Brugada syndrome,knowledge_full,16,16,1.0,77.0,141.46153846153845,396.0,0.5481867235537708,6301.0,0.07692307692307693,0.15384615384615385,0.8461538461538461,SCN5A(730); SCN5A(730); CACNA1C(396); CACNA1C(396); TRPM4(114)
Autosomal dominant nocturnal frontal lobe epilepsy,knowledge_full,9,9,1.0,77.0,103.0,218.2,0.36174038115785684,6296.0,0.0,0.2222222222222222,0.8888888888888888,CRH(227); CHRNA4(216); CHRNB2(131); DEPDC5(94); NPRL2(77)
Frontal lobe epilepsy,knowledge_full,9,9,1.0,77.0,103.0,218.2,0.36174038115785684,6296.0,0.0,0.2222222222222222,0.8888888888888888,CRH(227); CHRNA4(216); CHRNB2(131); DEPDC5(94); NPRL2(77)
Chondrodysplasia punctata,knowledge_full,6,6,1.0,77.0,81.11111111111111,115.80000000000001,0.23257229832572296,6240.0,0.0,0.0,0.8888888888888888,PEX5(147); AGPS(108); AGPS(108); EBP(83); GNPAT(77)
Hypohidrotic ectodermal dysplasia,knowledge_full,4,4,1.0,77.0,81.75,123.00000000000001,0.2561162079510704,6326.5,0.0,0.0,0.75,EDA(141); WNT10A(81); EDAR(73); EDARADD(32)
ICD10:Q824,knowledge_full,4,4,1.0,77.0,81.75,123.00000000000001,0.2561162079510704,6326.5,0.0,0.0,0.75,EDA(141); WNT10A(81); EDAR(73); EDARADD(32)
Rhizomelic chondrodysplasia punctata,knowledge_full,4,4,1.0,77.0,88.14285714285714,123.60000000000001,0.20282472794628387,6240.0,0.0,0.0,1.0,PEX5(147); AGPS(108); AGPS(108); GNPAT(77); GNPAT(77)
Familial focal epilepsy with variable foci,knowledge_full,3,3,1.0,77.0,77.33333333333333,90.6,0.0948275862068965,6296.0,0.0,0.0,1.0,DEPDC5(94); NPRL2(77); NPRL3(61)
Parietal foramina,knowledge_full,2,2,1.0,77.0,77.0,100.2,0.1883116883116882,6913.5,0.0,0.0,1.0,MSX2(106); ALX4(48)
Glycogen storage disease I,knowledge_full,2,1,0.5,77.0,77.0,77.0,0.0,6268.0,0.0,0.0,1.0,SLC37A4(77)
Autosomal recessive distal hereditary motor neuronopathy 1,knowledge_full,1,1,1.0,77.0,77.0,77.0,0.0,6249.0,0.0,0.0,1.0,IGHMBP2(77)
Autosomal recessive distal hereditary motor neuronopathy,knowledge_full,1,1,1.0,77.0,77.0,77.0,0.0,6249.0,0.0,0.0,1.0,IGHMBP2(77)
Marinesco-Sjogren syndrome,knowledge_full,1,1,1.0,77.0,77.0,77.0,0.0,6264.0,0.0,0.0,1.0,SIL1(77)
Sideroblastic anemia,knowledge_full,3,3,1.0,76.0,80.66666666666667,97.6,0.11019283746556467,6369.0,0.0,0.0,1.0,ABCB7(103); ALAS2(76); TRNT1(63)
ICD10:D643,knowledge_full,3,3,1.0,76.0,80.66666666666667,97.6,0.11019283746556467,6369.0,0.0,0.0,1.0,ABCB7(103); ALAS2(76); TRNT1(63)
Lafora disease,knowledge_full,2,2,1.0,76.0,76.0,94.4,0.1513157894736843,6768.0,0.0,0.0,1.0,EPM2A(99); NHLRC1(53)
Hypermanganesemia with dystonia,knowledge_full,2,2,1.0,76.0,76.0,103.2,0.2236842105263157,7298.0,0.0,0.0,0.5,SLC39A14(110); SLC30A10(42)
Neurodegeneration with brain iron accumulation 5,knowledge_full,1,1,1.0,76.0,76.0,76.0,0.0,6334.0,0.0,0.0,1.0,WDR45(76)
Bietti crystalline corneoretinal dystrophy,knowledge_full,1,1,1.0,76.0,76.0,76.0,0.0,6383.0,0.0,0.0,1.0,CYP4V2(76)
alpha-mannosidosis,knowledge_full,1,1,1.0,76.0,76.0,76.0,0.0,6313.0,0.0,0.0,1.0,MAN2B1(76)
Chanarin-Dorfman syndrome,knowledge_full,1,1,1.0,76.0,76.0,76.0,0.0,6356.0,0.0,0.0,1.0,ABHD5(76)
Sideroblastic anemia 1,knowledge_full,1,1,1.0,76.0,76.0,76.0,0.0,6369.0,0.0,0.0,1.0,ALAS2(76)
Organic acidemia,knowledge_full,21,20,0.9523809523809523,75.0,80.91304347826087,123.0,0.28128869471766,6454.0,0.0,0.0,0.7391304347826086,DLD(162); PCCA(137); PCCB(123); DBT(123); DBT(123)
Jacobsen Syndrome,knowledge_full,5,5,1.0,75.0,166.8,360.20000000000005,0.4940047961630696,6438.0,0.0,0.4,0.8,ETS1(453); FLI1(221); ARHGAP32(75); NRGN(73); BSX(12)
Warsaw breakage syndrome,knowledge_full,1,1,1.0,75.0,75.0,75.0,0.0,6409.0,0.0,0.0,1.0,DDX11(75)
ICD10:Q878,knowledge_full,20,20,1.0,74.5,118.03846153846153,192.0,0.4321001579066095,6505.0,0.038461538461538464,0.038461538461538464,0.8076923076923077,MYH9(695); COL4A5(198); COL4A5(198); ACSL4(186); COL4A3(178)
Sensory system disease,knowledge_full,587,572,0.9744463373083475,74.0,179.56953642384107,356.0,0.6282613081909187,6546.0,0.0684326710816777,0.1986754966887417,0.7428256070640177,APOE(5224); APOE(5224); APOE(5224); APOE(5224); CTNNB1(3354)
Potocki-Shaffer syndrome,knowledge_full,3,3,1.0,74.0,90.0,133.2,0.24691358024691365,6543.0,0.0,0.0,1.0,EXT2(148); PHF21A(74); ALX4(48)
Glutathione synthetase deficiency,knowledge_full,1,1,1.0,74.0,74.0,74.0,0.0,6545.0,0.0,0.0,1.0,GSS(74)
ICD10:E720,knowledge_full,4,4,1.0,73.5,68.66666666666667,82.0,0.12378640776699035,6552.0,0.0,0.0,0.8333333333333334,CTNS(86); SLC3A1(78); SLC3A1(78); SLC7A9(69); SLC7A9(69)
Ureteral disease,knowledge_full,2,2,1.0,73.5,73.5,78.0,0.030612244897959107,6552.0,0.0,0.0,1.0,SLC3A1(78); SLC3A1(78); SLC7A9(69); SLC7A9(69)
Cystinuria,knowledge_full,2,2,1.0,73.5,73.5,78.0,0.030612244897959107,6552.0,0.0,0.0,1.0,SLC3A1(78); SLC3A1(78); SLC7A9(69); SLC7A9(69)
Paroxysmal nocturnal hemoglobinuria,knowledge_full,2,2,1.0,73.5,73.5,77.9,0.03741496598639449,6548.0,0.0,0.0,1.0,PIGT(79); PIGA(68)
Hemoglobinuria,knowledge_full,2,2,1.0,73.5,73.5,77.9,0.03741496598639449,6548.0,0.0,0.0,1.0,PIGT(79); PIGA(68)
Hyperprolinemia,knowledge_full,2,2,1.0,73.5,73.5,91.5,0.15306122448979598,6957.0,0.0,0.0,1.0,PRODH(96); ALDH4A1(51)
Vitamin metabolic disorder,knowledge_full,6,6,1.0,73.0,90.66666666666667,158.5,0.31617647058823534,6976.0,0.0,0.0,0.8333333333333334,FOLR1(171); TCN2(146); SLC46A1(94); PNPO(52); TTPA(51)
Neuroacanthocytosis,knowledge_full,2,2,1.0,73.0,73.0,98.6,0.2191780821917808,7481.0,0.0,0.0,0.5,VPS13A(105); XK(41)
Isolated hyperchlorhidrosis,knowledge_full,1,1,1.0,73.0,73.0,73.0,0.0,6637.0,0.0,0.0,1.0,CA12(73)
Hepatic venoocclusive disease with immunodeficiency,knowledge_full,1,1,1.0,73.0,73.0,73.0,0.0,6632.0,0.0,0.0,1.0,SP110(73)
Ocular albinism 1,knowledge_full,1,1,1.0,73.0,73.0,73.0,0.0,6589.0,0.0,0.0,1.0,GPR143(73)
RNASET2-deficient cystic leukoencephalopathy,knowledge_full,1,1,1.0,73.0,73.0,73.0,0.0,6598.0,0.0,0.0,1.0,RNASET2(73)
limb-girdle muscular dystrophy,knowledge_full,42,41,0.9761904761904762,72.0,128.92753623188406,218.0,0.46284602752580545,6682.0,0.014492753623188406,0.14492753623188406,0.855072463768116,LMNA(1073); TTN(467); TTN(467); PLEC(335); PLEC(335)
Cherubism,knowledge_full,1,1,1.0,72.0,72.0,72.0,0.0,6664.0,0.0,0.0,1.0,SH3BP2(72)
ICD10:K1,knowledge_full,1,1,1.0,72.0,72.0,72.0,0.0,6664.0,0.0,0.0,1.0,SH3BP2(72)
ICD10:K10,knowledge_full,1,1,1.0,72.0,72.0,72.0,0.0,6664.0,0.0,0.0,1.0,SH3BP2(72)
ICD10:K108,knowledge_full,1,1,1.0,72.0,72.0,72.0,0.0,6664.0,0.0,0.0,1.0,SH3BP2(72)
Combined oxidative phosphorylation deficiency,knowledge_full,2,2,1.0,71.5,71.5,83.1,0.10139860139860146,6913.5,0.0,0.0,1.0,GFM1(86); EARS2(57)
Williams-Beuren syndrome,knowledge_full,28,27,0.9642857142857143,71.0,106.53333333333333,199.4,0.43172715894868585,6786.0,0.0,0.06666666666666667,0.7,GTF2I(340); ELN(311); STX1A(203); NCF1(199); CLDN4(178)
Primary hypomagnesemia,knowledge_full,1,1,1.0,71.0,71.0,71.0,0.0,6733.0,0.0,0.0,1.0,TRPM6(71)
Holocarboxylase synthetase deficiency,knowledge_full,1,1,1.0,71.0,71.0,71.0,0.0,6743.0,0.0,0.0,1.0,HLCS(71)
Tetraamelia syndrome,knowledge_full,2,2,1.0,70.5,70.5,75.7,0.046099290780141855,6832.5,0.0,0.0,1.0,WNT3(77); RSPO2(64)
Megalencephalic leukoencephalopathy with subcortical cysts,knowledge_full,2,2,1.0,70.5,70.5,82.1,0.1028368794326242,6987.0,0.0,0.0,1.0,MLC1(85); HEPACAM(56)
Mitochondrial complex I deficiency,knowledge_full,42,34,0.8095238095238095,70.0,81.91428571428571,151.20000000000005,0.27594797947082567,6830.0,0.0,0.0,0.8,NDUFS3(180); NDUFS2(165); NDUFA13(164); NDUFS1(164); NDUFA9(132)
ICD10:E711,knowledge_full,8,8,1.0,70.0,75.125,127.2,0.3217554076539102,6851.0,0.0,0.0,0.625,PCCA(137); PCCB(123); MMUT(118); MMAB(73); IVD(67)
cartilage-hair hypoplasia,knowledge_full,1,1,1.0,70.0,70.0,70.0,0.0,6813.0,0.0,0.0,1.0,RMRP(70)
ICD10:H,knowledge_full,515,498,0.9669902912621359,69.5,165.80769230769232,323.0,0.6260331898939117,6881.0,0.057692307692307696,0.17032967032967034,0.7376373626373627,APOE(5224); APOE(5224); APOE(5224); CTNNB1(3354); TLR4(2775)
Retinal degeneration,knowledge_full,174,169,0.9712643678160919,69.0,154.43129770992365,323.0,0.6011174458638994,6902.0,0.04961832061068702,0.15648854961832062,0.7519083969465649,APOE(5224); TLR4(2775); CFH(890); CFH(890); AHR(805)
Eye degenerative disease,knowledge_full,174,169,0.9712643678160919,69.0,154.43129770992365,323.0,0.6011174458638994,6902.0,0.04961832061068702,0.15648854961832062,0.7519083969465649,APOE(5224); TLR4(2775); CFH(890); CFH(890); AHR(805)
ICD10:G318,knowledge_full,82,67,0.8170731707317073,69.0,255.96296296296296,296.0,0.7264639838796979,6962.0,0.04938271604938271,0.16049382716049382,0.8024691358024691,APOE(5224); APP(3187); SNCA(2250); SNCA(2250); AIFM1(450)
Short chain acyl-CoA dehydrogenase deficiency,knowledge_full,1,1,1.0,69.0,69.0,69.0,0.0,6971.0,0.0,0.0,1.0,ACADS(69)
Aspartylglucosaminuria,knowledge_full,1,1,1.0,69.0,69.0,69.0,0.0,6926.0,0.0,0.0,1.0,AGA(69)
Agenesis of the corpus callosum with peripheral neuropathy,knowledge_full,1,1,1.0,69.0,69.0,69.0,0.0,6980.0,0.0,0.0,1.0,SLC12A6(69)
Nonsyndromic congenital nail disorder 1,knowledge_full,1,1,1.0,69.0,69.0,69.0,0.0,6960.0,0.0,0.0,1.0,FZD6(69)
Chylomicron retention disease,knowledge_full,1,1,1.0,69.0,69.0,69.0,0.0,6965.0,0.0,0.0,1.0,SAR1B(69)
Senior-Loken syndrome,knowledge_full,6,6,1.0,68.5,86.3,168.0,0.2661645422943222,7031.5,0.0,0.0,0.8,CEP290(168); CEP290(168); NPHP1(93); NPHP1(93); IQCB1(75)
Multiple carboxylase deficiency,knowledge_full,2,2,1.0,68.5,68.5,70.5,0.018248175182481674,6966.0,0.0,0.0,1.0,HLCS(71); BTD(66)
ICD10:H3,knowledge_full,210,205,0.9761904761904762,68.0,155.03939393939393,323.0,0.6180298973157093,7023.0,0.045454545454545456,0.14545454545454545,0.7272727272727273,APOE(5224); CTNNB1(3354); TLR4(2775); RB1(1418); CFH(890)
ICD10:G8,knowledge_full,75,74,0.9866666666666667,68.0,107.59770114942529,200.40000000000012,0.43797265986171535,7017.0,0.011494252873563218,0.10344827586206896,0.7241379310344828,HSPD1(728); UCHL1(410); L1CAM(334); L1CAM(334); SPTAN1(327)
Leber congenital amaurosis,knowledge_full,28,28,1.0,68.0,83.02127659574468,135.0,0.3195633444932768,7013.0,0.0,0.02127659574468085,0.7446808510638298,TUBB4B(337); CEP290(168); CEP290(168); MYO7A(164); RPE65(135)
Stickler syndrome,knowledge_full,7,7,1.0,68.0,115.75,224.19999999999996,0.3968682505399568,7026.0,0.0,0.125,0.875,COL2A1(381); COL11A1(157); COL11A2(86); COL9A2(69); COL9A1(67)
Myopia,knowledge_full,7,7,1.0,68.0,83.14285714285714,138.4,0.28816887579774175,7005.0,0.0,0.0,0.8571428571428571,LRPAP1(163); SCO2(122); P4HA2(90); ZNF644(68); PRIMPOL(63)
ICD10:H521,knowledge_full,7,7,1.0,68.0,83.14285714285714,138.4,0.28816887579774175,7005.0,0.0,0.0,0.8571428571428571,LRPAP1(163); SCO2(122); P4HA2(90); ZNF644(68); PRIMPOL(63)
Multiple epiphyseal dysplasia,knowledge_full,6,6,1.0,68.0,89.66666666666667,138.0,0.2224287484510533,7026.0,0.0,0.0,1.0,COMP(194); SLC26A2(82); COL9A2(69); COL9A1(67); MATN3(65)
Hereditary spastic paraplegia 5A,knowledge_full,1,1,1.0,68.0,68.0,68.0,0.0,7017.0,0.0,0.0,1.0,CYP7B1(68)
Gnathodiaphyseal dysplasia,knowledge_full,1,1,1.0,68.0,68.0,68.0,0.0,7078.0,0.0,0.0,1.0,ANO5(68)
ICD10:G11,knowledge_full,74,73,0.9864864864864865,67.5,123.3953488372093,216.0,0.5093926138903742,7075.5,0.023255813953488372,0.11627906976744186,0.7209302325581395,ATM(1572); HSPD1(728); UCHL1(410); L1CAM(334); L1CAM(334)
ICD10:H35,knowledge_full,208,203,0.9759615384615384,67.0,155.14634146341464,323.0,0.6197241862569546,7132.0,0.04573170731707317,0.14634146341463414,0.725609756097561,APOE(5224); CTNNB1(3354); TLR4(2775); RB1(1418); CFH(890)
Hereditary spastic paraplegia,knowledge_full,73,72,0.9863013698630136,67.0,106.3529411764706,204.6000000000002,0.4428787090057262,7134.0,0.011764705882352941,0.10588235294117647,0.7176470588235294,HSPD1(728); UCHL1(410); L1CAM(334); L1CAM(334); SPTAN1(327)
Paraplegia,knowledge_full,73,72,0.9863013698630136,67.0,106.3529411764706,204.6000000000002,0.4428787090057262,7134.0,0.011764705882352941,0.10588235294117647,0.7176470588235294,HSPD1(728); UCHL1(410); L1CAM(334); L1CAM(334); SPTAN1(327)
ICD10:G114,knowledge_full,73,72,0.9863013698630136,67.0,106.3529411764706,204.6000000000002,0.4428787090057262,7134.0,0.011764705882352941,0.10588235294117647,0.7176470588235294,HSPD1(728); UCHL1(410); L1CAM(334); L1CAM(334); SPTAN1(327)
ICD10:G82,knowledge_full,73,72,0.9863013698630136,67.0,106.3529411764706,204.6000000000002,0.4428787090057262,7134.0,0.011764705882352941,0.10588235294117647,0.7176470588235294,HSPD1(728); UCHL1(410); L1CAM(334); L1CAM(334); SPTAN1(327)
ICD10:G822,knowledge_full,73,72,0.9863013698630136,67.0,106.3529411764706,204.6000000000002,0.4428787090057262,7134.0,0.011764705882352941,0.10588235294117647,0.7176470588235294,HSPD1(728); UCHL1(410); L1CAM(334); L1CAM(334); SPTAN1(327)
Primary ovarian insufficiency,knowledge_full,28,27,0.9642857142857143,67.0,174.32142857142858,476.50000000000045,0.6433181139696197,7147.5,0.10714285714285714,0.21428571428571427,0.6071428571428571,TP63(963); FMR1(914); FMR1(914); NR5A1(289); ERCC6(273)
"GM2 gangliosidosis, AB variant",knowledge_full,1,1,1.0,67.0,67.0,67.0,0.0,7107.0,0.0,0.0,1.0,GM2A(67)
Isovaleric acidemia,knowledge_full,1,1,1.0,67.0,67.0,67.0,0.0,7121.0,0.0,0.0,1.0,IVD(67)
Retinal disease,knowledge_full,208,203,0.9759615384615384,66.0,155.02140672782875,323.0,0.6206127983811088,7240.0,0.045871559633027525,0.14678899082568808,0.7247706422018348,APOE(5224); CTNNB1(3354); TLR4(2775); RB1(1418); CFH(890)
ICD10:H359,knowledge_full,208,203,0.9759615384615384,66.0,155.02140672782875,323.0,0.6206127983811088,7240.0,0.045871559633027525,0.14678899082568808,0.7247706422018348,APOE(5224); CTNNB1(3354); TLR4(2775); RB1(1418); CFH(890)
Leigh disease,knowledge_full,77,63,0.8181818181818182,66.0,101.84210526315789,226.0,0.41287569699442406,7205.0,0.0,0.11842105263157894,0.7894736842105263,AIFM1(450); POLG(349); POLG(349); LRPPRC(296); LRPPRC(296)
Renal tubular transport disease,knowledge_full,11,11,1.0,66.0,92.17647058823529,171.6,0.30819475205525737,7213.0,0.0,0.0,0.7647058823529411,MAGED2(182); SCNN1B(174); OCRL(170); SLC12A3(167); SCNN1G(139)
Spondyloepiphyseal dysplasia,knowledge_full,3,3,1.0,66.0,164.0,318.0,0.45528455284552843,7238.0,0.0,0.3333333333333333,1.0,COL2A1(381); TRAPPC2(66); CHST3(45)
Familial encephalopathy with neuroserpin inclusion bodies,knowledge_full,1,1,1.0,66.0,66.0,66.0,0.0,7226.0,0.0,0.0,1.0,SERPINI1(66)
Linear skin defects with multiple congenital anomalies 1,knowledge_full,1,1,1.0,66.0,66.0,66.0,0.0,7247.0,0.0,0.0,1.0,HCCS(66)
MLS syndrome,knowledge_full,1,1,1.0,66.0,66.0,66.0,0.0,7247.0,0.0,0.0,1.0,HCCS(66)
Chediak-Higashi syndrome,knowledge_full,1,1,1.0,66.0,66.0,66.0,0.0,7229.0,0.0,0.0,1.0,LYST(66)
X-linked spondyloepiphyseal dysplasia tarda,knowledge_full,1,1,1.0,66.0,66.0,66.0,0.0,7238.0,0.0,0.0,1.0,TRAPPC2(66)
Spondyloepiphyseal dysplasia tarda,knowledge_full,1,1,1.0,66.0,66.0,66.0,0.0,7238.0,0.0,0.0,1.0,TRAPPC2(66)
Biotinidase deficiency,knowledge_full,1,1,1.0,66.0,66.0,66.0,0.0,7189.0,0.0,0.0,1.0,BTD(66)
Peroxisomal disease,knowledge_full,23,22,0.9565217391304348,65.0,95.0,147.0,0.3517130777081207,7294.0,0.0,0.05263157894736842,0.868421052631579,CAT(482); SAA1(304); HSD17B4(203); PEX5(147); PEX5(147)
X-linked lissencephaly 2,knowledge_full,2,2,1.0,65.0,65.0,95.4,0.2923076923076924,8965.5,0.0,0.0,0.5,ARX(103); GPR101(27)
Fukuyama congenital muscular dystrophy,knowledge_full,1,1,1.0,65.0,65.0,65.0,0.0,7329.0,0.0,0.0,1.0,FKTN(65)
Congenital muscular dystrophy-dystroglycanopathy type A,knowledge_full,1,1,1.0,65.0,65.0,65.0,0.0,7329.0,0.0,0.0,1.0,FKTN(65)
Muscular dystrophy-dystroglycanopathy,knowledge_full,1,1,1.0,65.0,65.0,65.0,0.0,7329.0,0.0,0.0,1.0,FKTN(65)
Sepiapterin reductase deficiency,knowledge_full,1,1,1.0,65.0,65.0,65.0,0.0,7262.0,0.0,0.0,1.0,SPR(65)
McKusick-Kaufman syndrome,knowledge_full,1,1,1.0,65.0,65.0,65.0,0.0,7258.0,0.0,0.0,1.0,MKKS(65)
Aarskog syndrome,knowledge_full,1,1,1.0,65.0,65.0,65.0,0.0,7299.0,0.0,0.0,1.0,FGD1(65)
X-linked Aarskog syndrome,knowledge_full,1,1,1.0,65.0,65.0,65.0,0.0,7299.0,0.0,0.0,1.0,FGD1(65)
17-beta hydroxysteroid dehydrogenase 3 deficiency,knowledge_full,1,1,1.0,65.0,65.0,65.0,0.0,7283.0,0.0,0.0,1.0,HSD17B3(65)
Mitochondrial metabolism disease,knowledge_full,131,113,0.8625954198473282,64.0,91.58928571428571,180.0,0.3983190046019057,7405.5,0.0,0.07738095238095238,0.75,AIFM1(450); POLG(349); POLG(349); POLG(349); POLG(349)
cytochrome-c oxidase deficiency disease,knowledge_full,92,76,0.8260869565217391,64.0,93.11458333333333,206.5,0.43045339709885516,7438.0,0.0,0.10416666666666667,0.7291666666666666,AIFM1(450); POLG(349); POLG(349); LRPPRC(296); LRPPRC(296)
Megaloblastic anemia,knowledge_full,2,2,1.0,64.0,64.0,95.2,0.3046875,9136.0,0.0,0.0,0.5,CUBN(103); AMN(25)
Macrocytic anemia,knowledge_full,2,2,1.0,64.0,64.0,95.2,0.3046875,9136.0,0.0,0.0,0.5,CUBN(103); AMN(25)
ICD10:D53,knowledge_full,2,2,1.0,64.0,64.0,95.2,0.3046875,9136.0,0.0,0.0,0.5,CUBN(103); AMN(25)
ICD10:D531,knowledge_full,2,2,1.0,64.0,64.0,95.2,0.3046875,9136.0,0.0,0.0,0.5,CUBN(103); AMN(25)
Syndromic X-linked intellectual disability Snyder type,knowledge_full,1,1,1.0,64.0,64.0,64.0,0.0,7437.0,0.0,0.0,1.0,SMS(64)
Cranial nerve disease,knowledge_full,21,11,0.5238095238095238,63.0,107.0909090909091,165.0,0.43170242321345886,7519.0,0.0,0.09090909090909091,0.7272727272727273,TUBB3(374); NDUFS2(165); TUBB2B(152); MAFB(117); KIF21A(101)
ICD10:G52,knowledge_full,21,11,0.5238095238095238,63.0,107.0909090909091,165.0,0.43170242321345886,7519.0,0.0,0.09090909090909091,0.7272727272727273,TUBB3(374); NDUFS2(165); TUBB2B(152); MAFB(117); KIF21A(101)
ICD10:G529,knowledge_full,21,11,0.5238095238095238,63.0,107.0909090909091,165.0,0.43170242321345886,7519.0,0.0,0.09090909090909091,0.7272727272727273,TUBB3(374); NDUFS2(165); TUBB2B(152); MAFB(117); KIF21A(101)
Refractive error,knowledge_full,11,11,1.0,63.0,75.45454545454545,122.0,0.3058050383351588,7519.0,0.0,0.0,0.8181818181818182,LRPAP1(163); SCO2(122); MAFB(117); P4HA2(90); ZNF644(68)
ICD10:H52,knowledge_full,11,11,1.0,63.0,75.45454545454545,122.0,0.3058050383351588,7519.0,0.0,0.0,0.8181818181818182,LRPAP1(163); SCO2(122); MAFB(117); P4HA2(90); ZNF644(68)
ICD10:H527,knowledge_full,11,11,1.0,63.0,75.45454545454545,122.0,0.3058050383351588,7519.0,0.0,0.0,0.8181818181818182,LRPAP1(163); SCO2(122); MAFB(117); P4HA2(90); ZNF644(68)
triple-A syndrome,knowledge_full,3,3,1.0,63.0,84.0,123.80000000000001,0.2354497354497355,7497.0,0.0,0.0,1.0,AAAS(139); GMPPA(63); TRAPPC11(50)
Cerebral creatine deficiency syndrome,knowledge_full,3,3,1.0,63.0,74.33333333333333,103.0,0.19730941704035873,7546.0,0.0,0.0,1.0,SLC6A8(113); GATM(63); GAMT(47)
"Sideroblastic anemia with B-cell immunodeficiency, periodic fevers, and developmental delay",knowledge_full,1,1,1.0,63.0,63.0,63.0,0.0,7503.0,0.0,0.0,1.0,TRNT1(63)
Congenital nystagmus 1,knowledge_full,1,1,1.0,63.0,63.0,63.0,0.0,7560.0,0.0,0.0,1.0,FRMD7(63)
Congenital nystagmus,knowledge_full,1,1,1.0,63.0,63.0,63.0,0.0,7560.0,0.0,0.0,1.0,FRMD7(63)
Pathologic nystagmus,knowledge_full,1,1,1.0,63.0,63.0,63.0,0.0,7560.0,0.0,0.0,1.0,FRMD7(63)
ICD10:H55,knowledge_full,1,1,1.0,63.0,63.0,63.0,0.0,7560.0,0.0,0.0,1.0,FRMD7(63)
Pulmonary alveolar microlithiasis,knowledge_full,1,1,1.0,63.0,63.0,63.0,0.0,7525.0,0.0,0.0,1.0,SLC34A2(63)
AGAT deficiency,knowledge_full,1,1,1.0,63.0,63.0,63.0,0.0,7546.0,0.0,0.0,1.0,GATM(63)
Mitochondrial complex III deficiency,knowledge_full,9,8,0.8888888888888888,62.5,79.5,145.5,0.32861635220125784,7693.5,0.0,0.0,0.75,UQCRC2(191); CYC1(126); BCS1L(78); UQCRB(75); UQCRQ(50)
Bartter disease,knowledge_full,6,6,1.0,62.0,66.9090909090909,77.0,0.27000988142292487,7638.0,0.0,0.0,0.6363636363636364,MAGED2(182); SLC12A1(77); SLC12A1(77); CLCNKB(66); CLCNKB(66)
Postaxial acrofacial dysostosis,knowledge_full,1,1,1.0,62.0,62.0,62.0,0.0,7622.0,0.0,0.0,1.0,DHODH(62)
Autosomal recessive congenital ichthyosis 4B,knowledge_full,1,1,1.0,62.0,62.0,62.0,0.0,7594.0,0.0,0.0,1.0,ABCA12(62)
Argininosuccinic aciduria,knowledge_full,1,1,1.0,62.0,62.0,62.0,0.0,7575.0,0.0,0.0,1.0,ASL(62)
Xia-Gibbs Syndrome,knowledge_full,1,1,1.0,62.0,62.0,62.0,0.0,7618.0,0.0,0.0,1.0,AHDC1(62)
Congenital disorder of glycosylation type IIm,knowledge_full,1,1,1.0,62.0,62.0,62.0,0.0,7573.0,0.0,0.0,1.0,SLC35A2(62)
Nonsyndromic deafness,knowledge_full,144,138,0.9583333333333334,61.5,124.12727272727273,263.99999999999994,0.5946485878264112,7666.5,0.04090909090909091,0.13636363636363635,0.6636363636363637,MET(1417); MET(1417); NLRP3(1288); GJB2(860); GJB2(860)
Auditory system disease,knowledge_full,144,138,0.9583333333333334,61.5,124.12727272727273,263.99999999999994,0.5946485878264112,7666.5,0.04090909090909091,0.13636363636363635,0.6636363636363637,MET(1417); MET(1417); NLRP3(1288); GJB2(860); GJB2(860)
ICD10:H7,knowledge_full,144,138,0.9583333333333334,61.5,124.12727272727273,263.99999999999994,0.5946485878264112,7666.5,0.04090909090909091,0.13636363636363635,0.6636363636363637,MET(1417); MET(1417); NLRP3(1288); GJB2(860); GJB2(860)
ICD10:H70,knowledge_full,144,138,0.9583333333333334,61.5,124.12727272727273,263.99999999999994,0.5946485878264112,7666.5,0.04090909090909091,0.13636363636363635,0.6636363636363637,MET(1417); MET(1417); NLRP3(1288); GJB2(860); GJB2(860)
ICD10:H9,knowledge_full,144,138,0.9583333333333334,61.5,124.12727272727273,263.99999999999994,0.5946485878264112,7666.5,0.04090909090909091,0.13636363636363635,0.6636363636363637,MET(1417); MET(1417); NLRP3(1288); GJB2(860); GJB2(860)
ICD10:H93,knowledge_full,144,138,0.9583333333333334,61.5,124.12727272727273,263.99999999999994,0.5946485878264112,7666.5,0.04090909090909091,0.13636363636363635,0.6636363636363637,MET(1417); MET(1417); NLRP3(1288); GJB2(860); GJB2(860)
ICD10:H939,knowledge_full,144,138,0.9583333333333334,61.5,124.12727272727273,263.99999999999994,0.5946485878264112,7666.5,0.04090909090909091,0.13636363636363635,0.6636363636363637,MET(1417); MET(1417); NLRP3(1288); GJB2(860); GJB2(860)
ICD10:Q74,knowledge_full,7,7,1.0,61.0,151.11111111111111,258.6000000000001,0.4880718954248366,7763.0,0.1111111111111111,0.1111111111111111,1.0,RUNX2(641); TPM2(163); TPM2(163); FBN2(118); MYH3(61)
Distal arthrogryposis,knowledge_full,6,6,1.0,61.0,89.875,163.0,0.27207927677329624,7763.0,0.0,0.0,1.0,TPM2(163); TPM2(163); FBN2(118); MYH3(61); MYH3(61)
ICD10:Q743,knowledge_full,6,6,1.0,61.0,89.875,163.0,0.27207927677329624,7763.0,0.0,0.0,1.0,TPM2(163); TPM2(163); FBN2(118); MYH3(61); MYH3(61)
Fundus albipunctatus,knowledge_full,3,3,1.0,61.0,84.0,120.2,0.20899470899470898,7733.0,0.0,0.0,1.0,RPE65(135); RDH5(61); RLBP1(56)
Freeman-Sheldon syndrome,knowledge_full,1,1,1.0,61.0,61.0,61.0,0.0,7763.0,0.0,0.0,1.0,MYH3(61)
DOORS syndrome,knowledge_full,1,1,1.0,61.0,61.0,61.0,0.0,7753.0,0.0,0.0,1.0,TBC1D24(61)
biotin-responsive basal ganglia disease,knowledge_full,1,1,1.0,61.0,61.0,61.0,0.0,7714.0,0.0,0.0,1.0,SLC19A3(61)
Basal ganglia disease,knowledge_full,1,1,1.0,61.0,61.0,61.0,0.0,7714.0,0.0,0.0,1.0,SLC19A3(61)
Peroxisomal biogenesis disorder,knowledge_full,13,13,1.0,60.5,70.875,113.0,0.22685185185185186,7764.5,0.0,0.0,0.8125,PEX5(147); PEX19(125); PEX14(101); PEX1(96); PEX3(80)
Zellweger syndrome,knowledge_full,13,13,1.0,60.5,70.875,113.0,0.22685185185185186,7764.5,0.0,0.0,0.8125,PEX5(147); PEX19(125); PEX14(101); PEX1(96); PEX3(80)
Urofacial syndrome,knowledge_full,1,1,1.0,60.0,60.0,60.0,0.0,7794.0,0.0,0.0,1.0,HPSE2(60)
Congenital myasthenic syndrome,knowledge_full,26,26,1.0,59.5,88.60526315789474,171.0,0.3630515998937051,7887.5,0.0,0.05263157894736842,0.7894736842105263,PLEC(335); SNAP25(271); SLC25A1(201); GFPT1(171); GFPT1(171)
Neuromuscular junction disease,knowledge_full,26,26,1.0,59.5,88.60526315789474,171.0,0.3630515998937051,7887.5,0.0,0.05263157894736842,0.7894736842105263,PLEC(335); SNAP25(271); SLC25A1(201); GFPT1(171); GFPT1(171)
cone-rod dystrophy,knowledge_full,41,39,0.9512195121951219,59.0,94.21311475409836,179.0,0.48020492516409136,7942.0,0.03278688524590164,0.06557377049180328,0.7213114754098361,PROM1(631); PROM1(631); ABCA4(323); ABCA4(323); RPGR(183)
Congenital muscular dystrophy,knowledge_full,31,31,1.0,59.0,112.08510638297872,155.99999999999997,0.5465193298760884,7929.0,0.0425531914893617,0.0425531914893617,0.7446808510638298,LMNA(1073); LMNA(1073); DAG1(177); DAG1(177); DPM1(168)
ICD10:G712,knowledge_full,31,31,1.0,59.0,112.08510638297872,155.99999999999997,0.5465193298760884,7929.0,0.0425531914893617,0.0425531914893617,0.7446808510638298,LMNA(1073); LMNA(1073); DAG1(177); DAG1(177); DPM1(168)
Gray platelet syndrome,knowledge_full,2,2,1.0,59.0,59.0,77.4,0.19491525423728806,8553.5,0.0,0.0,0.5,KAT6B(82); NBEAL2(36)
Roberts syndrome,knowledge_full,1,1,1.0,59.0,59.0,59.0,0.0,7889.0,0.0,0.0,1.0,ESCO2(59)
Isolated sulfite oxidase deficiency,knowledge_full,1,1,1.0,59.0,59.0,59.0,0.0,7902.0,0.0,0.0,1.0,SUOX(59)
Hyperlysinemia,knowledge_full,1,1,1.0,59.0,59.0,59.0,0.0,7933.0,0.0,0.0,1.0,AASS(59)
Neuronal ceroid lipofuscinosis 5,knowledge_full,1,1,1.0,59.0,59.0,59.0,0.0,7943.0,0.0,0.0,1.0,CLN5(59)
Congenital disorder of glycosylation type II,knowledge_full,2,2,1.0,58.5,58.5,61.3,0.029914529914529808,7984.0,0.0,0.0,1.0,SLC35A2(62); COG5(55)
Primary hyperoxaluria,knowledge_full,3,3,1.0,58.0,71.66666666666667,109.2,0.26976744186046514,8055.0,0.0,0.0,0.6666666666666666,AGXT(122); GRHPR(58); HOGA1(35)
Chromosome 18q deletion syndrome,knowledge_full,3,3,1.0,58.0,114.0,235.10000000000005,0.4638157894736842,8068.0,0.0,0.25,0.75,TCF4(311); ABAT(58); ABAT(58); TSHZ1(29)
Mitochondrial DNA depletion syndrome 2,knowledge_full,1,1,1.0,58.0,58.0,58.0,0.0,8030.0,0.0,0.0,1.0,TK2(58)
Focal dermal hypoplasia,knowledge_full,1,1,1.0,58.0,58.0,58.0,0.0,7987.0,0.0,0.0,1.0,PORCN(58)
GABA aminotransferase deficiency,knowledge_full,1,1,1.0,58.0,58.0,58.0,0.0,8068.0,0.0,0.0,1.0,ABAT(58)
Edwards syndrome,knowledge_full,1,1,1.0,58.0,58.0,58.0,0.0,8068.0,0.0,0.0,1.0,ABAT(58)
ICD10:Q913,knowledge_full,1,1,1.0,58.0,58.0,58.0,0.0,8068.0,0.0,0.0,1.0,ABAT(58)
Mitochondrial DNA depletion syndrome 3,knowledge_full,1,1,1.0,57.0,57.0,57.0,0.0,8155.0,0.0,0.0,1.0,DGUOK(57)
Mucosulfatidosis,knowledge_full,1,1,1.0,57.0,57.0,57.0,0.0,8112.0,0.0,0.0,1.0,SUMF1(57)
Mitochondrial DNA depletion syndrome 6,knowledge_full,1,1,1.0,57.0,57.0,57.0,0.0,8190.0,0.0,0.0,1.0,MPV17(57)
Combined oxidative phosphorylation deficiency 12,knowledge_full,1,1,1.0,57.0,57.0,57.0,0.0,8176.0,0.0,0.0,1.0,EARS2(57)
Retinitis pigmentosa,knowledge_full,111,108,0.972972972972973,56.0,99.47402597402598,201.60000000000014,0.4784750793302266,8237.0,0.01948051948051948,0.09740259740259741,0.6948051948051948,AHR(805); PROM1(631); PROM1(631); PRPF8(354); PRPF8(354)
Congenital disorder of glycosylation,knowledge_full,57,54,0.9473684210526315,56.0,76.67796610169492,148.4,0.34825188448800376,8255.0,0.0,0.03389830508474576,0.7627118644067796,CAD(285); DDOST(210); ATP6AP2(178); DPM1(168); STT3A(165)
adolescence-adult electroclinical syndrome,knowledge_full,5,5,1.0,56.0,73.4,121.80000000000001,0.28119891008174386,8218.0,0.0,0.0,0.8,GABRA1(157); CLCN2(69); EFHC1(56); CACNB4(45); GABRD(40)
Juvenile myoclonic epilepsy,knowledge_full,5,5,1.0,56.0,73.4,121.80000000000001,0.28119891008174386,8218.0,0.0,0.0,0.8,GABRA1(157); CLCN2(69); EFHC1(56); CACNB4(45); GABRD(40)
Distal arthrogryposis type 2B,knowledge_full,4,4,1.0,56.0,80.25,132.40000000000003,0.2811526479750779,8333.0,0.0,0.0,1.0,TPM2(163); MYH3(61); TNNI2(51); TNNT3(46)
Fraser syndrome,knowledge_full,3,3,1.0,56.0,65.66666666666667,88.8,0.17935702199661593,8328.0,0.0,0.0,1.0,GRIP1(97); FRAS1(56); FREM2(44)
Saul-Wilson syndrome,knowledge_full,1,1,1.0,56.0,56.0,56.0,0.0,8255.0,0.0,0.0,1.0,COG4(56)
X-linked intellectual developmental disorder 109,knowledge_full,1,1,1.0,56.0,56.0,56.0,0.0,8337.0,0.0,0.0,1.0,AFF2(56)
Pontocerebellar hypoplasia,knowledge_full,10,10,1.0,55.5,67.7,123.69999999999999,0.27607090103397347,8345.0,0.0,0.0,0.7,VRK1(139); EXOSC3(122); CHMP1A(83); AMPD2(69); RARS2(58)
MHC class II deficiency,knowledge_full,4,4,1.0,55.0,92.75,177.40000000000003,0.39555256064690025,8671.5,0.0,0.25,0.5,CIITA(223); RFX5(71); RFXAP(39); RFXANK(38)
ICD10:D817,knowledge_full,4,4,1.0,55.0,92.75,177.40000000000003,0.39555256064690025,8671.5,0.0,0.25,0.5,CIITA(223); RFX5(71); RFXAP(39); RFXANK(38)
Hyperekplexia,knowledge_full,3,3,1.0,55.0,80.33333333333333,127.0,0.2876901798063624,8366.0,0.0,0.0,0.6666666666666666,GLRA1(145); GLRB(55); SLC6A5(41)
Glycine encephalopathy,knowledge_full,2,2,1.0,55.0,55.0,67.0,0.13636363636363646,8614.5,0.0,0.0,0.5,GLDC(70); AMT(40)
Mal de Meleda,knowledge_full,1,1,1.0,55.0,55.0,55.0,0.0,8421.0,0.0,0.0,1.0,SLURP1(55)
Canavan disease,knowledge_full,1,1,1.0,55.0,55.0,55.0,0.0,8377.0,0.0,0.0,1.0,ASPA(55)
Burn-McKeown syndrome,knowledge_full,1,1,1.0,55.0,55.0,55.0,0.0,8362.0,0.0,0.0,1.0,TXNL4A(55)
Congenital disorder of glycosylation type IIi,knowledge_full,1,1,1.0,55.0,55.0,55.0,0.0,8395.0,0.0,0.0,1.0,COG5(55)
Christianson syndrome,knowledge_full,1,1,1.0,55.0,55.0,55.0,0.0,8441.0,0.0,0.0,1.0,SLC9A6(55)
Schizoaffective disorder,knowledge_full,6,6,1.0,54.5,61.333333333333336,102.0,0.3260869565217391,8501.5,0.0,0.0,0.8333333333333334,GABRB3(141); GABRB1(63); GABRA5(60); GABRA4(49); GABRR1(45)
ICD10:F25,knowledge_full,6,6,1.0,54.5,61.333333333333336,102.0,0.3260869565217391,8501.5,0.0,0.0,0.8333333333333334,GABRB3(141); GABRB1(63); GABRA5(60); GABRA4(49); GABRR1(45)
Hypotrichosis 6,knowledge_full,3,3,1.0,54.0,49.0,54.0,0.06802721088435366,8554.0,0.0,0.0,0.6666666666666666,LIPH(54); LPAR6(54); DSG4(39)
Physical urticaria,knowledge_full,1,1,1.0,54.0,54.0,54.0,0.0,8555.0,0.0,0.0,1.0,ADGRE2(54)
Vibratory urticaria,knowledge_full,1,1,1.0,54.0,54.0,54.0,0.0,8555.0,0.0,0.0,1.0,ADGRE2(54)
Urticaria,knowledge_full,1,1,1.0,54.0,54.0,54.0,0.0,8555.0,0.0,0.0,1.0,ADGRE2(54)
ICD10:L5,knowledge_full,1,1,1.0,54.0,54.0,54.0,0.0,8555.0,0.0,0.0,1.0,ADGRE2(54)
ICD10:L50,knowledge_full,1,1,1.0,54.0,54.0,54.0,0.0,8555.0,0.0,0.0,1.0,ADGRE2(54)
carnitine-acylcarnitine translocase deficiency,knowledge_full,1,1,1.0,54.0,54.0,54.0,0.0,8471.0,0.0,0.0,1.0,SLC25A20(54)
beta-mannosidosis,knowledge_full,1,1,1.0,54.0,54.0,54.0,0.0,8488.0,0.0,0.0,1.0,MANBA(54)
Erythrokeratodermia variabilis,knowledge_full,4,4,1.0,53.5,226.25,561.4000000000001,0.626243093922652,9391.0,0.25,0.25,0.5,GJA1(769); GJB3(77); GJB4(30); KRT83(29)
Hyperopia,knowledge_full,4,4,1.0,53.5,62.0,100.80000000000001,0.3004032258064516,8666.5,0.0,0.0,0.75,MAFB(117); CHN1(63); MFRP(44); PRSS56(24)
ICD10:H520,knowledge_full,4,4,1.0,53.5,62.0,100.80000000000001,0.3004032258064516,8666.5,0.0,0.0,0.75,MAFB(117); CHN1(63); MFRP(44); PRSS56(24)
ICD10:Q6,knowledge_full,25,25,1.0,53.0,73.78947368421052,120.40000000000029,0.36804564907275317,8598.0,0.0,0.05263157894736842,0.6052631578947368,PKD1(362); PKD2(274); UMOD(200); CEP290(168); PKHD1(100)
ICD10:Q61,knowledge_full,25,25,1.0,53.0,73.78947368421052,120.40000000000029,0.36804564907275317,8598.0,0.0,0.05263157894736842,0.6052631578947368,PKD1(362); PKD2(274); UMOD(200); CEP290(168); PKHD1(100)
Dandy-Walker syndrome,knowledge_full,3,3,1.0,53.0,108.0,208.20000000000002,0.45884773662551437,8677.0,0.0,0.3333333333333333,0.6666666666666666,FOXC1(247); ZIC1(53); ZIC4(24)
ICD10:Q03,knowledge_full,3,3,1.0,53.0,108.0,208.20000000000002,0.45884773662551437,8677.0,0.0,0.3333333333333333,0.6666666666666666,FOXC1(247); ZIC1(53); ZIC4(24)
ICD10:Q031,knowledge_full,3,3,1.0,53.0,108.0,208.20000000000002,0.45884773662551437,8677.0,0.0,0.3333333333333333,0.6666666666666666,FOXC1(247); ZIC1(53); ZIC4(24)
Spermatogenic failure,knowledge_full,2,2,1.0,53.0,53.0,74.6,0.2547169811320755,9786.5,0.0,0.0,0.5,AURKC(80); DPY19L2(26)
Hereditary spastic paraplegia 35,knowledge_full,1,1,1.0,53.0,53.0,53.0,0.0,8595.0,0.0,0.0,1.0,FA2H(53)
Ethylmalonic encephalopathy,knowledge_full,1,1,1.0,53.0,53.0,53.0,0.0,8608.0,0.0,0.0,1.0,ETHE1(53)
Ornithine translocase deficiency,knowledge_full,1,1,1.0,53.0,53.0,53.0,0.0,8691.0,0.0,0.0,1.0,SLC25A15(53)
Mitochondrial DNA depletion syndrome 13,knowledge_full,1,1,1.0,53.0,53.0,53.0,0.0,8681.0,0.0,0.0,1.0,FBXL4(53)
3-methylglutaconic aciduria type 5,knowledge_full,1,1,1.0,53.0,53.0,53.0,0.0,8606.0,0.0,0.0,1.0,DNAJC19(53)
Refsum disease,knowledge_full,2,2,1.0,52.5,52.5,54.5,0.023809523809523725,8650.5,0.0,0.0,1.0,PHYH(55); PEX7(50)
ICD10:G601,knowledge_full,2,2,1.0,52.5,52.5,54.5,0.023809523809523725,8650.5,0.0,0.0,1.0,PHYH(55); PEX7(50)
ICD10:H5,knowledge_full,36,36,1.0,52.0,71.48780487804878,122.0,0.45150660309059587,8718.0,0.0,0.07317073170731707,0.6097560975609756,GNB3(430); RHO(245); ATF6(237); LRPAP1(163); SCO2(122)
Nephronophthisis,knowledge_full,22,22,1.0,52.0,59.08571428571429,91.80000000000001,0.2597402597402597,8728.0,0.0,0.0,0.5714285714285714,UMOD(200); CEP290(168); NPHP1(93); NPHP1(93); DCDC2(90)
ICD10:Q615,knowledge_full,22,22,1.0,52.0,59.08571428571429,91.80000000000001,0.2597402597402597,8728.0,0.0,0.0,0.5714285714285714,UMOD(200); CEP290(168); NPHP1(93); NPHP1(93); DCDC2(90)
Mucopolysaccharidosis III,knowledge_full,4,4,1.0,52.0,50.75,58.300000000000004,0.08497536945812811,8748.0,0.0,0.0,0.75,NAGLU(61); GNS(52); SGSH(52); HGSNAT(38)
Hennekam syndrome,knowledge_full,2,2,1.0,52.0,52.0,60.0,0.09615384615384626,8922.5,0.0,0.0,0.5,FAT4(62); CCBE1(42)
histiocytosis-lymphadenopathy plus syndrome,knowledge_full,1,1,1.0,52.0,52.0,52.0,0.0,8797.0,0.0,0.0,1.0,SLC29A3(52)
Schindler disease,knowledge_full,1,1,1.0,52.0,52.0,52.0,0.0,8713.0,0.0,0.0,1.0,NAGA(52)
Pyridoxamine 5'-phosphate oxidase deficiency,knowledge_full,1,1,1.0,52.0,52.0,52.0,0.0,8752.0,0.0,0.0,1.0,PNPO(52)
Right atrial isomerism,knowledge_full,20,20,1.0,51.5,121.2,261.1000000000001,0.5556930693069307,8835.0,0.05,0.2,0.65,SMAD2(736); GATA4(325); NAT10(254); NKX2-5(225); NODAL(131)
Ichthyosis,knowledge_full,12,12,1.0,51.5,79.625,208.0,0.48341836734693877,8896.5,0.0,0.125,0.5,KRT1(263); KRT10(231); TGM1(185); CASP14(135); ABCA12(62)
Achromatopsia,knowledge_full,6,6,1.0,51.5,80.5,158.5,0.41442374051069697,8924.0,0.0,0.16666666666666666,0.6666666666666666,ATF6(237); CNGA3(80); CNGB3(59); GNAT2(44); PDE6C(38)
Familial isolated deficiency of vitamin E,knowledge_full,1,1,1.0,51.0,51.0,51.0,0.0,8915.0,0.0,0.0,1.0,TTPA(51)
Alkaptonuria,knowledge_full,1,1,1.0,51.0,51.0,51.0,0.0,8817.0,0.0,0.0,1.0,HGD(51)
ICD10:E702,knowledge_full,1,1,1.0,51.0,51.0,51.0,0.0,8817.0,0.0,0.0,1.0,HGD(51)
Bardet-Biedl syndrome,knowledge_full,25,24,0.96,50.5,63.63157894736842,109.20000000000036,0.30061817073701624,8922.0,0.0,0.0,0.7105263157894737,TRIM32(174); TRIM32(174); CEP290(168); CEP290(168); BBS1(84)
Hermansky-Pudlak syndrome,knowledge_full,11,11,1.0,50.0,79.35,179.40000000000006,0.39410838059231257,9011.0,0.0,0.1,0.55,DTNBP1(219); DTNBP1(219); AP3D1(175); AP3B1(164); AP3B1(164)
"contractures, pterygia, and spondylocarpotarsal fusion syndrome",knowledge_full,4,4,1.0,50.0,52.5,69.5,0.15714285714285725,9163.0,0.0,0.0,0.5,CHRNA1(74); RAPSN(59); CHRND(41); CHRNG(36)
Mucolipidosis III gamma,knowledge_full,1,1,1.0,50.0,50.0,50.0,0.0,8970.0,0.0,0.0,1.0,GNPTG(50)
Carpenter syndrome,knowledge_full,2,2,1.0,49.5,49.5,61.9,0.15656565656565657,9462.5,0.0,0.0,0.5,RAB23(65); MEGF8(34)
Tooth disease,knowledge_full,32,32,1.0,49.0,65.5,143.20000000000002,0.40386564885496185,9087.0,0.0,0.0,0.58,COL7A1(208); LAMC2(188); COL17A1(155); LAMB3(154); LAMB3(154)
Mouth disease,knowledge_full,32,32,1.0,49.0,65.5,143.20000000000002,0.40386564885496185,9087.0,0.0,0.0,0.58,COL7A1(208); LAMC2(188); COL17A1(155); LAMB3(154); LAMB3(154)
ICD10:K0,knowledge_full,32,32,1.0,49.0,65.5,143.20000000000002,0.40386564885496185,9087.0,0.0,0.0,0.58,COL7A1(208); LAMC2(188); COL17A1(155); LAMB3(154); LAMB3(154)
ICD10:K00,knowledge_full,32,32,1.0,49.0,65.5,143.20000000000002,0.40386564885496185,9087.0,0.0,0.0,0.58,COL7A1(208); LAMC2(188); COL17A1(155); LAMB3(154); LAMB3(154)
ICD10:K005,knowledge_full,32,32,1.0,49.0,65.5,143.20000000000002,0.40386564885496185,9087.0,0.0,0.0,0.58,COL7A1(208); LAMC2(188); COL17A1(155); LAMB3(154); LAMB3(154)
Teeth hard tissue disease,knowledge_full,31,31,1.0,49.0,65.06122448979592,144.40000000000003,0.4080992497375362,9087.0,0.0,0.0,0.5714285714285714,COL7A1(208); LAMC2(188); COL17A1(155); LAMB3(154); LAMB3(154)
Amelogenesis imperfecta,knowledge_full,31,31,1.0,49.0,65.06122448979592,144.40000000000003,0.4080992497375362,9087.0,0.0,0.0,0.5714285714285714,COL7A1(208); LAMC2(188); COL17A1(155); LAMB3(154); LAMB3(154)
Dental enamel hypoplasia,knowledge_full,31,31,1.0,49.0,65.06122448979592,144.40000000000003,0.4080992497375362,9087.0,0.0,0.0,0.5714285714285714,COL7A1(208); LAMC2(188); COL17A1(155); LAMB3(154); LAMB3(154)
ICD10:K004,knowledge_full,31,31,1.0,49.0,65.06122448979592,144.40000000000003,0.4080992497375362,9087.0,0.0,0.0,0.5714285714285714,COL7A1(208); LAMC2(188); COL17A1(155); LAMB3(154); LAMB3(154)
ICD10:K03,knowledge_full,31,31,1.0,49.0,65.06122448979592,144.40000000000003,0.4080992497375362,9087.0,0.0,0.0,0.5714285714285714,COL7A1(208); LAMC2(188); COL17A1(155); LAMB3(154); LAMB3(154)
ICD10:K039,knowledge_full,31,31,1.0,49.0,65.06122448979592,144.40000000000003,0.4080992497375362,9087.0,0.0,0.0,0.5714285714285714,COL7A1(208); LAMC2(188); COL17A1(155); LAMB3(154); LAMB3(154)
Walker-Warburg syndrome,knowledge_full,13,13,1.0,49.0,58.61538461538461,88.80000000000001,0.31718150615788415,9152.0,0.0,0.0,0.6153846153846154,DAG1(177); FKRP(93); POMGNT1(72); FKTN(65); POMT1(59)
Congenital sucrase-isomaltase deficiency,knowledge_full,1,1,1.0,49.0,49.0,49.0,0.0,9082.0,0.0,0.0,1.0,SI(49)
Progressive myoclonus epilepsy 1B,knowledge_full,1,1,1.0,49.0,49.0,49.0,0.0,9216.0,0.0,0.0,1.0,PRICKLE1(49)
Arterial tortuosity syndrome,knowledge_full,1,1,1.0,49.0,49.0,49.0,0.0,9081.0,0.0,0.0,1.0,SLC2A10(49)
3-methylglutaconic aciduria,knowledge_full,6,5,0.8333333333333334,48.0,56.4,84.80000000000001,0.21985815602836886,9280.0,0.0,0.0,0.6,CLPB(106); DNAJC19(53); OPA3(48); AUH(40); SERAC1(35)
Fazio-Londe disease,knowledge_full,2,2,1.0,48.0,48.0,54.4,0.08333333333333326,9379.5,0.0,0.0,0.5,SLC52A3(56); SLC52A2(40)
Progressive bulbar palsy,knowledge_full,2,2,1.0,48.0,48.0,54.4,0.08333333333333326,9379.5,0.0,0.0,0.5,SLC52A3(56); SLC52A2(40)
3-methylglutaconic aciduria type 3,knowledge_full,1,1,1.0,48.0,48.0,48.0,0.0,9280.0,0.0,0.0,1.0,OPA3(48)
Optic atrophy 3,knowledge_full,1,1,1.0,48.0,48.0,48.0,0.0,9280.0,0.0,0.0,1.0,OPA3(48)
Optic atrophy,knowledge_full,1,1,1.0,48.0,48.0,48.0,0.0,9280.0,0.0,0.0,1.0,OPA3(48)
ICD10:H47,knowledge_full,1,1,1.0,48.0,48.0,48.0,0.0,9280.0,0.0,0.0,1.0,OPA3(48)
ICD10:H472,knowledge_full,1,1,1.0,48.0,48.0,48.0,0.0,9280.0,0.0,0.0,1.0,OPA3(48)
Autosomal dominant intellectual developmental disorder 43,knowledge_full,1,1,1.0,48.0,48.0,48.0,0.0,9335.0,0.0,0.0,1.0,HIVEP2(48)
Microphthalmia with limb anomalies,knowledge_full,1,1,1.0,47.0,47.0,47.0,0.0,9381.0,0.0,0.0,1.0,SMOC1(47)
Hereditary spastic paraplegia 31,knowledge_full,1,1,1.0,47.0,47.0,47.0,0.0,9377.0,0.0,0.0,1.0,REEP1(47)
Guanidinoacetate methyltransferase deficiency,knowledge_full,1,1,1.0,47.0,47.0,47.0,0.0,9426.0,0.0,0.0,1.0,GAMT(47)
ICD10:Q77,knowledge_full,18,16,0.8888888888888888,46.0,157.8421052631579,615.0,0.5839139362243554,9531.0,0.15789473684210525,0.21052631578947367,0.5789473684210527,FGFR3(615); FGFR3(615); FGFR3(615); COL2A1(381); TRIP11(99)
Nonsyndromic congenital nail disorder,knowledge_full,2,2,1.0,46.0,46.0,64.4,0.25,10518.0,0.0,0.0,0.5,FZD6(69); RSPO4(23)
Nail disease,knowledge_full,2,2,1.0,46.0,46.0,64.4,0.25,10518.0,0.0,0.0,0.5,FZD6(69); RSPO4(23)
ICD10:L60,knowledge_full,2,2,1.0,46.0,46.0,64.4,0.25,10518.0,0.0,0.0,0.5,FZD6(69); RSPO4(23)
ICD10:Q91,knowledge_full,2,2,1.0,46.0,46.0,55.6,0.13043478260869557,9797.0,0.0,0.0,0.5,ABAT(58); AADAC(34)
Chromosome 15q13.3 microdeletion syndrome,knowledge_full,1,1,1.0,46.0,46.0,46.0,0.0,9576.0,0.0,0.0,1.0,AANAT(46)
Chromosome 15q24 deletion syndrome,knowledge_full,1,1,1.0,46.0,46.0,46.0,0.0,9576.0,0.0,0.0,1.0,AANAT(46)
Lysinuric protein intolerance,knowledge_full,1,1,1.0,46.0,46.0,46.0,0.0,9569.0,0.0,0.0,1.0,SLC7A7(46)
Steroid inherited metabolic disorder,knowledge_full,3,3,1.0,45.0,109.66666666666667,215.4,0.4701114488348532,9674.0,0.0,0.3333333333333333,0.6666666666666666,POR(258); AKR1D1(45); HSD3B7(26)
Molybdenum cofactor deficiency,knowledge_full,3,3,1.0,45.0,69.66666666666667,105.0,0.24242424242424235,9728.0,0.0,0.0,1.0,GPHN(120); MOCS1(45); MOCS2(44)
Congenital bile acid synthesis defect 2,knowledge_full,1,1,1.0,45.0,45.0,45.0,0.0,9674.0,0.0,0.0,1.0,AKR1D1(45)
Vici syndrome,knowledge_full,1,1,1.0,45.0,45.0,45.0,0.0,9786.0,0.0,0.0,1.0,EPG5(45)
Spondyloepiphyseal dysplasia with congenital joint dislocations,knowledge_full,1,1,1.0,45.0,45.0,45.0,0.0,9704.0,0.0,0.0,1.0,CHST3(45)
ICD10:Q777,knowledge_full,1,1,1.0,45.0,45.0,45.0,0.0,9704.0,0.0,0.0,1.0,CHST3(45)
Gilles de la Tourette syndrome,knowledge_full,1,1,1.0,45.0,45.0,45.0,0.0,9679.0,0.0,0.0,1.0,SLITRK1(45)
Tic disorder,knowledge_full,1,1,1.0,45.0,45.0,45.0,0.0,9679.0,0.0,0.0,1.0,SLITRK1(45)
ICD10:F9,knowledge_full,1,1,1.0,45.0,45.0,45.0,0.0,9679.0,0.0,0.0,1.0,SLITRK1(45)
ICD10:F95,knowledge_full,1,1,1.0,45.0,45.0,45.0,0.0,9679.0,0.0,0.0,1.0,SLITRK1(45)
Monilethrix,knowledge_full,4,4,1.0,44.5,43.0,52.8,0.125,9813.0,0.0,0.0,0.5,KRT86(54); KRT81(50); DSG4(39); KRT83(29)
ICD10:H53,knowledge_full,24,24,1.0,44.0,70.27586206896552,132.1999999999999,0.4982910899800345,9864.0,0.0,0.10344827586206896,0.5172413793103449,GNB3(430); RHO(245); ATF6(237); GUCY2D(106); CNGA3(80)
Color blindness,knowledge_full,9,9,1.0,44.0,68.77777777777777,111.40000000000003,0.38341410877759824,9864.0,0.0,0.1111111111111111,0.5555555555555556,ATF6(237); CNGA3(80); OPN1LW(65); CNGB3(59); GNAT2(44)
Blindness,knowledge_full,9,9,1.0,44.0,68.77777777777777,111.40000000000003,0.38341410877759824,9864.0,0.0,0.1111111111111111,0.5555555555555556,ATF6(237); CNGA3(80); OPN1LW(65); CNGB3(59); GNAT2(44)
ICD10:H535,knowledge_full,9,9,1.0,44.0,68.77777777777777,111.40000000000003,0.38341410877759824,9864.0,0.0,0.1111111111111111,0.5555555555555556,ATF6(237); CNGA3(80); OPN1LW(65); CNGB3(59); GNAT2(44)
ICD10:H54,knowledge_full,9,9,1.0,44.0,68.77777777777777,111.40000000000003,0.38341410877759824,9864.0,0.0,0.1111111111111111,0.5555555555555556,ATF6(237); CNGA3(80); OPN1LW(65); CNGB3(59); GNAT2(44)
Neurodegeneration with brain iron accumulation 4,knowledge_full,1,1,1.0,44.0,44.0,44.0,0.0,9894.0,0.0,0.0,1.0,C19ORF12(44)
Neuronal ceroid lipofuscinosis 7,knowledge_full,1,1,1.0,44.0,44.0,44.0,0.0,9810.0,0.0,0.0,1.0,MFSD8(44)
Visceral heterotaxy,knowledge_full,28,26,0.9285714285714286,43.5,108.32352941176471,245.29999999999998,0.6108431425787801,9898.5,0.058823529411764705,0.14705882352941177,0.5,SMAD2(736); SMAD2(736); GATA4(325); NAT10(254); NKX2-5(225)
Joubert syndrome,knowledge_full,34,33,0.9705882352941176,43.0,50.27272727272727,86.00000000000001,0.2992675397738689,10064.0,0.0,0.0,0.48484848484848486,CEP290(168); OFD1(122); NPHP1(93); AHI1(89); RPGRIP1L(74)
Poikiloderma with neutropenia,knowledge_full,1,1,1.0,43.0,43.0,43.0,0.0,9974.0,0.0,0.0,1.0,USB1(43)
Kaufman oculocerebrofacial syndrome,knowledge_full,1,1,1.0,43.0,43.0,43.0,0.0,10031.0,0.0,0.0,0.0,UBE3B(43)
scalp-ear-nipple syndrome,knowledge_full,1,1,1.0,43.0,43.0,43.0,0.0,10001.0,0.0,0.0,0.0,KCTD1(43)
Multiple mitochondrial dysfunctions syndrome,knowledge_full,2,2,1.0,42.5,42.5,50.9,0.12352941176470589,10267.0,0.0,0.0,0.5,NFU1(53); BOLA3(32)
Asphyxiating thoracic dystrophy,knowledge_full,11,9,0.8181818181818182,42.0,47.0,56.899999999999984,0.15617021276595738,10160.0,0.0,0.0,0.4,DYNC2H1(92); CSPP1(53); CEP120(47); WDR35(46); IFT172(42)
ICD10:Q772,knowledge_full,11,9,0.8181818181818182,42.0,47.0,56.899999999999984,0.15617021276595738,10160.0,0.0,0.0,0.4,DYNC2H1(92); CSPP1(53); CEP120(47); WDR35(46); IFT172(42)
Coenzyme Q10 deficiency disease,knowledge_full,9,9,1.0,42.0,48.55555555555556,62.400000000000006,0.1301805237732011,10099.0,0.0,0.0,0.3333333333333333,COQ8A(84); COQ8B(57); COQ2(50); PDSS2(43); COQ4(42)
Hereditary spastic paraplegia 15,knowledge_full,1,1,1.0,42.0,42.0,42.0,0.0,10230.0,0.0,0.0,0.0,ZFYVE26(42)
Hypomyelinating leukodystrophy 2,knowledge_full,1,1,1.0,42.0,42.0,42.0,0.0,10139.0,0.0,0.0,0.0,GJC2(42)
short-rib thoracic dysplasia 9 with or without polydactyly,knowledge_full,1,1,1.0,42.0,42.0,42.0,0.0,10191.0,0.0,0.0,0.0,IFT140(42)
Congenital stationary night blindness,knowledge_full,15,15,1.0,41.5,70.95,119.9000000000002,0.5398520084566596,10369.0,0.0,0.1,0.5,GNB3(430); RHO(245); GUCY2D(106); CACNA1F(80); TRPM1(61)
Hereditary night blindness,knowledge_full,15,15,1.0,41.5,70.95,119.9000000000002,0.5398520084566596,10369.0,0.0,0.1,0.5,GNB3(430); RHO(245); GUCY2D(106); CACNA1F(80); TRPM1(61)
Night blindness,knowledge_full,15,15,1.0,41.5,70.95,119.9000000000002,0.5398520084566596,10369.0,0.0,0.1,0.5,GNB3(430); RHO(245); GUCY2D(106); CACNA1F(80); TRPM1(61)
ICD10:H536,knowledge_full,15,15,1.0,41.5,70.95,119.9000000000002,0.5398520084566596,10369.0,0.0,0.1,0.5,GNB3(430); RHO(245); GUCY2D(106); CACNA1F(80); TRPM1(61)
Klippel-Feil syndrome,knowledge_full,4,4,1.0,41.5,40.75,47.5,0.0904907975460123,10277.0,0.0,0.0,0.5,GDF6(49); MEOX1(44); MYO18B(39); GDF3(31)
ICD10:Q76,knowledge_full,4,4,1.0,41.5,40.75,47.5,0.0904907975460123,10277.0,0.0,0.0,0.5,GDF6(49); MEOX1(44); MYO18B(39); GDF3(31)
ICD10:Q761,knowledge_full,4,4,1.0,41.5,40.75,47.5,0.0904907975460123,10277.0,0.0,0.0,0.5,GDF6(49); MEOX1(44); MYO18B(39); GDF3(31)
Peeling skin syndrome,knowledge_full,1,1,1.0,41.0,41.0,41.0,0.0,10314.0,0.0,0.0,0.0,TGM5(41)
Peeling skin syndrome 2,knowledge_full,1,1,1.0,41.0,41.0,41.0,0.0,10314.0,0.0,0.0,0.0,TGM5(41)
Histidinemia,knowledge_full,1,1,1.0,41.0,41.0,41.0,0.0,10321.0,0.0,0.0,0.0,HAL(41)
Histidine metabolism disease,knowledge_full,1,1,1.0,41.0,41.0,41.0,0.0,10321.0,0.0,0.0,0.0,HAL(41)
ICD10:E708,knowledge_full,1,1,1.0,41.0,41.0,41.0,0.0,10321.0,0.0,0.0,0.0,HAL(41)
Kawasaki disease,knowledge_full,1,1,1.0,41.0,41.0,41.0,0.0,10281.0,0.0,0.0,0.0,ITPKC(41)
Lymphadenitis,knowledge_full,1,1,1.0,41.0,41.0,41.0,0.0,10281.0,0.0,0.0,0.0,ITPKC(41)
Lymph node disease,knowledge_full,1,1,1.0,41.0,41.0,41.0,0.0,10281.0,0.0,0.0,0.0,ITPKC(41)
ICD10:I88,knowledge_full,1,1,1.0,41.0,41.0,41.0,0.0,10281.0,0.0,0.0,0.0,ITPKC(41)
ICD10:L0,knowledge_full,1,1,1.0,41.0,41.0,41.0,0.0,10281.0,0.0,0.0,0.0,ITPKC(41)
ICD10:L04,knowledge_full,1,1,1.0,41.0,41.0,41.0,0.0,10281.0,0.0,0.0,0.0,ITPKC(41)
McLeod syndrome,knowledge_full,1,1,1.0,41.0,41.0,41.0,0.0,10357.0,0.0,0.0,0.0,XK(41)
Combined malonic and methylmalonic acidemia,knowledge_full,1,1,1.0,41.0,41.0,41.0,0.0,10364.0,0.0,0.0,0.0,ACSF3(41)
Cranioectodermal dysplasia,knowledge_full,4,4,1.0,40.5,38.5,44.8,0.09740259740259738,10353.5,0.0,0.0,0.25,WDR35(46); WDR19(42); IFT122(39); IFT43(27)
Optic nerve disease,knowledge_full,14,4,0.2857142857142857,40.0,67.25,129.90000000000003,0.4079925650557621,10613.0,0.0,0.0,0.5,NDUFS2(165); OPA3(48); DNAJC30(32); PRICKLE3(24)
Tyrosinemia,knowledge_full,3,3,1.0,40.0,47.333333333333336,62.4,0.15962441314553985,10462.0,0.0,0.0,0.3333333333333333,FAH(68); TAT(40); HPD(34)
Peters plus syndrome,knowledge_full,1,1,1.0,40.0,40.0,40.0,0.0,10444.0,0.0,0.0,0.0,B3GLCT(40)
3-methylglutaconic aciduria type 1,knowledge_full,1,1,1.0,40.0,40.0,40.0,0.0,10419.0,0.0,0.0,0.0,AUH(40)
Acrofacial dysostosis,knowledge_full,3,3,1.0,39.0,92.0,167.0,0.38888888888888884,10701.0,0.0,0.0,0.3333333333333333,SF3B4(199); EVC(39); EVC2(38)
Meesmann corneal dystrophy,knowledge_full,2,2,1.0,39.0,39.0,42.2,0.05128205128205132,10744.5,0.0,0.0,0.0,KRT3(43); KRT12(35)
cold-induced sweating syndrome,knowledge_full,2,2,1.0,39.0,39.0,40.6,0.02564102564102555,10637.5,0.0,0.0,0.0,CRLF1(41); CLCF1(37)
Neuronal ceroid lipofuscinosis 8,knowledge_full,1,1,1.0,39.0,39.0,39.0,0.0,10668.0,0.0,0.0,0.0,CLN8(39)
Weyers acrofacial dysostosis,knowledge_full,2,2,1.0,38.5,38.5,38.9,0.006493506493506551,10787.0,0.0,0.0,0.0,EVC(39); EVC2(38)
Ellis-Van Creveld syndrome,knowledge_full,2,2,1.0,38.5,38.5,38.9,0.006493506493506551,10787.0,0.0,0.0,0.0,EVC(39); EVC2(38)
ICD10:Q776,knowledge_full,2,2,1.0,38.5,38.5,38.9,0.006493506493506551,10787.0,0.0,0.0,0.0,EVC(39); EVC2(38)
Autosomal recessive congenital ichthyosis,knowledge_full,10,10,1.0,38.0,55.714285714285715,113.10000000000008,0.4089743589743589,10790.0,0.0,0.0,0.42857142857142855,TGM1(185); CASP14(135); ABCA12(62); ABCA12(62); ABCA12(62)
Meckel syndrome,knowledge_full,8,8,1.0,38.0,55.125,102.19999999999999,0.3959750566893424,10826.0,0.0,0.0,0.375,CEP290(168); RPGRIP1L(74); TMEM67(56); MKS1(42); CC2D2A(34)
3MC syndrome,knowledge_full,3,3,1.0,38.0,72.0,121.2,0.32716049382716045,10829.0,0.0,0.0,0.3333333333333333,MASP1(142); COLEC11(38); COLEC10(36)
"T-cell immunodeficiency, congenital alopecia, and nail dystrophy",knowledge_full,1,1,1.0,37.0,37.0,37.0,0.0,10982.0,0.0,0.0,0.0,FOXN1(37)
N-acetylglutamate synthase deficiency,knowledge_full,1,1,1.0,37.0,37.0,37.0,0.0,10949.0,0.0,0.0,0.0,NAGS(37)
Congenital bile acid synthesis defect,knowledge_full,2,2,1.0,35.5,35.5,43.1,0.1338028169014085,11557.0,0.0,0.0,0.5,AKR1D1(45); HSD3B7(26)
Methylmalonic acidemia,knowledge_full,5,5,1.0,35.0,54.8,100.0,0.35036496350364954,11303.0,0.0,0.0,0.4,MMUT(118); MMAB(73); MMADHC(35); MMAA(27); MCEE(21)
Native American myopathy,knowledge_full,1,1,1.0,35.0,35.0,35.0,0.0,11282.0,0.0,0.0,0.0,STAC3(35)
"3-methylglutaconic aciduria with deafness, encephalopathy, and Leigh-like syndrome",knowledge_full,1,1,1.0,35.0,35.0,35.0,0.0,11372.0,0.0,0.0,0.0,SERAC1(35)
Ciliopathy,knowledge_full,93,82,0.8817204301075269,34.0,52.656488549618324,74.0,0.4867568650278098,11484.0,0.015267175572519083,0.022900763358778626,0.32061068702290074,TP73(693); TP73(693); TUBB4B(337); RPGR(183); CEP290(168)
Frontonasal dysplasia,knowledge_full,3,3,1.0,34.0,34.0,45.2,0.18300653594771235,11554.0,0.0,0.0,0.3333333333333333,ALX4(48); ALX1(34); ALX3(20)
Patau syndrome,knowledge_full,1,1,1.0,34.0,34.0,34.0,0.0,11526.0,0.0,0.0,0.0,AADAC(34)
ICD10:Q917,knowledge_full,1,1,1.0,34.0,34.0,34.0,0.0,11526.0,0.0,0.0,0.0,AADAC(34)
Woodhouse-Sakati syndrome,knowledge_full,1,1,1.0,34.0,34.0,34.0,0.0,11543.0,0.0,0.0,0.0,DCAF17(34)
Leber hereditary optic neuropathy,knowledge_full,13,3,0.23076923076923078,32.0,73.66666666666667,138.4,0.4253393665158371,11946.0,0.0,0.0,0.3333333333333333,NDUFS2(165); DNAJC30(32); PRICKLE3(24)
Hartnup disease,knowledge_full,1,1,1.0,32.0,32.0,32.0,0.0,11959.0,0.0,0.0,0.0,SLC6A19(32)
Primary ciliary dyskinesia,knowledge_full,61,51,0.8360655737704918,30.0,53.31111111111111,65.50000000000004,0.5432541336668056,12427.0,0.022222222222222223,0.03333333333333333,0.25555555555555554,TP73(693); TP73(693); TUBB4B(337); RPGR(183); CENPF(161)
Congenital disorder of glycosylation type I,knowledge_full,3,3,1.0,30.0,56.0,96.4,0.34920634920634913,12482.0,0.0,0.0,0.3333333333333333,PMM2(113); ALG12(30); DOLK(25)
Congenital disorder of glycosylation Ig,knowledge_full,1,1,1.0,30.0,30.0,30.0,0.0,12482.0,0.0,0.0,0.0,ALG12(30)
Glutamate formiminotransferase deficiency,knowledge_full,1,1,1.0,30.0,30.0,30.0,0.0,12389.0,0.0,0.0,0.0,FTCD(30)
X-linked chondrodysplasia punctata 1,knowledge_full,1,1,1.0,30.0,30.0,30.0,0.0,12525.0,0.0,0.0,0.0,ARSL(30)
Pyrimidine metabolic disorder,knowledge_full,1,1,1.0,29.0,29.0,29.0,0.0,12639.0,0.0,0.0,0.0,DPYS(29)
Dihydropyrimidinase deficiency,knowledge_full,1,1,1.0,29.0,29.0,29.0,0.0,12639.0,0.0,0.0,0.0,DPYS(29)
Hereditary spastic paraplegia 49,knowledge_full,1,1,1.0,29.0,29.0,29.0,0.0,12544.0,0.0,0.0,0.0,TECPR2(29)
Calcifying Epithelial Odontogenic Tumor,knowledge_full,1,1,1.0,27.0,27.0,27.0,0.0,13145.0,0.0,0.0,0.0,ODAM(27)
Bone benign neoplasm,knowledge_full,1,1,1.0,27.0,27.0,27.0,0.0,13145.0,0.0,0.0,0.0,ODAM(27)
ICD10:D16,knowledge_full,1,1,1.0,27.0,27.0,27.0,0.0,13145.0,0.0,0.0,0.0,ODAM(27)
High myopia-sensorineural deafness syndrome,knowledge_full,1,1,1.0,27.0,27.0,27.0,0.0,13099.0,0.0,0.0,0.0,SLITRK6(27)
Congenital stationary night blindness 1B,knowledge_full,6,6,1.0,26.0,28.333333333333332,46.5,0.30588235294117644,13341.0,0.0,0.0,0.16666666666666666,TRPM1(61); GRM6(32); CABP4(28); SLC24A1(24); GPR179(16)
Bradyopsia,knowledge_full,2,2,1.0,26.0,26.0,35.6,0.23076923076923084,13922.5,0.0,0.0,0.0,RGS9(38); RGS9BP(14)
Spermatogenic failure 9,knowledge_full,1,1,1.0,26.0,26.0,26.0,0.0,13494.0,0.0,0.0,0.0,DPY19L2(26)
Male infertility due to globozoospermia,knowledge_full,1,1,1.0,26.0,26.0,26.0,0.0,13494.0,0.0,0.0,0.0,DPY19L2(26)
Congenital disorder of glycosylation Im,knowledge_full,1,1,1.0,25.0,25.0,25.0,0.0,13730.0,0.0,0.0,0.0,DOLK(25)
Spondylocostal dysostosis,knowledge_full,6,6,1.0,23.0,27.428571428571427,41.0,0.193452380952381,14171.0,0.0,0.0,0.14285714285714285,DLL3(44); TBX6(39); LFNG(30); HES7(23); RIPPLY2(20)
Autosomal recessive intellectual developmental disorder,knowledge_full,3,3,1.0,23.0,25.333333333333332,31.8,0.1315789473684211,14208.0,0.0,0.0,0.0,PIGO(34); PGAP2(23); PIGV(19)
Hyperphosphatasia with impaired intellectual development syndrome,knowledge_full,3,3,1.0,23.0,25.333333333333332,31.8,0.1315789473684211,14208.0,0.0,0.0,0.0,PIGO(34); PGAP2(23); PIGV(19)
Nonsyndromic congenital nail disorder 4,knowledge_full,1,1,1.0,23.0,23.0,23.0,0.0,14076.0,0.0,0.0,0.0,RSPO4(23)
NARP syndrome,knowledge_full,1,0,0.0,,,,,,,,,
MELAS syndrome,knowledge_full,7,0,0.0,,,,,,,,,
Mitochondrial encephalomyopathy,knowledge_full,13,0,0.0,,,,,,,,,
Barth syndrome,knowledge_full,1,0,0.0,,,,,,,,,
MERRF syndrome,knowledge_full,8,0,0.0,,,,,,,,,
